solid Created by Gmsh
facet normal -0.707461 0.706751 0.00117412
  outer loop
    vertex 110.4077635626459 88.56118593954163 5.614378403368892
    vertex 111.3043955020772 89.46117963738855 4.133333333333335
    vertex 110.4054384416475 88.56118024168141 4.216820609425836
  endloop
endfacet
facet normal 0.706751 0.707461 -0.00117871
  outer loop
    vertex 109.5043955020815 89.46117963738855 4.133333333333335
    vertex 110.4077635626459 88.56118593954163 5.614378403368892
    vertex 110.4054384416475 88.56118024168141 4.216820609425836
  endloop
endfacet
facet normal 0.705782 0.708429 -0
  outer loop
    vertex 109.5043955020815 89.46117963738855 4.133333333333335
    vertex 109.5043955020815 89.46117963738855 6.066666666666667
    vertex 110.4077635626459 88.56118593954163 5.614378403368892
  endloop
endfacet
facet normal -0.708429 0.705782 0
  outer loop
    vertex 111.3043955020772 89.46117963738855 6.066666666666667
    vertex 111.3043955020772 89.46117963738855 4.133333333333335
    vertex 110.4077635626459 88.56118593954163 5.614378403368892
  endloop
endfacet
facet normal 0.706724 0.707489 -0.000591522
  outer loop
    vertex 110.4043955020793 88.56117963739069 2.970039709448803
    vertex 109.5043955020815 89.46117963738855 4.133333333333335
    vertex 110.4054384416475 88.56118024168141 4.216820609425836
  endloop
endfacet
facet normal -0.707489 0.706724 0.000591476
  outer loop
    vertex 111.3043955020772 89.46117963738855 4.133333333333335
    vertex 110.4043955020793 88.56117963739069 2.970039709448803
    vertex 110.4054384416475 88.56118024168141 4.216820609425836
  endloop
endfacet
facet normal 0.70482 0.709376 -0.00380845
  outer loop
    vertex 109.5043955020815 89.46117963738855 6.066666666666667
    vertex 110.4164496700567 88.56126036488101 7.235756228429637
    vertex 110.4077635626459 88.56118593954163 5.614378403368892
  endloop
endfacet
facet normal -0.70937 0.704826 0.00376791
  outer loop
    vertex 110.4164496700567 88.56126036488101 7.235756228429637
    vertex 111.3043955020772 89.46117963738855 6.066666666666667
    vertex 110.4077635626459 88.56118593954163 5.614378403368892
  endloop
endfacet
facet normal 0 0.987961 0.154701
  outer loop
    vertex 110.8543955020782 88.68175677398442 2.200000000000001
    vertex 109.9543955020804 88.68175677398442 2.200000000000001
    vertex 110.4043955020793 88.56117963739069 2.970039709448803
  endloop
endfacet
facet normal -0.0132352 0.988088 -0.15332
  outer loop
    vertex 109.968385889579 88.6738451355385 8
    vertex 110.8613371552183 88.68580596900489 8
    vertex 110.4164496700567 88.56126036488101 7.235756228429637
  endloop
endfacet
facet normal 0.99991 0.0133935 0
  outer loop
    vertex 109.5047183975606 89.43707346388425 8
    vertex 109.5043955020815 89.46117963738855 6.066666666666667
    vertex 109.5043955020815 89.46117963738855 8
  endloop
endfacet
facet normal 0.696571 0.717434 0.00882914
  outer loop
    vertex 109.5043955020815 89.46117963738855 6.066666666666667
    vertex 109.5047183975606 89.43707346388425 8
    vertex 110.4164496700567 88.56126036488101 7.235756228429637
  endloop
endfacet
facet normal 0.786679 0.477914 0.390813
  outer loop
    vertex 109.5047183975606 89.43707346388425 8
    vertex 109.968385889579 88.6738451355385 8
    vertex 110.4164496700567 88.56126036488101 7.235756228429637
  endloop
endfacet
facet normal 0.707107 0.707107 -0
  outer loop
    vertex 109.5043955020815 89.46117963738855 2.200000000000001
    vertex 109.5043955020815 89.46117963738855 4.133333333333335
    vertex 110.4043955020793 88.56117963739069 2.970039709448803
  endloop
endfacet
facet normal 0.796225 0.459701 -0.39332
  outer loop
    vertex 109.9543955020804 88.68175677398442 2.200000000000001
    vertex 109.5043955020815 89.46117963738855 2.200000000000001
    vertex 110.4043955020793 88.56117963739069 2.970039709448803
  endloop
endfacet
facet normal -0.796225 0.459701 -0.39332
  outer loop
    vertex 111.3043955020772 89.46117963738855 2.200000000000001
    vertex 110.8543955020782 88.68175677398442 2.200000000000001
    vertex 110.4043955020793 88.56117963739069 2.970039709448803
  endloop
endfacet
facet normal -0.707107 0.707107 0
  outer loop
    vertex 111.3043955020772 89.46117963738855 4.133333333333335
    vertex 111.3043955020772 89.46117963738855 2.200000000000001
    vertex 110.4043955020793 88.56117963739069 2.970039709448803
  endloop
endfacet
facet normal -0.711826 0.702355 0
  outer loop
    vertex 111.3043955020772 89.46117963738855 8
    vertex 111.3043955020772 89.46117963738855 6.066666666666667
    vertex 110.4164496700567 88.56126036488101 7.235756228429637
  endloop
endfacet
facet normal -0.799197 0.456671 0.390813
  outer loop
    vertex 110.8613371552183 88.68580596900489 8
    vertex 111.3043955020772 89.46117963738855 8
    vertex 110.4164496700567 88.56126036488101 7.235756228429637
  endloop
endfacet
facet normal -0.909447 0.415819 0
  outer loop
    vertex 111.3043955020771 38.46117963738857 8
    vertex 111.3043955020771 38.46117963738857 6.066666666666667
    vertex 110.9931654833512 37.78048153312412 6.880444687499063
  endloop
endfacet
facet normal -0.924304 0.38081 0.0254159
  outer loop
    vertex 111.0431975802785 37.82719864013038 8
    vertex 111.3043955020771 38.46117963738857 8
    vertex 110.9931654833512 37.78048153312412 6.880444687499063
  endloop
endfacet
facet normal -0.728763 0.683886 0.0347196
  outer loop
    vertex 111.3043955020771 38.46117963738857 4.133333333333335
    vertex 110.4043955020793 37.56117963739075 2.970039709448771
    vertex 110.5082981997293 37.56719740634752 5.032419310820914
  endloop
endfacet
facet normal 0.138457 0.869546 0.474045
  outer loop
    vertex 109.5043955020815 38.46117963738857 6.066666666666667
    vertex 110.012148246505 37.65115365602099 7.404204586585987
    vertex 110.9931654833512 37.78048153312412 6.880444687499063
  endloop
endfacet
facet normal 0.682638 0.729843 -0.0365209
  outer loop
    vertex 110.4043955020793 37.56117963739075 2.970039709448771
    vertex 109.5043955020815 38.46117963738857 4.133333333333335
    vertex 110.5082981997293 37.56719740634752 5.032419310820914
  endloop
endfacet
facet normal -0.497442 0.867385 -0.0139641
  outer loop
    vertex 111.0431975802785 37.82719864013038 8
    vertex 110.9931654833512 37.78048153312412 6.880444687499063
    vertex 110.651831412195 37.59586150491861 7.572025569414849
  endloop
endfacet
facet normal 0.505401 0.832045 -0.22863
  outer loop
    vertex 109.5043955020815 38.46117963738857 6.066666666666667
    vertex 110.9931654833512 37.78048153312412 6.880444687499063
    vertex 110.5082981997293 37.56719740634752 5.032419310820914
  endloop
endfacet
facet normal -0.818457 0.554439 0.15075
  outer loop
    vertex 110.9931654833512 37.78048153312412 6.880444687499063
    vertex 111.3043955020771 38.46117963738857 6.066666666666667
    vertex 110.5082981997293 37.56719740634752 5.032419310820914
  endloop
endfacet
facet normal -0.746809 0.665039 0
  outer loop
    vertex 111.3043955020771 38.46117963738857 6.066666666666667
    vertex 111.3043955020771 38.46117963738857 4.133333333333335
    vertex 110.5082981997293 37.56719740634752 5.032419310820914
  endloop
endfacet
facet normal 0.665039 0.746809 -0
  outer loop
    vertex 109.5043955020815 38.46117963738857 4.133333333333335
    vertex 109.5043955020815 38.46117963738857 6.066666666666667
    vertex 110.5082981997293 37.56719740634752 5.032419310820914
  endloop
endfacet
facet normal 0 0.987961 0.154701
  outer loop
    vertex 110.8543955020782 37.68175677398446 2.200000000000001
    vertex 109.9543955020804 37.68175677398446 2.200000000000001
    vertex 110.4043955020793 37.56117963739075 2.970039709448771
  endloop
endfacet
facet normal 0.0140032 0.964327 0.264342
  outer loop
    vertex 110.9931654833512 37.78048153312412 6.880444687499063
    vertex 110.012148246505 37.65115365602099 7.404204586585987
    vertex 110.651831412195 37.59586150491861 7.572025569414849
  endloop
endfacet
facet normal 0.375041 0.920183 -0.112282
  outer loop
    vertex 109.7704145048211 37.8223775591894 8
    vertex 110.4112134912205 37.56120546274791 8
    vertex 110.012148246505 37.65115365602099 7.404204586585987
  endloop
endfacet
facet normal -0.383995 0.912349 -0.142012
  outer loop
    vertex 110.4112134912205 37.56120546274791 8
    vertex 111.0431975802785 37.82719864013038 8
    vertex 110.651831412195 37.59586150491861 7.572025569414849
  endloop
endfacet
facet normal 0.0563641 0.992105 0.112027
  outer loop
    vertex 110.012148246505 37.65115365602099 7.404204586585987
    vertex 110.4112134912205 37.56120546274791 8
    vertex 110.651831412195 37.59586150491861 7.572025569414849
  endloop
endfacet
facet normal 0.892557 0.371691 0.25532
  outer loop
    vertex 109.5043955020815 38.46117963738857 8
    vertex 109.7704145048211 37.8223775591894 8
    vertex 110.012148246505 37.65115365602099 7.404204586585987
  endloop
endfacet
facet normal 0.847299 0.531117 -0
  outer loop
    vertex 109.5043955020815 38.46117963738857 6.066666666666667
    vertex 109.5043955020815 38.46117963738857 8
    vertex 110.012148246505 37.65115365602099 7.404204586585987
  endloop
endfacet
facet normal 0.707107 0.707107 -0
  outer loop
    vertex 109.5043955020815 38.46117963738857 2.200000000000001
    vertex 109.5043955020815 38.46117963738857 4.133333333333335
    vertex 110.4043955020793 37.56117963739075 2.970039709448771
  endloop
endfacet
facet normal 0.796225 0.459701 -0.39332
  outer loop
    vertex 109.9543955020804 37.68175677398446 2.200000000000001
    vertex 109.5043955020815 38.46117963738857 2.200000000000001
    vertex 110.4043955020793 37.56117963739075 2.970039709448771
  endloop
endfacet
facet normal -0.796225 0.459701 -0.39332
  outer loop
    vertex 111.3043955020771 38.46117963738857 2.200000000000001
    vertex 110.8543955020782 37.68175677398446 2.200000000000001
    vertex 110.4043955020793 37.56117963739075 2.970039709448771
  endloop
endfacet
facet normal -0.707107 0.707107 0
  outer loop
    vertex 111.3043955020771 38.46117963738857 4.133333333333335
    vertex 111.3043955020771 38.46117963738857 2.200000000000001
    vertex 110.4043955020793 37.56117963739075 2.970039709448771
  endloop
endfacet
facet normal 1 -3.6055e-12 -2.13163e-13
  outer loop
    vertex 113.904395502082 88.64158368810058 8
    vertex 113.9043955020791 87.90334214372049 7.020189265136261
    vertex 113.9043955020816 88.64158368810058 6.066666666666658
  endloop
endfacet
facet normal 1 2.14376e-12 4.85129e-12
  outer loop
    vertex 113.9043955020843 39.28077558667979 6.066666666666667
    vertex 113.9043955020781 40.01935478056237 7.020393103344384
    vertex 113.9043955020749 39.28077558667979 8
  endloop
endfacet
facet normal 1 4.81533e-12 -8.18471e-13
  outer loop
    vertex 113.9043955020751 87.6263816627453 2.200000000000001
    vertex 113.904395502076 87.6245908650031 3.300676226987392
    vertex 113.90439550208 86.61117963739001 2.2
  endloop
endfacet
facet normal 1 -9.95262e-12 -8.10113e-13
  outer loop
    vertex 113.9043955020842 41.31117963739 2.2
    vertex 113.904395502075 40.29776840977711 3.30067622698739
    vertex 113.9043955020741 40.2959776120349 2.200000000000001
  endloop
endfacet
facet normal 1 -1.39981e-14 -8.26328e-13
  outer loop
    vertex 113.9043955020751 88.64158368810058 2.200000000000001
    vertex 113.904395502076 87.6245908650031 3.300676226987392
    vertex 113.9043955020751 87.6263816627453 2.200000000000001
  endloop
endfacet
facet normal 1 -1.39981e-14 -8.26283e-13
  outer loop
    vertex 113.9043955020741 40.2959776120349 2.200000000000001
    vertex 113.904395502075 40.29776840977711 3.30067622698739
    vertex 113.9043955020741 39.2807755866798 2.200000000000001
  endloop
endfacet
facet normal 1 4.81953e-12 -5.29232e-12
  outer loop
    vertex 113.9043955020741 39.2807755866798 2.200000000000001
    vertex 113.904395502075 40.29776840977711 3.30067622698739
    vertex 113.9043955020843 39.28077558667979 4.133333333333335
  endloop
endfacet
facet normal 1 -2.73933e-12 -3.34445e-12
  outer loop
    vertex 113.9043955020816 88.64158368810058 4.133333333333329
    vertex 113.904395502076 87.6245908650031 3.300676226987392
    vertex 113.9043955020751 88.64158368810058 2.200000000000001
  endloop
endfacet
facet normal 1 -6.66821e-12 2.2139e-12
  outer loop
    vertex 113.90439550208 41.31117963739 4.1
    vertex 113.904395502075 40.29776840977711 3.30067622698739
    vertex 113.9043955020842 41.31117963739 2.2
  endloop
endfacet
facet normal 1 3.92638e-12 -0
  outer loop
    vertex 113.90439550208 86.61117963739001 2.2
    vertex 113.904395502076 87.6245908650031 3.300676226987392
    vertex 113.90439550208 86.61117963739001 4.1
  endloop
endfacet
facet normal 1 1.2515e-13 6.57609e-13
  outer loop
    vertex 113.9043955020787 42.36864769691581 7.722034061388977
    vertex 113.9043955020788 40.80773644142699 7.867821916564475
    vertex 113.90439550208 41.31117963739 6
  endloop
endfacet
facet normal 1 -1.13133e-13 1.29499e-13
  outer loop
    vertex 113.90439550208 86.61117963739001 6
    vertex 113.9043955020798 87.1126666795879 7.864689657123228
    vertex 113.9043955020797 85.55727728943621 7.712974415330137
  endloop
endfacet
facet normal 1 -1.44456e-12 1.48809e-13
  outer loop
    vertex 113.904395502082 88.64158368810058 8
    vertex 113.9043955020807 87.83060310464177 8.913196256928927
    vertex 113.9043955020798 87.1126666795879 7.864689657123228
  endloop
endfacet
facet normal 1 -2.78164e-12 -2.67577e-12
  outer loop
    vertex 113.9043955020788 40.80773644142699 7.867821916564475
    vertex 113.9043955020797 40.10091480730296 8.926575813080548
    vertex 113.9043955020749 39.28077558667979 8
  endloop
endfacet
facet normal 1 -1.73446e-14 -8.29543e-13
  outer loop
    vertex 113.9043955020801 41.25122726241113 9.433583595349209
    vertex 113.9043955020806 39.5690465703924 9.965552979547228
    vertex 113.9043955020797 40.10091480730296 8.926575813080548
  endloop
endfacet
facet normal 1 -2.11187e-14 -8.35144e-13
  outer loop
    vertex 113.9043955020807 87.83060310464177 8.913196256928927
    vertex 113.9043955020816 88.35968799435358 9.988844397351505
    vertex 113.9043955020811 86.65520615198052 9.419368541316024
  endloop
endfacet
facet normal 1 -1.63153e-14 -8.38229e-13
  outer loop
    vertex 113.9043955020824 85.58062408728351 11.00000000000085
    vertex 113.904395502081 84.62862586698677 9.357093330501314
    vertex 113.9043955020811 86.65520615198052 9.419368541316024
  endloop
endfacet
facet normal 1 -7.21522e-15 7.38891e-13
  outer loop
    vertex 113.90439550208 43.28074485478131 6
    vertex 113.9043955020787 42.36864769691581 7.722034061388977
    vertex 113.90439550208 41.31117963739 6
  endloop
endfacet
facet normal 1 7.21522e-15 2.03543e-13
  outer loop
    vertex 113.90439550208 86.61117963739001 6
    vertex 113.9043955020797 85.55727728943621 7.712974415330137
    vertex 113.90439550208 84.6416144199987 6
  endloop
endfacet
facet normal 1 -3.96045e-14 -8.2423e-13
  outer loop
    vertex 113.9043955020812 89.51143216908291 9.500000000000423
    vertex 113.9043955020807 88.7709478250524 8.880408130856171
    vertex 113.90439550208 89.51143216908321 8
  endloop
endfacet
facet normal 1 6.08807e-13 -9.4739e-14
  outer loop
    vertex 113.90439550208 38.41092710569364 8
    vertex 113.9043955020796 39.15451823515258 8.878425758525641
    vertex 113.9043955020801 38.41092710569406 9.500000000000423
  endloop
endfacet
facet normal 1 -2.16915e-14 -8.37686e-13
  outer loop
    vertex 113.9043955020814 40.37633114659401 11.00000000000085
    vertex 113.9043955020801 41.25122726241113 9.433583595349209
    vertex 113.9043955020815 42.34173518749355 11.00000000000085
  endloop
endfacet
facet normal 1 -2.16915e-14 -8.41884e-13
  outer loop
    vertex 113.9043955020824 85.58062408728351 11.00000000000085
    vertex 113.9043955020811 86.65520615198052 9.419368541316024
    vertex 113.9043955020825 87.54602812818305 11.00000000000085
  endloop
endfacet
facet normal 1 -1.65535e-14 -8.30477e-13
  outer loop
    vertex 113.904395502081 84.62862586698677 9.357093330501314
    vertex 113.9043955020797 85.55727728943621 7.712974415330137
    vertex 113.9043955020811 86.65520615198052 9.419368541316024
  endloop
endfacet
facet normal 1 -2.09215e-14 -8.41114e-13
  outer loop
    vertex 113.9043955020815 44.30713922839308 11.00000000000085
    vertex 113.9043955020801 43.29611379969707 9.369410630400527
    vertex 113.9043955020801 45.27273605510998 9.320244960857892
  endloop
endfacet
facet normal 1 -2.06279e-14 -8.29308e-13
  outer loop
    vertex 113.9043955020801 43.29611379969707 9.369410630400527
    vertex 113.9043955020787 44.27146957699858 7.665842323475886
    vertex 113.9043955020801 45.27273605510998 9.320244960857892
  endloop
endfacet
facet normal 1 -1.93892e-14 -8.39289e-13
  outer loop
    vertex 113.9043955020801 41.25122726241113 9.433583595349209
    vertex 113.9043955020801 43.29611379969707 9.369410630400527
    vertex 113.9043955020815 42.34173518749355 11.00000000000085
  endloop
endfacet
facet normal 1 -1.23274e-12 2.91609e-13
  outer loop
    vertex 113.9043955020788 40.80773644142699 7.867821916564475
    vertex 113.9043955020781 40.01935478056237 7.020393103344384
    vertex 113.90439550208 41.31117963739 6
  endloop
endfacet
facet normal 1 7.524e-13 -1.03276e-13
  outer loop
    vertex 113.90439550208 86.61117963739001 6
    vertex 113.9043955020791 87.90334214372049 7.020189265136261
    vertex 113.9043955020798 87.1126666795879 7.864689657123228
  endloop
endfacet
facet normal 1 2.22814e-14 7.54515e-13
  outer loop
    vertex 113.90439550208 43.28074485478131 6
    vertex 113.9043955020787 44.27146957699858 7.665842323475886
    vertex 113.9043955020787 42.36864769691581 7.722034061388977
  endloop
endfacet
facet normal 1 -2.16915e-14 -8.35113e-13
  outer loop
    vertex 113.9043955020824 83.61522004638397 11.00000000000085
    vertex 113.904395502081 84.62862586698677 9.357093330501314
    vertex 113.9043955020824 85.58062408728351 11.00000000000085
  endloop
endfacet
facet normal 1 -2.54498e-14 -8.32744e-13
  outer loop
    vertex 113.9043955020809 82.64570984831576 9.315303362500499
    vertex 113.9043955020796 83.6501884507673 7.66342189140799
    vertex 113.904395502081 84.62862586698677 9.357093330501314
  endloop
endfacet
facet normal 1 -2.53523e-14 -8.37372e-13
  outer loop
    vertex 113.9043955020809 82.64570984831576 9.315303362500499
    vertex 113.904395502081 84.62862586698677 9.357093330501314
    vertex 113.9043955020824 83.61522004638397 11.00000000000085
  endloop
endfacet
facet normal 1 -2.45565e-14 -8.31558e-13
  outer loop
    vertex 113.9043955020787 42.36864769691581 7.722034061388977
    vertex 113.9043955020787 44.27146957699858 7.665842323475886
    vertex 113.9043955020801 43.29611379969707 9.369410630400527
  endloop
endfacet
facet normal 1 -1.92405e-14 -8.3455e-13
  outer loop
    vertex 113.9043955020801 41.25122726241113 9.433583595349209
    vertex 113.9043955020787 42.36864769691581 7.722034061388977
    vertex 113.9043955020801 43.29611379969707 9.369410630400527
  endloop
endfacet
facet normal 1 -1.88548e-14 -8.28734e-13
  outer loop
    vertex 113.9043955020809 82.64570984831576 9.315303362500499
    vertex 113.9043955020795 81.67270816915801 7.65696921969992
    vertex 113.9043955020796 83.6501884507673 7.66342189140799
  endloop
endfacet
facet normal 1 -5.08042e-14 2.34557e-13
  outer loop
    vertex 113.9043955020797 85.55727728943621 7.712974415330137
    vertex 113.9043955020796 83.6501884507673 7.66342189140799
    vertex 113.90439550208 84.6416144199987 6
  endloop
endfacet
facet normal 1 -2.07055e-14 -8.35647e-13
  outer loop
    vertex 113.9043955020805 62.93168152125801 9.32492791031952
    vertex 113.9043955020806 64.99067775351975 9.324927910320005
    vertex 113.9043955020819 63.96117963738848 11.00000000000085
  endloop
endfacet
facet normal 1 -2.24663e-14 2.78048e-13
  outer loop
    vertex 113.9043955020796 83.6501884507673 7.66342189140799
    vertex 113.9043955020795 81.67270816915801 7.65696921969992
    vertex 113.90439550208 82.6720492026074 6
  endloop
endfacet
facet normal 1 -1.25584e-12 -1.98352e-12
  outer loop
    vertex 113.9043955020798 87.1126666795879 7.864689657123228
    vertex 113.9043955020791 87.90334214372049 7.020189265136261
    vertex 113.904395502082 88.64158368810058 8
  endloop
endfacet
facet normal 1 -2.42848e-12 1.40403e-12
  outer loop
    vertex 113.9043955020749 39.28077558667979 8
    vertex 113.9043955020781 40.01935478056237 7.020393103344384
    vertex 113.9043955020788 40.80773644142699 7.867821916564475
  endloop
endfacet
facet normal 1 -1.95397e-14 -8.36484e-13
  outer loop
    vertex 113.9043955020814 40.37633114659401 11.00000000000085
    vertex 113.9043955020806 39.5690465703924 9.965552979547228
    vertex 113.9043955020801 41.25122726241113 9.433583595349209
  endloop
endfacet
facet normal 1 -1.82117e-14 -8.43845e-13
  outer loop
    vertex 113.9043955020811 86.65520615198052 9.419368541316024
    vertex 113.9043955020816 88.35968799435358 9.988844397351505
    vertex 113.9043955020825 87.54602812818305 11.00000000000085
  endloop
endfacet
facet normal 1 -2.16915e-14 -8.40637e-13
  outer loop
    vertex 113.9043955020815 42.34173518749355 11.00000000000085
    vertex 113.9043955020801 43.29611379969707 9.369410630400527
    vertex 113.9043955020815 44.30713922839308 11.00000000000085
  endloop
endfacet
facet normal 1 -2.30359e-14 -8.34139e-13
  outer loop
    vertex 113.904395502081 84.62862586698677 9.357093330501314
    vertex 113.9043955020796 83.6501884507673 7.66342189140799
    vertex 113.9043955020797 85.55727728943621 7.712974415330137
  endloop
endfacet
facet normal 1 -1.96927e-14 -8.28458e-13
  outer loop
    vertex 113.9043955020797 85.55727728943621 7.712974415330137
    vertex 113.9043955020798 87.1126666795879 7.864689657123228
    vertex 113.9043955020811 86.65520615198052 9.419368541316024
  endloop
endfacet
facet normal 1 2.30354e-12 1.14652e-12
  outer loop
    vertex 113.90439550208 89.51143216908321 8
    vertex 113.9043955020807 88.7709478250524 8.880408130856171
    vertex 113.904395502082 88.64158368810058 8
  endloop
endfacet
facet normal 1 5.81603e-12 -4.50267e-12
  outer loop
    vertex 113.9043955020749 39.28077558667979 8
    vertex 113.9043955020796 39.15451823515258 8.878425758525641
    vertex 113.90439550208 38.41092710569364 8
  endloop
endfacet
facet normal 1 -2.07055e-14 -8.31289e-13
  outer loop
    vertex 113.9043955020792 63.96117963738912 7.65816821581733
    vertex 113.9043955020806 64.99067775351975 9.324927910320005
    vertex 113.9043955020805 62.93168152125801 9.32492791031952
  endloop
endfacet
facet normal 1 0 5.22783e-13
  outer loop
    vertex 113.90439550208 64.94596224608566 6
    vertex 113.9043955020792 63.96117963738912 7.65816821581733
    vertex 113.90439550208 62.97639702869435 6
  endloop
endfacet
facet normal 1 -2.16915e-14 -8.39081e-13
  outer loop
    vertex 113.9043955020822 77.71900792368533 11.00000000000085
    vertex 113.9043955020808 78.70170994413509 9.297910171881252
    vertex 113.9043955020823 79.68441196458487 11.00000000000085
  endloop
endfacet
facet normal 1 -2.16915e-14 -8.39081e-13
  outer loop
    vertex 113.9043955020817 54.13415943289075 11.00000000000085
    vertex 113.9043955020803 55.11686145334051 9.297910171881247
    vertex 113.9043955020818 56.0995634737903 11.00000000000085
  endloop
endfacet
facet normal 1 -2.16915e-14 -8.39081e-13
  outer loop
    vertex 113.9043955020822 73.78819984188623 11.00000000000085
    vertex 113.9043955020807 74.770901862336 9.297910171881252
    vertex 113.9043955020822 75.75360388278577 11.00000000000085
  endloop
endfacet
facet normal 1 -2.16915e-14 -8.39081e-13
  outer loop
    vertex 113.9043955020822 75.75360388278577 11.00000000000085
    vertex 113.9043955020808 76.73630590323555 9.297910171881252
    vertex 113.9043955020822 77.71900792368533 11.00000000000085
  endloop
endfacet
facet normal 1 -2.16915e-14 -8.39478e-13
  outer loop
    vertex 113.9043955020823 81.64981600548441 11.00000000000085
    vertex 113.9043955020809 82.64570984831576 9.315303362500499
    vertex 113.9043955020824 83.61522004638397 11.00000000000085
  endloop
endfacet
facet normal 1 -2.16915e-14 -8.39081e-13
  outer loop
    vertex 113.9043955020821 69.85739176008713 11.00000000000085
    vertex 113.9043955020807 70.8400937805369 9.297910171881252
    vertex 113.9043955020821 71.82279580098668 11.00000000000085
  endloop
endfacet
facet normal 1 -2.16915e-14 -8.30732e-13
  outer loop
    vertex 113.904395502082 65.92658367828803 11.00000000000085
    vertex 113.9043955020806 66.90928569873779 9.297910171881252
    vertex 113.904395502082 67.89198771918758 11.00000000000085
  endloop
endfacet
facet normal 1 -2.16915e-14 -8.39081e-13
  outer loop
    vertex 113.9043955020821 71.82279580098668 11.00000000000085
    vertex 113.9043955020807 72.80549782143646 9.297910171881263
    vertex 113.9043955020822 73.78819984188623 11.00000000000085
  endloop
endfacet
facet normal 1 -2.16915e-14 -8.39081e-13
  outer loop
    vertex 113.9043955020817 50.20335135109168 11.00000000000085
    vertex 113.9043955020802 51.18605337154148 9.297910171881274
    vertex 113.9043955020817 52.16875539199123 11.00000000000085
  endloop
endfacet
facet normal 1 -2.16915e-14 -8.39401e-13
  outer loop
    vertex 113.9043955020816 46.27254326929262 11.00000000000085
    vertex 113.9043955020802 47.25320895715514 9.315541827292531
    vertex 113.9043955020816 48.23794731019215 11.00000000000085
  endloop
endfacet
facet normal 1 -2.16915e-14 -8.39081e-13
  outer loop
    vertex 113.9043955020818 56.0995634737903 11.00000000000085
    vertex 113.9043955020804 57.0822654942401 9.297910171881252
    vertex 113.9043955020818 58.06496751468984 11.00000000000085
  endloop
endfacet
facet normal 1 -2.16915e-14 -8.39081e-13
  outer loop
    vertex 113.9043955020817 52.16875539199123 11.00000000000085
    vertex 113.9043955020803 53.15145741244098 9.297910171881263
    vertex 113.9043955020817 54.13415943289075 11.00000000000085
  endloop
endfacet
facet normal 1 -2.16915e-14 -8.39081e-13
  outer loop
    vertex 113.9043955020816 48.23794731019215 11.00000000000085
    vertex 113.9043955020802 49.22064933064192 9.297910171881263
    vertex 113.9043955020817 50.20335135109168 11.00000000000085
  endloop
endfacet
facet normal 1 -2.16915e-14 -8.30732e-13
  outer loop
    vertex 113.9043955020819 60.03037155558938 11.00000000000085
    vertex 113.9043955020805 61.01307357603915 9.297910171881249
    vertex 113.9043955020819 61.99577559648893 11.00000000000085
  endloop
endfacet
facet normal 1 -2.16915e-14 -8.41557e-13
  outer loop
    vertex 113.9043955020815 44.30713922839308 11.00000000000085
    vertex 113.9043955020801 45.27273605510998 9.320244960857892
    vertex 113.9043955020816 46.27254326929262 11.00000000000085
  endloop
endfacet
facet normal 1 -2.16915e-14 -8.36731e-13
  outer loop
    vertex 113.9043955020823 79.68441196458487 11.00000000000085
    vertex 113.9043955020809 80.66823573863851 9.310084007518919
    vertex 113.9043955020823 81.64981600548441 11.00000000000085
  endloop
endfacet
facet normal 1 -2.16915e-14 -8.30732e-13
  outer loop
    vertex 113.904395502082 67.89198771918758 11.00000000000085
    vertex 113.9043955020806 68.87468973963735 9.297910171881243
    vertex 113.9043955020821 69.85739176008713 11.00000000000085
  endloop
endfacet
facet normal 1 -1.4461e-14 -8.34906e-13
  outer loop
    vertex 113.9043955020818 58.06496751468984 11.00000000000085
    vertex 113.9043955020804 59.0476695351396 9.297910171881334
    vertex 113.9043955020819 60.03037155558938 11.00000000000085
  endloop
endfacet
facet normal 1 -2.35224e-14 -8.40467e-13
  outer loop
    vertex 113.9043955020801 45.27273605510998 9.320244960857892
    vertex 113.9043955020802 47.25320895715514 9.315541827292531
    vertex 113.9043955020816 46.27254326929262 11.00000000000085
  endloop
endfacet
facet normal 1 -2.16915e-14 -8.39081e-13
  outer loop
    vertex 113.9043955020818 56.0995634737903 11.00000000000085
    vertex 113.9043955020803 55.11686145334051 9.297910171881247
    vertex 113.9043955020804 57.0822654942401 9.297910171881252
  endloop
endfacet
facet normal 1 -2.16915e-14 -8.30732e-13
  outer loop
    vertex 113.9043955020806 66.90928569873779 9.297910171881252
    vertex 113.9043955020806 68.87468973963735 9.297910171881243
    vertex 113.904395502082 67.89198771918758 11.00000000000085
  endloop
endfacet
facet normal 1 -2.16915e-14 -8.39081e-13
  outer loop
    vertex 113.9043955020802 49.22064933064192 9.297910171881263
    vertex 113.9043955020802 51.18605337154148 9.297910171881274
    vertex 113.9043955020817 50.20335135109168 11.00000000000085
  endloop
endfacet
facet normal 1 -1.4461e-14 -8.34906e-13
  outer loop
    vertex 113.9043955020821 69.85739176008713 11.00000000000085
    vertex 113.9043955020806 68.87468973963735 9.297910171881243
    vertex 113.9043955020807 70.8400937805369 9.297910171881252
  endloop
endfacet
facet normal 1 -2.37184e-14 -8.37911e-13
  outer loop
    vertex 113.9043955020808 78.70170994413509 9.297910171881252
    vertex 113.9043955020809 80.66823573863851 9.310084007518919
    vertex 113.9043955020823 79.68441196458487 11.00000000000085
  endloop
endfacet
facet normal 1 -2.16915e-14 -8.39081e-13
  outer loop
    vertex 113.9043955020807 70.8400937805369 9.297910171881252
    vertex 113.9043955020807 72.80549782143646 9.297910171881263
    vertex 113.9043955020821 71.82279580098668 11.00000000000085
  endloop
endfacet
facet normal 1 -2.16915e-14 -8.39081e-13
  outer loop
    vertex 113.9043955020822 77.71900792368533 11.00000000000085
    vertex 113.9043955020808 76.73630590323555 9.297910171881252
    vertex 113.9043955020808 78.70170994413509 9.297910171881252
  endloop
endfacet
facet normal 1 -1.9347e-14 -8.38092e-13
  outer loop
    vertex 113.9043955020823 81.64981600548441 11.00000000000085
    vertex 113.9043955020809 80.66823573863851 9.310084007518919
    vertex 113.9043955020809 82.64570984831576 9.315303362500499
  endloop
endfacet
facet normal 1 -2.16915e-14 -8.39081e-13
  outer loop
    vertex 113.9043955020822 73.78819984188623 11.00000000000085
    vertex 113.9043955020807 72.80549782143646 9.297910171881263
    vertex 113.9043955020807 74.770901862336 9.297910171881252
  endloop
endfacet
facet normal 1 -2.16915e-14 -8.39081e-13
  outer loop
    vertex 113.9043955020803 53.15145741244098 9.297910171881263
    vertex 113.9043955020803 55.11686145334051 9.297910171881247
    vertex 113.9043955020817 54.13415943289075 11.00000000000085
  endloop
endfacet
facet normal 1 -2.19671e-14 -8.3924e-13
  outer loop
    vertex 113.9043955020816 48.23794731019215 11.00000000000085
    vertex 113.9043955020802 47.25320895715514 9.315541827292531
    vertex 113.9043955020802 49.22064933064192 9.297910171881263
  endloop
endfacet
facet normal 1 -2.16915e-14 -8.39081e-13
  outer loop
    vertex 113.9043955020807 74.770901862336 9.297910171881252
    vertex 113.9043955020808 76.73630590323555 9.297910171881252
    vertex 113.9043955020822 75.75360388278577 11.00000000000085
  endloop
endfacet
facet normal 1 -2.16915e-14 -8.39081e-13
  outer loop
    vertex 113.9043955020817 52.16875539199123 11.00000000000085
    vertex 113.9043955020802 51.18605337154148 9.297910171881274
    vertex 113.9043955020803 53.15145741244098 9.297910171881263
  endloop
endfacet
facet normal 1 -2.16915e-14 -8.30732e-13
  outer loop
    vertex 113.9043955020819 60.03037155558938 11.00000000000085
    vertex 113.9043955020804 59.0476695351396 9.297910171881334
    vertex 113.9043955020805 61.01307357603915 9.297910171881249
  endloop
endfacet
facet normal 1 -2.16915e-14 -8.39081e-13
  outer loop
    vertex 113.9043955020804 57.0822654942401 9.297910171881252
    vertex 113.9043955020804 59.0476695351396 9.297910171881334
    vertex 113.9043955020818 58.06496751468984 11.00000000000085
  endloop
endfacet
facet normal 1 -1.90421e-14 7.56577e-13
  outer loop
    vertex 113.90439550208 45.25031007217262 6
    vertex 113.9043955020788 46.24870416775749 7.65925746750453
    vertex 113.9043955020787 44.27146957699858 7.665842323475886
  endloop
endfacet
facet normal 1 -1.38907e-14 -8.31058e-13
  outer loop
    vertex 113.9043955020801 41.25122726241113 9.433583595349209
    vertex 113.9043955020788 40.80773644142699 7.867821916564475
    vertex 113.9043955020787 42.36864769691581 7.722034061388977
  endloop
endfacet
facet normal 1 -2.16915e-14 -8.35041e-13
  outer loop
    vertex 113.9043955020819 61.99577559648893 11.00000000000085
    vertex 113.9043955020805 62.93168152125801 9.32492791031952
    vertex 113.9043955020819 63.96117963738848 11.00000000000085
  endloop
endfacet
facet normal 1 -2.16915e-14 -8.36253e-13
  outer loop
    vertex 113.9043955020819 63.96117963738848 11.00000000000085
    vertex 113.9043955020806 64.99067775351975 9.324927910320005
    vertex 113.904395502082 65.92658367828803 11.00000000000085
  endloop
endfacet
facet normal 1 0 2.64838e-13
  outer loop
    vertex 113.90439550208 84.6416144199987 6
    vertex 113.9043955020796 83.6501884507673 7.66342189140799
    vertex 113.90439550208 82.6720492026074 6
  endloop
endfacet
facet normal 1 -2.43162e-14 -8.27076e-13
  outer loop
    vertex 113.9043955020787 44.27146957699858 7.665842323475886
    vertex 113.9043955020788 46.24870416775749 7.65925746750453
    vertex 113.9043955020801 45.27273605510998 9.320244960857892
  endloop
endfacet
facet normal 1 -2.40392e-14 5.3706e-13
  outer loop
    vertex 113.9043955020792 63.96117963738912 7.65816821581733
    vertex 113.9043955020791 61.99577952652852 7.649576737131762
    vertex 113.90439550208 62.97639702869435 6
  endloop
endfacet
facet normal 1 -1.22074e-14 5.15533e-13
  outer loop
    vertex 113.90439550208 64.94596224608566 6
    vertex 113.9043955020792 65.9265797482484 7.649576737132686
    vertex 113.9043955020792 63.96117963738912 7.65816821581733
  endloop
endfacet
facet normal 1 -2.16915e-14 -8.46645e-13
  outer loop
    vertex 113.9043955020825 87.54602812818305 11.00000000000085
    vertex 113.9043955020816 88.35968799435358 9.988844397351505
    vertex 113.9043955020825 89.51143216908261 11.00000000000085
  endloop
endfacet
facet normal 1 -2.16915e-14 -8.34805e-13
  outer loop
    vertex 113.9043955020814 38.41092710569448 11.00000000000085
    vertex 113.9043955020806 39.5690465703924 9.965552979547228
    vertex 113.9043955020814 40.37633114659401 11.00000000000085
  endloop
endfacet
facet normal 1 0 7.67766e-13
  outer loop
    vertex 113.90439550208 45.25031007217262 6
    vertex 113.9043955020787 44.27146957699858 7.665842323475886
    vertex 113.90439550208 43.28074485478131 6
  endloop
endfacet
facet normal 1 0 2.91598e-13
  outer loop
    vertex 113.90439550208 82.6720492026074 6
    vertex 113.9043955020795 81.67270816915801 7.65696921969992
    vertex 113.90439550208 80.70248398521609 6
  endloop
endfacet
facet normal 1 0 7.45119e-13
  outer loop
    vertex 113.90439550208 47.21987528956392 6
    vertex 113.9043955020788 46.24870416775749 7.65925746750453
    vertex 113.90439550208 45.25031007217262 6
  endloop
endfacet
facet normal 1 0 3.26685e-13
  outer loop
    vertex 113.90439550208 80.70248398521609 6
    vertex 113.9043955020795 79.69758178940299 7.653006056772105
    vertex 113.90439550208 78.73291876782478 6
  endloop
endfacet
facet normal 1 0 7.30341e-13
  outer loop
    vertex 113.90439550208 49.18944050695522 6
    vertex 113.9043955020788 48.22462505554467 7.653915693400874
    vertex 113.90439550208 47.21987528956392 6
  endloop
endfacet
facet normal 1 0 3.5296e-13
  outer loop
    vertex 113.90439550208 78.73291876782478 6
    vertex 113.9043955020794 77.73032629511897 7.650737293033899
    vertex 113.90439550208 76.76335355043349 6
  endloop
endfacet
facet normal 1 0 7.05921e-13
  outer loop
    vertex 113.90439550208 51.15900572434653 6
    vertex 113.9043955020789 50.19203297965925 7.650737293033731
    vertex 113.90439550208 49.18944050695522 6
  endloop
endfacet
facet normal 1 -2.93993e-14 3.08813e-13
  outer loop
    vertex 113.90439550208 80.70248398521609 6
    vertex 113.9043955020795 81.67270816915801 7.65696921969992
    vertex 113.9043955020795 79.69758178940299 7.653006056772105
  endloop
endfacet
facet normal 1 -1.23893e-14 7.37868e-13
  outer loop
    vertex 113.9043955020788 48.22462505554467 7.653915693400874
    vertex 113.9043955020788 46.24870416775749 7.65925746750453
    vertex 113.90439550208 47.21987528956392 6
  endloop
endfacet
facet normal 1 0 3.78842e-13
  outer loop
    vertex 113.90439550208 76.76335355043349 6
    vertex 113.9043955020794 75.76325764050002 7.650496478636365
    vertex 113.90439550208 74.79378833304219 6
  endloop
endfacet
facet normal 1 0 6.80194e-13
  outer loop
    vertex 113.90439550208 53.12857094173783 6
    vertex 113.9043955020789 52.15910163427819 7.650496478636198
    vertex 113.90439550208 51.15900572434653 6
  endloop
endfacet
facet normal 1 -2.20627e-14 3.3956e-13
  outer loop
    vertex 113.90439550208 78.73291876782478 6
    vertex 113.9043955020795 79.69758178940299 7.653006056772105
    vertex 113.9043955020794 77.73032629511897 7.650737293033899
  endloop
endfacet
facet normal 1 -2.05088e-14 7.18377e-13
  outer loop
    vertex 113.9043955020789 50.19203297965925 7.650737293033731
    vertex 113.9043955020788 48.22462505554467 7.653915693400874
    vertex 113.90439550208 49.18944050695522 6
  endloop
endfacet
facet normal 1 0 4.04732e-13
  outer loop
    vertex 113.90439550208 74.79378833304219 6
    vertex 113.9043955020794 73.79618827026758 7.650254775057998
    vertex 113.90439550208 72.82422311565088 6
  endloop
endfacet
facet normal 1 0 6.5446e-13
  outer loop
    vertex 113.90439550208 55.09813615912914 6
    vertex 113.9043955020789 54.12617100451062 7.650254775057819
    vertex 113.90439550208 53.12857094173783 6
  endloop
endfacet
facet normal 1 -2.17179e-14 3.65682e-13
  outer loop
    vertex 113.90439550208 76.76335355043349 6
    vertex 113.9043955020794 77.73032629511897 7.650737293033899
    vertex 113.9043955020794 75.76325764050002 7.650496478636365
  endloop
endfacet
facet normal 1 -2.15883e-14 6.93275e-13
  outer loop
    vertex 113.9043955020789 52.15910163427819 7.650496478636198
    vertex 113.9043955020789 50.19203297965925 7.650737293033731
    vertex 113.90439550208 51.15900572434653 6
  endloop
endfacet
facet normal 1 0 4.30629e-13
  outer loop
    vertex 113.90439550208 72.82422311565088 6
    vertex 113.9043955020793 71.82911460635421 7.650012986807435
    vertex 113.90439550208 70.85465789825957 6
  endloop
endfacet
facet normal 1 0 6.28718e-13
  outer loop
    vertex 113.90439550208 57.06770137652045 6
    vertex 113.904395502079 56.09324466842398 7.650012986807252
    vertex 113.90439550208 55.09813615912914 6
  endloop
endfacet
facet normal 1 -2.17213e-14 3.91601e-13
  outer loop
    vertex 113.90439550208 74.79378833304219 6
    vertex 113.9043955020794 75.76325764050002 7.650496478636365
    vertex 113.9043955020794 73.79618827026758 7.650254775057998
  endloop
endfacet
facet normal 1 -2.15911e-14 6.67512e-13
  outer loop
    vertex 113.9043955020789 54.12617100451062 7.650254775057819
    vertex 113.9043955020789 52.15910163427819 7.650496478636198
    vertex 113.90439550208 53.12857094173783 6
  endloop
endfacet
facet normal 1 0 4.56532e-13
  outer loop
    vertex 113.90439550208 70.85465789825957 6
    vertex 113.9043955020793 69.86201518035524 7.649775940936511
    vertex 113.90439550208 68.88509268086827 6
  endloop
endfacet
facet normal 1 0 6.02967e-13
  outer loop
    vertex 113.90439550208 59.03726659391175 6
    vertex 113.904395502079 58.06034409442292 7.649775940936327
    vertex 113.90439550208 57.06770137652045 6
  endloop
endfacet
facet normal 1 -2.17244e-14 4.17527e-13
  outer loop
    vertex 113.90439550208 72.82422311565088 6
    vertex 113.9043955020794 73.79618827026758 7.650254775057998
    vertex 113.9043955020793 71.82911460635421 7.650012986807435
  endloop
endfacet
facet normal 1 -2.15942e-14 6.41741e-13
  outer loop
    vertex 113.904395502079 56.09324466842398 7.650012986807252
    vertex 113.9043955020789 54.12617100451062 7.650254775057819
    vertex 113.90439550208 55.09813615912914 6
  endloop
endfacet
facet normal 1 0 4.82433e-13
  outer loop
    vertex 113.90439550208 68.88509268086827 6
    vertex 113.9043955020792 67.89476118184265 7.64957259975624
    vertex 113.90439550208 66.91552746347696 6
  endloop
endfacet
facet normal 1 0 5.77196e-13
  outer loop
    vertex 113.90439550208 61.00683181130305 6
    vertex 113.9043955020791 60.02759809293534 7.649572599755957
    vertex 113.90439550208 59.03726659391175 6
  endloop
endfacet
facet normal 1 -2.17262e-14 4.4346e-13
  outer loop
    vertex 113.90439550208 70.85465789825957 6
    vertex 113.9043955020793 71.82911460635421 7.650012986807435
    vertex 113.9043955020793 69.86201518035524 7.649775940936511
  endloop
endfacet
facet normal 1 -2.15986e-14 6.15962e-13
  outer loop
    vertex 113.904395502079 58.06034409442292 7.649775940936327
    vertex 113.904395502079 56.09324466842398 7.650012986807252
    vertex 113.90439550208 57.06770137652045 6
  endloop
endfacet
facet normal 1 0 5.08276e-13
  outer loop
    vertex 113.90439550208 66.91552746347696 6
    vertex 113.9043955020792 65.9265797482484 7.649576737132686
    vertex 113.90439550208 64.94596224608566 6
  endloop
endfacet
facet normal 1 0 5.5135e-13
  outer loop
    vertex 113.90439550208 62.97639702869435 6
    vertex 113.9043955020791 61.99577952652852 7.649576737131762
    vertex 113.90439550208 61.00683181130305 6
  endloop
endfacet
facet normal 1 -1.78983e-14 -8.32922e-13
  outer loop
    vertex 113.9043955020805 61.01307357603915 9.297910171881249
    vertex 113.9043955020805 62.93168152125801 9.32492791031952
    vertex 113.9043955020819 61.99577559648893 11.00000000000085
  endloop
endfacet
facet normal 1 -2.65515e-14 -8.33538e-13
  outer loop
    vertex 113.904395502082 65.92658367828803 11.00000000000085
    vertex 113.9043955020806 64.99067775351975 9.324927910320005
    vertex 113.9043955020806 66.90928569873779 9.297910171881252
  endloop
endfacet
facet normal 1 -2.17196e-14 4.69393e-13
  outer loop
    vertex 113.90439550208 68.88509268086827 6
    vertex 113.9043955020793 69.86201518035524 7.649775940936511
    vertex 113.9043955020792 67.89476118184265 7.64957259975624
  endloop
endfacet
facet normal 1 -2.16101e-14 5.9017e-13
  outer loop
    vertex 113.9043955020791 60.02759809293534 7.649572599755957
    vertex 113.904395502079 58.06034409442292 7.649775940936327
    vertex 113.90439550208 59.03726659391175 6
  endloop
endfacet
facet normal 1 -1.80648e-14 -8.29658e-13
  outer loop
    vertex 113.9043955020805 62.93168152125801 9.32492791031952
    vertex 113.9043955020791 61.99577952652852 7.649576737131762
    vertex 113.9043955020792 63.96117963738912 7.65816821581733
  endloop
endfacet
facet normal 1 -1.81019e-14 -8.32897e-13
  outer loop
    vertex 113.9043955020792 63.96117963738912 7.65816821581733
    vertex 113.9043955020792 65.9265797482484 7.649576737132686
    vertex 113.9043955020806 64.99067775351975 9.324927910320005
  endloop
endfacet
facet normal 1 -2.16599e-14 4.95291e-13
  outer loop
    vertex 113.90439550208 66.91552746347696 6
    vertex 113.9043955020792 67.89476118184265 7.64957259975624
    vertex 113.9043955020792 65.9265797482484 7.649576737132686
  endloop
endfacet
facet normal 1 -2.16621e-14 5.64337e-13
  outer loop
    vertex 113.9043955020791 61.99577952652852 7.649576737131762
    vertex 113.9043955020791 60.02759809293534 7.649572599755957
    vertex 113.90439550208 61.00683181130305 6
  endloop
endfacet
facet normal 1 -2.16915e-14 -8.31921e-13
  outer loop
    vertex 113.9043955020804 59.0476695351396 9.297910171881334
    vertex 113.9043955020791 60.02759809293534 7.649572599755957
    vertex 113.9043955020805 61.01307357603915 9.297910171881249
  endloop
endfacet
facet normal 1 -2.16915e-14 -8.40616e-13
  outer loop
    vertex 113.9043955020806 66.90928569873779 9.297910171881252
    vertex 113.9043955020792 67.89476118184265 7.64957259975624
    vertex 113.9043955020806 68.87468973963735 9.297910171881243
  endloop
endfacet
facet normal 1 -2.16591e-14 -8.31941e-13
  outer loop
    vertex 113.9043955020805 61.01307357603915 9.297910171881249
    vertex 113.9043955020791 60.02759809293534 7.649572599755957
    vertex 113.9043955020791 61.99577952652852 7.649576737131762
  endloop
endfacet
facet normal 1 -2.16627e-14 -8.40598e-13
  outer loop
    vertex 113.9043955020792 65.9265797482484 7.649576737132686
    vertex 113.9043955020792 67.89476118184265 7.64957259975624
    vertex 113.9043955020806 66.90928569873779 9.297910171881252
  endloop
endfacet
facet normal 1 -2.16915e-14 -8.32e-13
  outer loop
    vertex 113.9043955020804 57.0822654942401 9.297910171881252
    vertex 113.904395502079 58.06034409442292 7.649775940936327
    vertex 113.9043955020804 59.0476695351396 9.297910171881334
  endloop
endfacet
facet normal 1 -1.4461e-14 -8.36412e-13
  outer loop
    vertex 113.9043955020806 68.87468973963735 9.297910171881243
    vertex 113.9043955020793 69.86201518035524 7.649775940936511
    vertex 113.9043955020807 70.8400937805369 9.297910171881252
  endloop
endfacet
facet normal 1 -2.17571e-14 -8.3196e-13
  outer loop
    vertex 113.9043955020804 59.0476695351396 9.297910171881334
    vertex 113.904395502079 58.06034409442292 7.649775940936327
    vertex 113.9043955020791 60.02759809293534 7.649572599755957
  endloop
endfacet
facet normal 1 -2.15842e-14 -8.4068e-13
  outer loop
    vertex 113.9043955020792 67.89476118184265 7.64957259975624
    vertex 113.9043955020793 69.86201518035524 7.649775940936511
    vertex 113.9043955020806 68.87468973963735 9.297910171881243
  endloop
endfacet
facet normal 1 -2.16915e-14 -8.32097e-13
  outer loop
    vertex 113.9043955020803 55.11686145334051 9.297910171881247
    vertex 113.904395502079 56.09324466842398 7.650012986807252
    vertex 113.9043955020804 57.0822654942401 9.297910171881252
  endloop
endfacet
facet normal 1 -2.16915e-14 -8.32263e-13
  outer loop
    vertex 113.9043955020807 70.8400937805369 9.297910171881252
    vertex 113.9043955020793 71.82911460635421 7.650012986807435
    vertex 113.9043955020807 72.80549782143646 9.297910171881263
  endloop
endfacet
facet normal 1 -2.17731e-14 -8.32048e-13
  outer loop
    vertex 113.9043955020804 57.0822654942401 9.297910171881252
    vertex 113.904395502079 56.09324466842398 7.650012986807252
    vertex 113.904395502079 58.06034409442292 7.649775940936327
  endloop
endfacet
facet normal 1 -2.15725e-14 -8.32192e-13
  outer loop
    vertex 113.9043955020793 69.86201518035524 7.649775940936511
    vertex 113.9043955020793 71.82911460635421 7.650012986807435
    vertex 113.9043955020807 70.8400937805369 9.297910171881252
  endloop
endfacet
facet normal 1 -2.16915e-14 -8.32197e-13
  outer loop
    vertex 113.9043955020803 53.15145741244098 9.297910171881263
    vertex 113.9043955020789 54.12617100451062 7.650254775057819
    vertex 113.9043955020803 55.11686145334051 9.297910171881247
  endloop
endfacet
facet normal 1 -2.16915e-14 -8.32408e-13
  outer loop
    vertex 113.9043955020807 72.80549782143646 9.297910171881263
    vertex 113.9043955020794 73.79618827026758 7.650254775057998
    vertex 113.9043955020807 74.770901862336 9.297910171881252
  endloop
endfacet
facet normal 1 -2.17754e-14 -8.32147e-13
  outer loop
    vertex 113.9043955020803 55.11686145334051 9.297910171881247
    vertex 113.9043955020789 54.12617100451062 7.650254775057819
    vertex 113.904395502079 56.09324466842398 7.650012986807252
  endloop
endfacet
facet normal 1 -2.15708e-14 -8.32335e-13
  outer loop
    vertex 113.9043955020793 71.82911460635421 7.650012986807435
    vertex 113.9043955020794 73.79618827026758 7.650254775057998
    vertex 113.9043955020807 72.80549782143646 9.297910171881263
  endloop
endfacet
facet normal 1 -2.16915e-14 -8.32297e-13
  outer loop
    vertex 113.9043955020802 51.18605337154148 9.297910171881274
    vertex 113.9043955020789 52.15910163427819 7.650496478636198
    vertex 113.9043955020803 53.15145741244098 9.297910171881263
  endloop
endfacet
facet normal 1 -2.16915e-14 -8.32552e-13
  outer loop
    vertex 113.9043955020807 74.770901862336 9.297910171881252
    vertex 113.9043955020794 75.76325764050002 7.650496478636365
    vertex 113.9043955020808 76.73630590323555 9.297910171881252
  endloop
endfacet
facet normal 1 -2.17754e-14 -8.32247e-13
  outer loop
    vertex 113.9043955020803 53.15145741244098 9.297910171881263
    vertex 113.9043955020789 52.15910163427819 7.650496478636198
    vertex 113.9043955020789 54.12617100451062 7.650254775057819
  endloop
endfacet
facet normal 1 -2.15708e-14 -8.32479e-13
  outer loop
    vertex 113.9043955020794 73.79618827026758 7.650254775057998
    vertex 113.9043955020794 75.76325764050002 7.650496478636365
    vertex 113.9043955020807 74.770901862336 9.297910171881252
  endloop
endfacet
facet normal 1 -2.16915e-14 -8.32397e-13
  outer loop
    vertex 113.9043955020802 49.22064933064192 9.297910171881263
    vertex 113.9043955020789 50.19203297965925 7.650737293033731
    vertex 113.9043955020802 51.18605337154148 9.297910171881274
  endloop
endfacet
facet normal 1 -2.16915e-14 -8.32695e-13
  outer loop
    vertex 113.9043955020808 76.73630590323555 9.297910171881252
    vertex 113.9043955020794 77.73032629511897 7.650737293033899
    vertex 113.9043955020808 78.70170994413509 9.297910171881252
  endloop
endfacet
facet normal 1 -2.1775e-14 -8.32347e-13
  outer loop
    vertex 113.9043955020802 51.18605337154148 9.297910171881274
    vertex 113.9043955020789 50.19203297965925 7.650737293033731
    vertex 113.9043955020789 52.15910163427819 7.650496478636198
  endloop
endfacet
facet normal 1 -2.15712e-14 -8.32623e-13
  outer loop
    vertex 113.9043955020794 75.76325764050002 7.650496478636365
    vertex 113.9043955020794 77.73032629511897 7.650737293033899
    vertex 113.9043955020808 76.73630590323555 9.297910171881252
  endloop
endfacet
facet normal 1 -2.19187e-14 -8.33842e-13
  outer loop
    vertex 113.9043955020802 47.25320895715514 9.315541827292531
    vertex 113.9043955020788 48.22462505554467 7.653915693400874
    vertex 113.9043955020802 49.22064933064192 9.297910171881263
  endloop
endfacet
facet normal 1 -2.37358e-14 -8.35106e-13
  outer loop
    vertex 113.9043955020808 78.70170994413509 9.297910171881252
    vertex 113.9043955020795 79.69758178940299 7.653006056772105
    vertex 113.9043955020809 80.66823573863851 9.310084007518919
  endloop
endfacet
facet normal 1 -2.30154e-14 -8.33178e-13
  outer loop
    vertex 113.9043955020802 49.22064933064192 9.297910171881263
    vertex 113.9043955020788 48.22462505554467 7.653915693400874
    vertex 113.9043955020789 50.19203297965925 7.650737293033731
  endloop
endfacet
facet normal 1 -2.07101e-14 -8.33274e-13
  outer loop
    vertex 113.9043955020794 77.73032629511897 7.650737293033899
    vertex 113.9043955020795 79.69758178940299 7.653006056772105
    vertex 113.9043955020808 78.70170994413509 9.297910171881252
  endloop
endfacet
facet normal 1 -2.34894e-14 -8.2659e-13
  outer loop
    vertex 113.9043955020801 45.27273605510998 9.320244960857892
    vertex 113.9043955020788 46.24870416775749 7.65925746750453
    vertex 113.9043955020802 47.25320895715514 9.315541827292531
  endloop
endfacet
facet normal 1 -1.93725e-14 -8.2843e-13
  outer loop
    vertex 113.9043955020809 80.66823573863851 9.310084007518919
    vertex 113.9043955020795 81.67270816915801 7.65696921969992
    vertex 113.9043955020809 82.64570984831576 9.315303362500499
  endloop
endfacet
facet normal 1 -1.66299e-14 -8.3075e-13
  outer loop
    vertex 113.9043955020802 47.25320895715514 9.315541827292531
    vertex 113.9043955020788 46.24870416775749 7.65925746750453
    vertex 113.9043955020788 48.22462505554467 7.653915693400874
  endloop
endfacet
facet normal 1 -2.71079e-14 -8.33131e-13
  outer loop
    vertex 113.9043955020795 79.69758178940299 7.653006056772105
    vertex 113.9043955020795 81.67270816915801 7.65696921969992
    vertex 113.9043955020809 80.66823573863851 9.310084007518919
  endloop
endfacet
facet normal 1 -1.79433e-14 -8.29725e-13
  outer loop
    vertex 113.9043955020805 61.01307357603915 9.297910171881249
    vertex 113.9043955020791 61.99577952652852 7.649576737131762
    vertex 113.9043955020805 62.93168152125801 9.32492791031952
  endloop
endfacet
facet normal 1 -2.66094e-14 -8.37649e-13
  outer loop
    vertex 113.9043955020806 64.99067775351975 9.324927910320005
    vertex 113.9043955020792 65.9265797482484 7.649576737132686
    vertex 113.9043955020806 66.90928569873779 9.297910171881252
  endloop
endfacet
facet normal 1 -8.47016e-13 1.92253e-12
  outer loop
    vertex 113.9043955020816 88.64158368810058 6.066666666666658
    vertex 113.9043955020791 87.90334214372049 7.020189265136261
    vertex 113.90439550208 86.61117963739001 6
  endloop
endfacet
facet normal 1 2.28344e-12 4.74312e-12
  outer loop
    vertex 113.90439550208 41.31117963739 6
    vertex 113.9043955020781 40.01935478056237 7.020393103344384
    vertex 113.9043955020843 39.28077558667979 6.066666666666667
  endloop
endfacet
facet normal 1 -6.79609e-13 -3.17603e-12
  outer loop
    vertex 113.90439550208 86.61117963739001 6
    vertex 113.9043955020774 87.61563687629211 4.970724028590999
    vertex 113.9043955020816 88.64158368810058 6.066666666666658
  endloop
endfacet
facet normal 1 1.95051e-12 -5.39656e-12
  outer loop
    vertex 113.9043955020843 39.28077558667979 6.066666666666667
    vertex 113.9043955020764 40.30672239848808 4.970724028590991
    vertex 113.90439550208 41.31117963739 6
  endloop
endfacet
facet normal 1 -1.80283e-14 -8.27968e-13
  outer loop
    vertex 113.9043955020798 87.1126666795879 7.864689657123228
    vertex 113.9043955020807 87.83060310464177 8.913196256928927
    vertex 113.9043955020811 86.65520615198052 9.419368541316024
  endloop
endfacet
facet normal 1 -1.70745e-14 -8.30156e-13
  outer loop
    vertex 113.9043955020801 41.25122726241113 9.433583595349209
    vertex 113.9043955020797 40.10091480730296 8.926575813080548
    vertex 113.9043955020788 40.80773644142699 7.867821916564475
  endloop
endfacet
facet normal 1 -3.30534e-14 -8.33703e-13
  outer loop
    vertex 113.9043955020825 89.51143216908261 11.00000000000085
    vertex 113.9043955020816 88.35968799435358 9.988844397351505
    vertex 113.9043955020812 89.51143216908291 9.500000000000423
  endloop
endfacet
facet normal 1 -2.07074e-14 -8.33703e-13
  outer loop
    vertex 113.9043955020801 38.41092710569406 9.500000000000423
    vertex 113.9043955020806 39.5690465703924 9.965552979547228
    vertex 113.9043955020814 38.41092710569448 11.00000000000085
  endloop
endfacet
facet normal 1 1.95109e-13 -5.31058e-12
  outer loop
    vertex 113.9043955020797 40.10091480730296 8.926575813080548
    vertex 113.9043955020796 39.15451823515258 8.878425758525641
    vertex 113.9043955020749 39.28077558667979 8
  endloop
endfacet
facet normal 1 5.1515e-14 1.47742e-12
  outer loop
    vertex 113.904395502082 88.64158368810058 8
    vertex 113.9043955020807 88.7709478250524 8.880408130856171
    vertex 113.9043955020807 87.83060310464177 8.913196256928927
  endloop
endfacet
facet normal 1 -4.07233e-12 0
  outer loop
    vertex 113.9043955020816 88.64158368810058 6.066666666666658
    vertex 113.9043955020774 87.61563687629211 4.970724028590999
    vertex 113.9043955020816 88.64158368810058 4.133333333333329
  endloop
endfacet
facet normal 1 7.71526e-12 -0
  outer loop
    vertex 113.9043955020843 39.28077558667979 4.133333333333335
    vertex 113.9043955020764 40.30672239848808 4.970724028590991
    vertex 113.9043955020843 39.28077558667979 6.066666666666667
  endloop
endfacet
facet normal 1 2.5749e-12 -0
  outer loop
    vertex 113.90439550208 86.61117963739001 4.1
    vertex 113.9043955020774 87.61563687629211 4.970724028590999
    vertex 113.90439550208 86.61117963739001 6
  endloop
endfacet
facet normal 1 -3.57939e-12 0
  outer loop
    vertex 113.90439550208 41.31117963739 6
    vertex 113.9043955020764 40.30672239848808 4.970724028590991
    vertex 113.90439550208 41.31117963739 4.1
  endloop
endfacet
facet normal 1 -4.28237e-12 -8.10947e-13
  outer loop
    vertex 113.9043955020764 40.30672239848808 4.970724028590991
    vertex 113.904395502075 40.29776840977711 3.30067622698739
    vertex 113.90439550208 41.31117963739 4.1
  endloop
endfacet
facet normal 1 3.28252e-12 -8.16307e-13
  outer loop
    vertex 113.90439550208 86.61117963739001 4.1
    vertex 113.904395502076 87.6245908650031 3.300676226987392
    vertex 113.9043955020774 87.61563687629211 4.970724028590999
  endloop
endfacet
facet normal 1 8.43281e-12 -8.79119e-13
  outer loop
    vertex 113.9043955020843 39.28077558667979 4.133333333333335
    vertex 113.904395502075 40.29776840977711 3.30067622698739
    vertex 113.9043955020764 40.30672239848808 4.970724028590991
  endloop
endfacet
facet normal 1 -4.77386e-12 -8.59502e-13
  outer loop
    vertex 113.9043955020774 87.61563687629211 4.970724028590999
    vertex 113.904395502076 87.6245908650031 3.300676226987392
    vertex 113.9043955020816 88.64158368810058 4.133333333333329
  endloop
endfacet
facet normal 1 -3.24797e-14 -8.37291e-13
  outer loop
    vertex 113.9043955020806 39.5690465703924 9.965552979547228
    vertex 113.9043955020796 39.15451823515258 8.878425758525641
    vertex 113.9043955020797 40.10091480730296 8.926575813080548
  endloop
endfacet
facet normal 1 -2.89851e-14 -8.31275e-13
  outer loop
    vertex 113.9043955020807 87.83060310464177 8.913196256928927
    vertex 113.9043955020807 88.7709478250524 8.880408130856171
    vertex 113.9043955020816 88.35968799435358 9.988844397351505
  endloop
endfacet
facet normal 1 -1.68731e-14 -8.43242e-13
  outer loop
    vertex 113.9043955020801 38.41092710569406 9.500000000000423
    vertex 113.9043955020796 39.15451823515258 8.878425758525641
    vertex 113.9043955020806 39.5690465703924 9.965552979547228
  endloop
endfacet
facet normal 1 -3.25903e-14 -8.32612e-13
  outer loop
    vertex 113.9043955020816 88.35968799435358 9.988844397351505
    vertex 113.9043955020807 88.7709478250524 8.880408130856171
    vertex 113.9043955020812 89.51143216908291 9.500000000000423
  endloop
endfacet
facet normal 0.707107 -0.707107 -3.88007e-13
  outer loop
    vertex 112.44815597413 36.16768180924021 9.500000000000458
    vertex 112.9796914400682 36.69921727517499 10.25000000000042
    vertex 112.6359231638547 36.35544899896299 11.00000000000041
  endloop
endfacet
facet normal 0.707107 -0.707107 1.813e-12
  outer loop
    vertex 111.9588110898045 35.67833692490728 8
    vertex 112.3336128477547 36.05313868286684 7.150373077480319
    vertex 112.2603887844074 35.97991461951947 8
  endloop
endfacet
facet normal 0.707107 -0.707107 -1.25291e-12
  outer loop
    vertex 112.2603887844074 35.97991461951947 8
    vertex 112.3336128477547 36.05313868286684 7.150373077480319
    vertex 112.7328226268307 36.45234846193353 8
  endloop
endfacet
facet normal 0.707107 -0.707107 6.08826e-12
  outer loop
    vertex 112.7328226268307 36.45234846193353 6.066666666666658
    vertex 112.3336128477547 36.05313868286684 7.150373077480319
    vertex 111.9588110898045 35.67833692490728 6.066666666666671
  endloop
endfacet
facet normal 0.707107 -0.707107 3.16789e-12
  outer loop
    vertex 112.7328226268307 36.45234846193353 2.200000000000001
    vertex 112.3458168583119 36.06534269342613 3.16666666666667
    vertex 111.9588110898045 35.67833692492151 2.200000000000001
  endloop
endfacet
facet normal 0.707107 -0.707107 -8.37323e-12
  outer loop
    vertex 111.9588110898045 35.67833692490728 4.133333333333342
    vertex 112.3458168583119 36.06534269342613 3.16666666666667
    vertex 112.7328226268307 36.45234846193353 4.133333333333329
  endloop
endfacet
facet normal 0.707107 -0.707107 -7.59884e-12
  outer loop
    vertex 111.9588110898045 35.67833692490728 6.066666666666671
    vertex 112.3458168583124 36.0653426934256 5.100000000000001
    vertex 112.7328226268307 36.45234846193353 6.066666666666658
  endloop
endfacet
facet normal 0.707107 -0.707107 7.59884e-12
  outer loop
    vertex 112.7328226268307 36.45234846193353 4.133333333333329
    vertex 112.3458168583124 36.0653426934256 5.100000000000001
    vertex 111.9588110898045 35.67833692490728 4.133333333333342
  endloop
endfacet
facet normal 0.707107 -0.707107 -3.96853e-13
  outer loop
    vertex 112.44815597413 36.16768180924021 9.500000000000458
    vertex 112.8274328316046 36.54695866671315 8.600000000000206
    vertex 113.3478983863308 37.06742422143584 9.500000000000057
  endloop
endfacet
facet normal 0.707107 -0.707107 -3.90192e-13
  outer loop
    vertex 113.3478983863308 37.06742422143584 9.500000000000057
    vertex 112.9796914400682 36.69921727517499 10.25000000000042
    vertex 112.44815597413 36.16768180924021 9.500000000000458
  endloop
endfacet
facet normal 0.707107 -0.707107 -3.80298e-13
  outer loop
    vertex 112.6359231638547 36.35544899896299 11.00000000000041
    vertex 112.9796914400682 36.69921727517499 10.25000000000042
    vertex 113.347898386332 37.06742422143627 11.00000000000011
  endloop
endfacet
facet normal 0.707107 -0.707107 6.70419e-12
  outer loop
    vertex 113.3478983863311 37.06742422143384 8
    vertex 112.8274328316046 36.54695866671315 8.600000000000206
    vertex 112.7328226268307 36.45234846193353 8
  endloop
endfacet
facet normal 0.707107 -0.707107 0
  outer loop
    vertex 111.9588110898045 35.67833692490728 6.066666666666671
    vertex 112.3336128477547 36.05313868286684 7.150373077480319
    vertex 111.9588110898045 35.67833692490728 8
  endloop
endfacet
facet normal 0.707107 -0.707107 -5.20534e-12
  outer loop
    vertex 111.9588110898045 35.67833692492151 2.200000000000001
    vertex 112.3458168583119 36.06534269342613 3.16666666666667
    vertex 111.9588110898045 35.67833692490728 4.133333333333342
  endloop
endfacet
facet normal 0.707107 -0.707107 0
  outer loop
    vertex 112.7328226268307 36.45234846193353 4.133333333333329
    vertex 112.3458168583119 36.06534269342613 3.16666666666667
    vertex 112.7328226268307 36.45234846193353 2.200000000000001
  endloop
endfacet
facet normal 0.707107 -0.707107 0
  outer loop
    vertex 112.7328226268307 36.45234846193353 8
    vertex 112.3336128477547 36.05313868286684 7.150373077480319
    vertex 112.7328226268307 36.45234846193353 6.066666666666658
  endloop
endfacet
facet normal 0.707107 -0.707107 1.09865e-12
  outer loop
    vertex 113.3478983863308 37.06742422143584 9.500000000000057
    vertex 112.8274328316046 36.54695866671315 8.600000000000206
    vertex 113.3478983863311 37.06742422143384 8
  endloop
endfacet
facet normal 0.707107 -0.707107 -3.81846e-13
  outer loop
    vertex 113.347898386332 37.06742422143627 11.00000000000011
    vertex 112.9796914400682 36.69921727517499 10.25000000000042
    vertex 113.3478983863308 37.06742422143584 9.500000000000057
  endloop
endfacet
facet normal 0.707107 -0.707107 0
  outer loop
    vertex 111.9588110898045 35.67833692490728 4.133333333333342
    vertex 112.3458168583124 36.0653426934256 5.100000000000001
    vertex 111.9588110898045 35.67833692490728 6.066666666666671
  endloop
endfacet
facet normal 0.707107 -0.707107 0
  outer loop
    vertex 112.7328226268307 36.45234846193353 6.066666666666658
    vertex 112.3458168583124 36.0653426934256 5.100000000000001
    vertex 112.7328226268307 36.45234846193353 4.133333333333329
  endloop
endfacet
facet normal 0.707107 -0.707107 8.85565e-12
  outer loop
    vertex 112.7328226268307 36.45234846193353 8
    vertex 112.8274328316046 36.54695866671315 8.600000000000206
    vertex 112.2603887844074 35.97991461951947 8
  endloop
endfacet
facet normal 0.707107 -0.707107 -3.90312e-13
  outer loop
    vertex 112.2603887844074 35.97991461951947 8
    vertex 112.8274328316046 36.54695866671315 8.600000000000206
    vertex 112.44815597413 36.16768180924021 9.500000000000458
  endloop
endfacet
facet normal 0.707107 0.707107 -4.57575e-13
  outer loop
    vertex 112.6359231638561 91.5669102758188 11.00000000000047
    vertex 112.9796914400719 91.22314199960206 10.2500000000006
    vertex 112.4481559741319 91.75467746554231 9.500000000000236
  endloop
endfacet
facet normal 0.707107 0.707107 -6.4038e-13
  outer loop
    vertex 112.7328226268296 91.47001081284478 8
    vertex 112.3336128477563 91.86922059191657 7.150373077480012
    vertex 112.2603887844076 91.94244465526586 8
  endloop
endfacet
facet normal 0.707107 0.707107 -1.64644e-13
  outer loop
    vertex 112.2603887844076 91.94244465526586 8
    vertex 112.3336128477563 91.86922059191657 7.150373077480012
    vertex 111.9588110898013 92.244022349874 8
  endloop
endfacet
facet normal 0.707107 0.707107 -3.30046e-12
  outer loop
    vertex 112.7328226268296 91.47001081284478 4.133333333333335
    vertex 112.3458168583138 91.85701658135649 3.166666666666668
    vertex 111.9588110898013 92.244022349874 4.133333333333329
  endloop
endfacet
facet normal 0.707107 0.707107 1.29432e-12
  outer loop
    vertex 111.9588110898013 92.244022349874 6.066666666666658
    vertex 112.3336128477563 91.86922059191657 7.150373077480012
    vertex 112.7328226268296 91.47001081284478 6.066666666666667
  endloop
endfacet
facet normal 0.707107 0.707107 -2.40646e-12
  outer loop
    vertex 112.7328226268296 91.47001081284478 6.066666666666667
    vertex 112.3458168583138 91.85701658135774 5.099999999999998
    vertex 111.9588110898013 92.244022349874 6.066666666666658
  endloop
endfacet
facet normal 0.707107 0.707107 2.40646e-12
  outer loop
    vertex 111.9588110898013 92.244022349874 4.133333333333329
    vertex 112.3458168583138 91.85701658135774 5.099999999999998
    vertex 112.7328226268296 91.47001081284478 4.133333333333335
  endloop
endfacet
facet normal 0.707107 0.707107 1.41893e-12
  outer loop
    vertex 111.9588110898013 92.24402234986886 2.200000000000001
    vertex 112.3458168583138 91.85701658135649 3.166666666666668
    vertex 112.7328226268296 91.47001081284478 2.200000000000001
  endloop
endfacet
facet normal 0.707107 0.707107 -4.36795e-13
  outer loop
    vertex 113.3478983863365 90.85493505333655 9.500000000000187
    vertex 112.827432831608 91.37540060806512 8.600000000000085
    vertex 112.4481559741319 91.75467746554231 9.500000000000236
  endloop
endfacet
facet normal 0.707107 0.707107 -4.56621e-13
  outer loop
    vertex 112.4481559741319 91.75467746554231 9.500000000000236
    vertex 112.9796914400719 91.22314199960206 10.2500000000006
    vertex 113.3478983863365 90.85493505333655 9.500000000000187
  endloop
endfacet
facet normal 0.707107 0.707107 -4.49947e-13
  outer loop
    vertex 113.3478983863378 90.85493505333625 11.00000000000037
    vertex 112.9796914400719 91.22314199960206 10.2500000000006
    vertex 112.6359231638561 91.5669102758188 11.00000000000047
  endloop
endfacet
facet normal 0.707107 0.707107 1.40294e-12
  outer loop
    vertex 112.7328226268296 91.47001081284478 8
    vertex 112.827432831608 91.37540060806512 8.600000000000085
    vertex 113.3478983863364 90.85493505333798 8
  endloop
endfacet
facet normal 0.707107 0.707107 -0
  outer loop
    vertex 112.7328226268296 91.47001081284478 6.066666666666667
    vertex 112.3336128477563 91.86922059191657 7.150373077480012
    vertex 112.7328226268296 91.47001081284478 8
  endloop
endfacet
facet normal 0.707107 0.707107 -0
  outer loop
    vertex 112.7328226268296 91.47001081284478 2.200000000000001
    vertex 112.3458168583138 91.85701658135649 3.166666666666668
    vertex 112.7328226268296 91.47001081284478 4.133333333333335
  endloop
endfacet
facet normal 0.707107 0.707107 -1.88151e-12
  outer loop
    vertex 111.9588110898013 92.244022349874 4.133333333333329
    vertex 112.3458168583138 91.85701658135649 3.166666666666668
    vertex 111.9588110898013 92.24402234986886 2.200000000000001
  endloop
endfacet
facet normal 0.707107 0.707107 0
  outer loop
    vertex 111.9588110898013 92.244022349874 8
    vertex 112.3336128477563 91.86922059191657 7.150373077480012
    vertex 111.9588110898013 92.244022349874 6.066666666666658
  endloop
endfacet
facet normal 0.707107 0.707107 -4.48837e-13
  outer loop
    vertex 113.3478983863365 90.85493505333655 9.500000000000187
    vertex 112.9796914400719 91.22314199960206 10.2500000000006
    vertex 113.3478983863378 90.85493505333625 11.00000000000037
  endloop
endfacet
facet normal 0.707107 0.707107 6.29712e-13
  outer loop
    vertex 113.3478983863364 90.85493505333798 8
    vertex 112.827432831608 91.37540060806512 8.600000000000085
    vertex 113.3478983863365 90.85493505333655 9.500000000000187
  endloop
endfacet
facet normal 0.707107 0.707107 -0
  outer loop
    vertex 112.7328226268296 91.47001081284478 4.133333333333335
    vertex 112.3458168583138 91.85701658135774 5.099999999999998
    vertex 112.7328226268296 91.47001081284478 6.066666666666667
  endloop
endfacet
facet normal 0.707107 0.707107 0
  outer loop
    vertex 111.9588110898013 92.244022349874 6.066666666666658
    vertex 112.3458168583138 91.85701658135774 5.099999999999998
    vertex 111.9588110898013 92.244022349874 4.133333333333329
  endloop
endfacet
facet normal 0.707107 0.707107 1.5879e-12
  outer loop
    vertex 112.2603887844076 91.94244465526586 8
    vertex 112.827432831608 91.37540060806512 8.600000000000085
    vertex 112.7328226268296 91.47001081284478 8
  endloop
endfacet
facet normal 0.707107 0.707107 -4.32017e-13
  outer loop
    vertex 112.4481559741319 91.75467746554231 9.500000000000236
    vertex 112.827432831608 91.37540060806512 8.600000000000085
    vertex 112.2603887844076 91.94244465526586 8
  endloop
endfacet
facet normal -7.17075e-14 -1 -2.27374e-12
  outer loop
    vertex 107.7990875792474 86.61117963738926 7.3
    vertex 106.4118408337591 86.61117963738936 7.3
    vertex 107.7990875792474 86.61117963738948 7.199999999999995
  endloop
endfacet
facet normal -3.05362e-13 -1 -6.04852e-13
  outer loop
    vertex 113.10439550208 86.61117963738926 7.199999999999995
    vertex 111.3359595278025 86.6111796373898 7.199999999999995
    vertex 112.3292033483368 86.61117963738987 6.581083929480264
  endloop
endfacet
facet normal 8.83942e-14 -1 6.18599e-15
  outer loop
    vertex 109.5675235535249 86.61117963738964 7.199999999999995
    vertex 107.7990875792474 86.61117963738948 7.199999999999995
    vertex 108.6833055663862 86.61117963738955 6.05136714098203
  endloop
endfacet
facet normal 9.25677e-14 -1 5.1655e-15
  outer loop
    vertex 107.7990875792474 86.61117963738948 7.199999999999995
    vertex 106.4118408337591 86.61117963738936 7.3
    vertex 107.4047225305617 86.61117963738944 6.01384193312566
  endloop
endfacet
facet normal 8.51455e-14 -1 3.23349e-15
  outer loop
    vertex 113.10439550208 86.61117963738994 6
    vertex 111.7720628613849 86.61117963738982 5.924335717921067
    vertex 112.3187194304498 86.61117963738987 4.714247381977167
  endloop
endfacet
facet normal 8.5775e-14 -1 -7.85108e-15
  outer loop
    vertex 111.7720628613849 86.61117963738982 5.924335717921067
    vertex 113.10439550208 86.61117963738994 6
    vertex 112.3292033483368 86.61117963738987 6.581083929480264
  endloop
endfacet
facet normal 8.80196e-14 -1 7.47148e-15
  outer loop
    vertex 110.3524749365563 86.6111796373897 2.2
    vertex 112.1284352193181 86.61117963738985 2.2
    vertex 111.362753188858 86.6111796373898 3.612257263572101
  endloop
endfacet
facet normal 9.17133e-14 -1 -5.03761e-15
  outer loop
    vertex 108.6833055663862 86.61117963738955 6.05136714098203
    vertex 109.5484434583131 86.61117963738964 4.87611924093023
    vertex 110.3871531909923 86.61117963738971 6.040681202828392
  endloop
endfacet
facet normal 7.94719e-14 -1 0
  outer loop
    vertex 105.0245940882707 86.61117963738926 5.600000000000001
    vertex 105.0245940882707 86.61117963738926 3.900000000000003
    vertex 106.455123694448 86.61117963738937 4.738629687667526
  endloop
endfacet
facet normal 8.74548e-14 -1 6.87994e-15
  outer loop
    vertex 108.9433637612998 86.61117963738958 3.587615898040398
    vertex 110.3524749365563 86.6111796373897 2.2
    vertex 110.2248367794284 86.6111796373897 3.822480249885241
  endloop
endfacet
facet normal 8.87272e-14 -1 6.44236e-15
  outer loop
    vertex 108.6833055663862 86.61117963738955 6.05136714098203
    vertex 107.7990875792474 86.61117963738948 7.199999999999995
    vertex 107.4047225305617 86.61117963738944 6.01384193312566
  endloop
endfacet
facet normal 7.17075e-14 -1 -1.39322e-15
  outer loop
    vertex 106.4118408337591 86.61117963738936 7.3
    vertex 105.0245940882707 86.61117963738926 7.3
    vertex 106.1896731139257 86.61117963738934 6.065279223445537
  endloop
endfacet
facet normal 8.00179e-14 -1 -6.72212e-16
  outer loop
    vertex 108.5765146537944 86.61117963738955 2.2
    vertex 110.3524749365563 86.6111796373897 2.2
    vertex 108.9433637612998 86.61117963738958 3.587615898040398
  endloop
endfacet
facet normal 7.3184e-14 -1 0
  outer loop
    vertex 105.0245940882707 86.61117963738926 7.3
    vertex 105.0245940882707 86.61117963738926 5.600000000000001
    vertex 106.1896731139257 86.61117963738934 6.065279223445537
  endloop
endfacet
facet normal 8.42549e-14 -1 0
  outer loop
    vertex 113.90439550208 86.61117963739001 2.2
    vertex 113.90439550208 86.61117963739001 4.1
    vertex 112.7237397685572 86.61117963738991 3.365300929109853
  endloop
endfacet
facet normal 8.87087e-14 -1 6.97858e-15
  outer loop
    vertex 110.3524749365563 86.6111796373897 2.2
    vertex 111.362753188858 86.6111796373898 3.612257263572101
    vertex 110.2248367794284 86.6111796373897 3.822480249885241
  endloop
endfacet
facet normal 9.17675e-14 -1 3.58922e-15
  outer loop
    vertex 109.5675235535249 86.61117963738964 7.199999999999995
    vertex 108.6833055663862 86.61117963738955 6.05136714098203
    vertex 110.3871531909923 86.61117963738971 6.040681202828392
  endloop
endfacet
facet normal 8.81781e-14 -1 -7.64002e-15
  outer loop
    vertex 108.6833055663862 86.61117963738955 6.05136714098203
    vertex 108.0915795552275 86.61117963738951 4.802064267849085
    vertex 109.5484434583131 86.61117963738964 4.87611924093023
  endloop
endfacet
facet normal -3.34438e-13 -1 -5.68434e-13
  outer loop
    vertex 113.10439550208 86.61117963738994 6
    vertex 113.10439550208 86.61117963738926 7.199999999999995
    vertex 112.3292033483368 86.61117963738987 6.581083929480264
  endloop
endfacet
facet normal 8.80196e-14 -1 -3.46766e-15
  outer loop
    vertex 106.8005543710326 86.6111796373894 2.2
    vertex 108.5765146537944 86.61117963738955 2.2
    vertex 107.4961575641365 86.61117963738945 3.46405965582396
  endloop
endfacet
facet normal 8.86273e-14 -1 -2.94832e-15
  outer loop
    vertex 108.5765146537944 86.61117963738955 2.2
    vertex 108.9433637612998 86.61117963738958 3.587615898040398
    vertex 107.4961575641365 86.61117963738945 3.46405965582396
  endloop
endfacet
facet normal 8.17345e-14 -1 -3.19742e-15
  outer loop
    vertex 107.4047225305617 86.61117963738944 6.01384193312566
    vertex 106.4118408337591 86.61117963738936 7.3
    vertex 106.1896731139257 86.61117963738934 6.065279223445537
  endloop
endfacet
facet normal 8.80196e-14 -1 3.8144e-15
  outer loop
    vertex 112.1284352193181 86.61117963738985 2.2
    vertex 113.90439550208 86.61117963739001 2.2
    vertex 112.7237397685572 86.61117963738991 3.365300929109853
  endloop
endfacet
facet normal 8.71963e-14 -1 -9.21199e-15
  outer loop
    vertex 108.0915795552275 86.61117963738951 4.802064267849085
    vertex 107.4047225305617 86.61117963738944 6.01384193312566
    vertex 106.455123694448 86.61117963738937 4.738629687667526
  endloop
endfacet
facet normal 7.56913e-14 -1 -6.27852e-15
  outer loop
    vertex 105.0245940882707 86.61117963738926 5.600000000000001
    vertex 106.455123694448 86.61117963738937 4.738629687667526
    vertex 106.1896731139257 86.61117963738934 6.065279223445537
  endloop
endfacet
facet normal 7.90236e-14 -1 7.64709e-16
  outer loop
    vertex 106.455123694448 86.61117963738937 4.738629687667526
    vertex 105.0245940882707 86.61117963738926 3.900000000000003
    vertex 106.1098093490163 86.61117963738934 3.256048081386751
  endloop
endfacet
facet normal 8.45467e-14 -1 5.58857e-15
  outer loop
    vertex 111.362753188858 86.6111796373898 3.612257263572101
    vertex 112.1284352193181 86.61117963738985 2.2
    vertex 112.7237397685572 86.61117963738991 3.365300929109853
  endloop
endfacet
facet normal 8.76392e-14 -1 2.96056e-15
  outer loop
    vertex 109.5484434583131 86.61117963738964 4.87611924093023
    vertex 108.0915795552275 86.61117963738951 4.802064267849085
    vertex 108.9433637612998 86.61117963738958 3.587615898040398
  endloop
endfacet
facet normal 8.83942e-14 -1 1.20432e-15
  outer loop
    vertex 111.3359595278025 86.6111796373898 7.199999999999995
    vertex 109.5675235535249 86.61117963738964 7.199999999999995
    vertex 110.3871531909923 86.61117963738971 6.040681202828392
  endloop
endfacet
facet normal 8.80955e-14 -1 3.28057e-15
  outer loop
    vertex 108.9433637612998 86.61117963738958 3.587615898040398
    vertex 108.0915795552275 86.61117963738951 4.802064267849085
    vertex 107.4961575641365 86.61117963738945 3.46405965582396
  endloop
endfacet
facet normal 8.30431e-14 -1 -6.39358e-16
  outer loop
    vertex 110.9171485521147 86.61117963738975 4.836408846883479
    vertex 109.5484434583131 86.61117963738964 4.87611924093023
    vertex 110.2248367794284 86.6111796373897 3.822480249885241
  endloop
endfacet
facet normal 8.1242e-14 -1 1.47007e-15
  outer loop
    vertex 111.7720628613849 86.61117963738982 5.924335717921067
    vertex 110.9171485521147 86.61117963738975 4.836408846883479
    vertex 112.3187194304498 86.61117963738987 4.714247381977167
  endloop
endfacet
facet normal 8.00179e-14 -1 -1.48807e-15
  outer loop
    vertex 105.0245940882707 86.61117963738926 2.2
    vertex 106.8005543710326 86.6111796373894 2.2
    vertex 106.1098093490163 86.61117963738934 3.256048081386751
  endloop
endfacet
facet normal 8.91541e-14 -1 -8.10229e-15
  outer loop
    vertex 108.6833055663862 86.61117963738955 6.05136714098203
    vertex 107.4047225305617 86.61117963738944 6.01384193312566
    vertex 108.0915795552275 86.61117963738951 4.802064267849085
  endloop
endfacet
facet normal 8.30955e-14 -1 1.1689e-15
  outer loop
    vertex 110.3871531909923 86.61117963738971 6.040681202828392
    vertex 109.5484434583131 86.61117963738964 4.87611924093023
    vertex 110.9171485521147 86.61117963738975 4.836408846883479
  endloop
endfacet
facet normal 8.66878e-14 -1 3.90702e-15
  outer loop
    vertex 108.0915795552275 86.61117963738951 4.802064267849085
    vertex 106.455123694448 86.61117963738937 4.738629687667526
    vertex 107.4961575641365 86.61117963738945 3.46405965582396
  endloop
endfacet
facet normal 8.06368e-14 -1 -5.47353e-15
  outer loop
    vertex 110.9171485521147 86.61117963738975 4.836408846883479
    vertex 111.362753188858 86.6111796373898 3.612257263572101
    vertex 112.3187194304498 86.61117963738987 4.714247381977167
  endloop
endfacet
facet normal 8.259e-14 -1 5.95458e-15
  outer loop
    vertex 111.3359595278025 86.6111796373898 7.199999999999995
    vertex 110.3871531909923 86.61117963738971 6.040681202828392
    vertex 111.7720628613849 86.61117963738982 5.924335717921067
  endloop
endfacet
facet normal 7.85698e-14 -1 0
  outer loop
    vertex 105.0245940882707 86.61117963738926 3.900000000000003
    vertex 105.0245940882707 86.61117963738926 2.2
    vertex 106.1098093490163 86.61117963738934 3.256048081386751
  endloop
endfacet
facet normal 8.16546e-14 -1 -5.08532e-15
  outer loop
    vertex 106.455123694448 86.61117963738937 4.738629687667526
    vertex 107.4047225305617 86.61117963738944 6.01384193312566
    vertex 106.1896731139257 86.61117963738934 6.065279223445537
  endloop
endfacet
facet normal 8.75617e-14 -1 -5.31401e-15
  outer loop
    vertex 113.90439550208 86.61117963739001 4.1
    vertex 112.3187194304498 86.61117963738987 4.714247381977167
    vertex 112.7237397685572 86.61117963738991 3.365300929109853
  endloop
endfacet
facet normal 8.21531e-14 -1 7.54132e-16
  outer loop
    vertex 111.7720628613849 86.61117963738982 5.924335717921067
    vertex 110.3871531909923 86.61117963738971 6.040681202828392
    vertex 110.9171485521147 86.61117963738975 4.836408846883479
  endloop
endfacet
facet normal 8.68243e-14 -1 -3.22121e-15
  outer loop
    vertex 111.362753188858 86.6111796373898 3.612257263572101
    vertex 110.9171485521147 86.61117963738975 4.836408846883479
    vertex 110.2248367794284 86.6111796373897 3.822480249885241
  endloop
endfacet
facet normal 8.22807e-14 -1 -6.89961e-15
  outer loop
    vertex 112.3187194304498 86.61117963738987 4.714247381977167
    vertex 111.362753188858 86.6111796373898 3.612257263572101
    vertex 112.7237397685572 86.61117963738991 3.365300929109853
  endloop
endfacet
facet normal 8.19936e-14 -1 7.29453e-17
  outer loop
    vertex 107.4961575641365 86.61117963738945 3.46405965582396
    vertex 106.455123694448 86.61117963738937 4.738629687667526
    vertex 106.1098093490163 86.61117963738934 3.256048081386751
  endloop
endfacet
facet normal 7.32607e-14 -1 2.76524e-15
  outer loop
    vertex 111.3359595278025 86.6111796373898 7.199999999999995
    vertex 111.7720628613849 86.61117963738982 5.924335717921067
    vertex 112.3292033483368 86.61117963738987 6.581083929480264
  endloop
endfacet
facet normal 8.82234e-14 -1 2.68623e-15
  outer loop
    vertex 109.5484434583131 86.61117963738964 4.87611924093023
    vertex 108.9433637612998 86.61117963738958 3.587615898040398
    vertex 110.2248367794284 86.6111796373897 3.822480249885241
  endloop
endfacet
facet normal 8.20303e-14 -1 -1.71767e-16
  outer loop
    vertex 106.8005543710326 86.6111796373894 2.2
    vertex 107.4961575641365 86.61117963738945 3.46405965582396
    vertex 106.1098093490163 86.61117963738934 3.256048081386751
  endloop
endfacet
facet normal 8.88178e-14 -1 0
  outer loop
    vertex 113.90439550208 86.61117963739001 4.1
    vertex 113.90439550208 86.61117963739001 6
    vertex 113.10439550208 86.61117963738994 6
  endloop
endfacet
facet normal 8.97765e-14 -1 4.03657e-16
  outer loop
    vertex 113.90439550208 86.61117963739001 4.1
    vertex 113.10439550208 86.61117963738994 6
    vertex 112.3187194304498 86.61117963738987 4.714247381977167
  endloop
endfacet
facet normal 1.06537e-12 1 1.59872e-11
  outer loop
    vertex 107.7990875792474 41.31117963738788 7.3
    vertex 107.7990875792474 41.31117963738948 7.199999999999995
    vertex 106.4118408337594 41.31117963738936 7.3
  endloop
endfacet
facet normal -8.66611e-14 1 0
  outer loop
    vertex 105.0245940882713 41.31117963738924 2.2
    vertex 105.0245940882713 41.31117963738924 3.900000000000003
    vertex 106.5004310480156 41.31117963738937 3.597639391974965
  endloop
endfacet
facet normal -8.43762e-14 1 1.4843e-15
  outer loop
    vertex 107.7990875792474 41.31117963738948 7.199999999999995
    vertex 109.5675235535249 41.31117963738963 7.199999999999995
    vertex 108.6199215325759 41.31117963738955 5.990414814285996
  endloop
endfacet
facet normal -8.46406e-14 1 1.30493e-15
  outer loop
    vertex 107.7990875792474 41.31117963738948 7.199999999999995
    vertex 108.6199215325759 41.31117963738955 5.990414814285996
    vertex 107.1101091625728 41.31117963738942 6.071895410649518
  endloop
endfacet
facet normal -8.80196e-14 1 1.43453e-15
  outer loop
    vertex 106.8005543710339 41.31117963738939 2.2
    vertex 105.0245940882713 41.31117963738924 2.2
    vertex 106.5004310480156 41.31117963738937 3.597639391974965
  endloop
endfacet
facet normal 9.24121e-14 1 2.99047e-13
  outer loop
    vertex 111.3359595278025 41.31117963738978 7.199999999999995
    vertex 113.10439550208 41.31117963738961 7.199999999999995
    vertex 112.3379782957046 41.31117963738987 6.581472129679652
  endloop
endfacet
facet normal -8.42072e-14 1 8.68913e-16
  outer loop
    vertex 109.1971521477201 41.3111796373896 4.688772779786246
    vertex 108.6199215325759 41.31117963738955 5.990414814285996
    vertex 110.3053089155396 41.31117963738969 5.775454640682491
  endloop
endfacet
facet normal 1.76186e-13 1 -2.07685e-13
  outer loop
    vertex 113.10439550208 41.31117963738961 6
    vertex 111.807162650856 41.31117963738983 5.925888518718616
    vertex 112.3379782957046 41.31117963738987 6.581472129679652
  endloop
endfacet
facet normal -8.80196e-14 1 2.14347e-15
  outer loop
    vertex 112.1284352193216 41.31117963738986 2.2
    vertex 110.3524749365591 41.3111796373897 2.2
    vertex 111.1098753873807 41.31117963738976 3.467700930810033
  endloop
endfacet
facet normal -8.47176e-14 1 -1.21982e-16
  outer loop
    vertex 107.1101091625728 41.31117963738942 6.071895410649518
    vertex 108.6199215325759 41.31117963738955 5.990414814285996
    vertex 107.69904358772 41.31117963738947 4.800396432424273
  endloop
endfacet
facet normal -8.75831e-14 1 -3.32385e-16
  outer loop
    vertex 112.7838778757162 41.31117963738991 5.069080331704915
    vertex 112.6275258279058 41.3111796373899 3.513501244539148
    vertex 111.4871793476484 41.3111796373898 4.714361859844685
  endloop
endfacet
facet normal -8.89074e-14 1 -1.58988e-15
  outer loop
    vertex 112.6275258279058 41.3111796373899 3.513501244539148
    vertex 111.1098753873807 41.31117963738976 3.467700930810033
    vertex 111.4871793476484 41.3111796373898 4.714361859844685
  endloop
endfacet
facet normal -8.41512e-14 1 1.30801e-15
  outer loop
    vertex 108.6199215325759 41.31117963738955 5.990414814285996
    vertex 109.5675235535249 41.31117963738963 7.199999999999995
    vertex 110.3053089155396 41.31117963738969 5.775454640682491
  endloop
endfacet
facet normal 1.48936e-13 1 2.69294e-13
  outer loop
    vertex 111.807162650856 41.31117963738983 5.925888518718616
    vertex 113.10439550208 41.31117963738961 6
    vertex 112.7838778757162 41.31117963738991 5.069080331704915
  endloop
endfacet
facet normal -8.40188e-14 1 -2.74547e-15
  outer loop
    vertex 108.5765146537965 41.31117963738954 2.2
    vertex 106.8005543710339 41.31117963738939 2.2
    vertex 108.1947498393642 41.31117963738951 3.53080753941366
  endloop
endfacet
facet normal -8.68807e-14 1 2.67307e-15
  outer loop
    vertex 106.4118408337594 41.31117963738936 7.3
    vertex 107.7990875792474 41.31117963738948 7.199999999999995
    vertex 107.1101091625728 41.31117963738942 6.071895410649518
  endloop
endfacet
facet normal -8.90461e-14 1 -2.12686e-15
  outer loop
    vertex 107.1101091625728 41.31117963738942 6.071895410649518
    vertex 107.69904358772 41.31117963738947 4.800396432424273
    vertex 106.2590503134331 41.31117963738934 4.954632380011851
  endloop
endfacet
facet normal -8.53457e-14 1 3.64053e-16
  outer loop
    vertex 107.69904358772 41.31117963738947 4.800396432424273
    vertex 108.6199215325759 41.31117963738955 5.990414814285996
    vertex 109.1971521477201 41.3111796373896 4.688772779786246
  endloop
endfacet
facet normal -8.80106e-14 1 1.43648e-15
  outer loop
    vertex 108.1947498393642 41.31117963738951 3.53080753941366
    vertex 106.8005543710339 41.31117963738939 2.2
    vertex 106.5004310480156 41.31117963738937 3.597639391974965
  endloop
endfacet
facet normal -8.43762e-14 1 1.19146e-15
  outer loop
    vertex 109.5675235535249 41.31117963738963 7.199999999999995
    vertex 111.3359595278025 41.31117963738978 7.199999999999995
    vertex 110.3053089155396 41.31117963738969 5.775454640682491
  endloop
endfacet
facet normal -8.4949e-14 1 -3.01234e-15
  outer loop
    vertex 108.5765146537965 41.31117963738954 2.2
    vertex 108.1947498393642 41.31117963738951 3.53080753941366
    vertex 109.6200153988854 41.31117963738964 3.436971123770474
  endloop
endfacet
facet normal -8.80196e-14 1 -4.21987e-16
  outer loop
    vertex 110.3524749365591 41.3111796373897 2.2
    vertex 108.5765146537965 41.31117963738954 2.2
    vertex 109.6200153988854 41.31117963738964 3.436971123770474
  endloop
endfacet
facet normal -8.74552e-14 1 -3.33871e-15
  outer loop
    vertex 107.1101091625728 41.31117963738942 6.071895410649518
    vertex 106.2590503134331 41.31117963738934 4.954632380011851
    vertex 105.9660376972616 41.31117963738932 6.245305558132275
  endloop
endfacet
facet normal 3.33755e-13 1 0
  outer loop
    vertex 113.10439550208 41.31117963738961 7.199999999999995
    vertex 113.10439550208 41.31117963738961 6
    vertex 112.3379782957046 41.31117963738987 6.581472129679652
  endloop
endfacet
facet normal -8.65988e-14 1 3.04355e-16
  outer loop
    vertex 105.0245940882713 41.31117963738924 3.900000000000003
    vertex 106.2590503134331 41.31117963738934 4.954632380011851
    vertex 106.5004310480156 41.31117963738937 3.597639391974965
  endloop
endfacet
facet normal -9.04505e-14 1 5.58618e-15
  outer loop
    vertex 110.3053089155396 41.31117963738969 5.775454640682491
    vertex 111.3359595278025 41.31117963738978 7.199999999999995
    vertex 111.807162650856 41.31117963738983 5.925888518718616
  endloop
endfacet
facet normal -8.34709e-14 1 -1.84796e-25
  outer loop
    vertex 113.90439550208 41.31117963739 4.1
    vertex 113.9043955020842 41.31117963739 2.2
    vertex 112.6275258279058 41.3111796373899 3.513501244539148
  endloop
endfacet
facet normal -8.40188e-14 1 -5.32616e-16
  outer loop
    vertex 113.9043955020842 41.31117963739 2.2
    vertex 112.1284352193216 41.31117963738986 2.2
    vertex 112.6275258279058 41.3111796373899 3.513501244539148
  endloop
endfacet
facet normal -8.71301e-14 1 3.84961e-15
  outer loop
    vertex 109.1971521477201 41.3111796373896 4.688772779786246
    vertex 110.3053089155396 41.31117963738969 5.775454640682491
    vertex 110.3283117220225 41.3111796373897 4.45033604573139
  endloop
endfacet
facet normal -8.58631e-14 1 8.55004e-16
  outer loop
    vertex 111.1098753873807 41.31117963738976 3.467700930810033
    vertex 110.3524749365591 41.3111796373897 2.2
    vertex 109.6200153988854 41.31117963738964 3.436971123770474
  endloop
endfacet
facet normal -9.05685e-14 1 0
  outer loop
    vertex 105.0245940882713 41.31117963738924 5.600000000000005
    vertex 105.0245940882713 41.31117963738924 7.3
    vertex 105.9660376972616 41.31117963738932 6.245305558132275
  endloop
endfacet
facet normal -8.47674e-14 1 -2.53948e-16
  outer loop
    vertex 108.1947498393642 41.31117963738951 3.53080753941366
    vertex 109.1971521477201 41.3111796373896 4.688772779786246
    vertex 109.6200153988854 41.31117963738964 3.436971123770474
  endloop
endfacet
facet normal -8.89963e-14 1 1.35872e-15
  outer loop
    vertex 112.1284352193216 41.31117963738986 2.2
    vertex 111.1098753873807 41.31117963738976 3.467700930810033
    vertex 112.6275258279058 41.3111796373899 3.513501244539148
  endloop
endfacet
facet normal -8.63388e-14 1 0
  outer loop
    vertex 105.0245940882713 41.31117963738924 3.900000000000003
    vertex 105.0245940882713 41.31117963738924 5.600000000000005
    vertex 106.2590503134331 41.31117963738934 4.954632380011851
  endloop
endfacet
facet normal -8.31118e-14 1 -7.81806e-16
  outer loop
    vertex 112.7838778757162 41.31117963738991 5.069080331704915
    vertex 113.90439550208 41.31117963739 4.1
    vertex 112.6275258279058 41.3111796373899 3.513501244539148
  endloop
endfacet
facet normal -8.53539e-14 1 2.53715e-16
  outer loop
    vertex 107.69904358772 41.31117963738947 4.800396432424273
    vertex 109.1971521477201 41.3111796373896 4.688772779786246
    vertex 108.1947498393642 41.31117963738951 3.53080753941366
  endloop
endfacet
facet normal -8.88281e-14 1 -9.22022e-17
  outer loop
    vertex 106.2590503134331 41.31117963738934 4.954632380011851
    vertex 107.69904358772 41.31117963738947 4.800396432424273
    vertex 106.5004310480156 41.31117963738937 3.597639391974965
  endloop
endfacet
facet normal -8.70734e-14 1 3.11981e-15
  outer loop
    vertex 105.0245940882713 41.31117963738924 7.3
    vertex 106.4118408337594 41.31117963738936 7.3
    vertex 105.9660376972616 41.31117963738932 6.245305558132275
  endloop
endfacet
facet normal -8.80995e-14 1 -8.18309e-16
  outer loop
    vertex 107.69904358772 41.31117963738947 4.800396432424273
    vertex 108.1947498393642 41.31117963738951 3.53080753941366
    vertex 106.5004310480156 41.31117963738937 3.597639391974965
  endloop
endfacet
facet normal -8.992e-14 1 2.8988e-16
  outer loop
    vertex 110.3053089155396 41.31117963738969 5.775454640682491
    vertex 111.807162650856 41.31117963738983 5.925888518718616
    vertex 111.4871793476484 41.3111796373898 4.714361859844685
  endloop
endfacet
facet normal -8.81689e-14 1 -3.50075e-15
  outer loop
    vertex 106.2590503134331 41.31117963738934 4.954632380011851
    vertex 105.0245940882713 41.31117963738924 5.600000000000005
    vertex 105.9660376972616 41.31117963738932 6.245305558132275
  endloop
endfacet
facet normal -8.82291e-14 1 6.40774e-15
  outer loop
    vertex 111.807162650856 41.31117963738983 5.925888518718616
    vertex 111.3359595278025 41.31117963738978 7.199999999999995
    vertex 112.3379782957046 41.31117963738987 6.581472129679652
  endloop
endfacet
facet normal -8.75846e-14 1 -3.26933e-16
  outer loop
    vertex 111.807162650856 41.31117963738983 5.925888518718616
    vertex 112.7838778757162 41.31117963738991 5.069080331704915
    vertex 111.4871793476484 41.3111796373898 4.714361859844685
  endloop
endfacet
facet normal -8.57805e-14 1 -3.14875e-15
  outer loop
    vertex 111.1098753873807 41.31117963738976 3.467700930810033
    vertex 109.6200153988854 41.31117963738964 3.436971123770474
    vertex 110.3283117220225 41.3111796373897 4.45033604573139
  endloop
endfacet
facet normal -8.52227e-14 1 -2.70506e-15
  outer loop
    vertex 111.4871793476484 41.3111796373898 4.714361859844685
    vertex 111.1098753873807 41.31117963738976 3.467700930810033
    vertex 110.3283117220225 41.3111796373897 4.45033604573139
  endloop
endfacet
facet normal -8.67176e-14 1 3.85677e-15
  outer loop
    vertex 110.3053089155396 41.31117963738969 5.775454640682491
    vertex 111.4871793476484 41.3111796373898 4.714361859844685
    vertex 110.3283117220225 41.3111796373897 4.45033604573139
  endloop
endfacet
facet normal -8.82426e-14 1 -1.42787e-15
  outer loop
    vertex 109.6200153988854 41.31117963738964 3.436971123770474
    vertex 109.1971521477201 41.3111796373896 4.688772779786246
    vertex 110.3283117220225 41.3111796373897 4.45033604573139
  endloop
endfacet
facet normal -8.65122e-14 1 2.8826e-15
  outer loop
    vertex 106.4118408337594 41.31117963738936 7.3
    vertex 107.1101091625728 41.31117963738942 6.071895410649518
    vertex 105.9660376972616 41.31117963738932 6.245305558132275
  endloop
endfacet
facet normal -4.88498e-13 1 4.88764e-13
  outer loop
    vertex 113.10439550208 41.31117963738961 6
    vertex 113.90439550208 41.31117963739 6
    vertex 112.7838778757162 41.31117963738991 5.069080331704915
  endloop
endfacet
facet normal -8.24356e-14 1 0
  outer loop
    vertex 113.90439550208 41.31117963739 6
    vertex 113.90439550208 41.31117963739 4.1
    vertex 112.7838778757162 41.31117963738991 5.069080331704915
  endloop
endfacet
facet normal -0.728769 0.68476 1.52247e-15
  outer loop
    vertex 107.8456487438632 91.53427532695579 6.482682486141445
    vertex 108.6181179286759 92.35639085949403 5.1
    vertex 107.245783059938 90.89585646716517 5.100000000000149
  endloop
endfacet
facet normal -0.728769 0.68476 -3.12508e-15
  outer loop
    vertex 108.6181179286759 92.35639085949403 5.1
    vertex 107.845648743863 91.53427532695561 3.717317513858695
    vertex 107.245783059938 90.89585646716517 5.100000000000149
  endloop
endfacet
facet normal -0.728769 0.68476 0
  outer loop
    vertex 102.4468575885378 85.78850558883954 4.133333333333335
    vertex 102.4468575885378 85.78850558883954 6.066666666666667
    vertex 103.5587667574682 86.97187680483465 5.100000000000032
  endloop
endfacet
facet normal -0.728769 0.68476 2.12029e-13
  outer loop
    vertex 106.0460516920882 89.61901874758355 8
    vertex 107.2457830599381 90.89585646716512 8
    vertex 106.6459173760129 90.25743760737456 6.482682486141449
  endloop
endfacet
facet normal -0.728769 0.68476 5.46631e-13
  outer loop
    vertex 104.8463203242383 88.34218102800197 8
    vertex 106.0460516920882 89.61901874758355 8
    vertex 105.4461860081627 88.98059988779333 6.482682486141449
  endloop
endfacet
facet normal -0.728769 0.68476 3.77722e-13
  outer loop
    vertex 106.0460516920882 89.61901874758355 8
    vertex 106.6459173760129 90.25743760737456 6.482682486141449
    vertex 105.4461860081627 88.98059988779333 6.482682486141449
  endloop
endfacet
facet normal -0.728769 0.68476 -1.19566e-13
  outer loop
    vertex 107.2457830599381 90.89585646716512 8
    vertex 108.4455144277879 92.1726941867467 8
    vertex 107.8456487438632 91.53427532695579 6.482682486141445
  endloop
endfacet
facet normal -0.728769 0.68476 4.95305e-14
  outer loop
    vertex 106.6459173760129 90.25743760737456 6.482682486141449
    vertex 107.2457830599381 90.89585646716512 8
    vertex 107.8456487438632 91.53427532695579 6.482682486141445
  endloop
endfacet
facet normal -0.728769 0.68476 -6.5985e-15
  outer loop
    vertex 106.0460516920874 89.61901874758358 2.200000000000001
    vertex 104.8463203242371 88.34218102800224 2.200000000000001
    vertex 105.4461860081623 88.98059988779292 3.717317513858695
  endloop
endfacet
facet normal -0.728769 0.68476 0
  outer loop
    vertex 107.2457830599378 90.89585646716493 2.200000000000001
    vertex 106.0460516920874 89.61901874758358 2.200000000000001
    vertex 106.6459173760126 90.25743760737426 3.717317513858698
  endloop
endfacet
facet normal -0.728769 0.68476 3.42454e-15
  outer loop
    vertex 108.4455144277882 92.17269418674628 2.200000000000001
    vertex 107.2457830599378 90.89585646716493 2.200000000000001
    vertex 107.845648743863 91.53427532695561 3.717317513858695
  endloop
endfacet
facet normal -0.728769 0.68476 -6.61938e-15
  outer loop
    vertex 106.0460516920874 89.61901874758358 2.200000000000001
    vertex 105.4461860081623 88.98059988779292 3.717317513858695
    vertex 106.6459173760126 90.25743760737426 3.717317513858698
  endloop
endfacet
facet normal -0.728769 0.68476 3.42454e-15
  outer loop
    vertex 107.845648743863 91.53427532695561 3.717317513858695
    vertex 107.2457830599378 90.89585646716493 2.200000000000001
    vertex 106.6459173760126 90.25743760737426 3.717317513858698
  endloop
endfacet
facet normal -0.728769 0.68476 8.88276e-13
  outer loop
    vertex 103.6465889563884 87.06534330842041 8
    vertex 104.8463203242383 88.34218102800197 8
    vertex 104.270706866334 87.72957307705215 6.503130578816547
  endloop
endfacet
facet normal -0.728769 0.68476 1.86266e-15
  outer loop
    vertex 104.8463203242371 88.34218102800224 2.200000000000001
    vertex 103.6465889563867 87.06534330842089 2.200000000000001
    vertex 104.2707068663337 87.72957307705185 3.696869421183396
  endloop
endfacet
facet normal -0.728769 0.68476 7.21411e-13
  outer loop
    vertex 104.8463203242383 88.34218102800197 8
    vertex 105.4461860081627 88.98059988779333 6.482682486141449
    vertex 104.270706866334 87.72957307705215 6.503130578816547
  endloop
endfacet
facet normal -0.728769 0.68476 -7.29631e-16
  outer loop
    vertex 105.4461860081623 88.98059988779292 3.717317513858695
    vertex 104.8463203242371 88.34218102800224 2.200000000000001
    vertex 104.2707068663337 87.72957307705185 3.696869421183396
  endloop
endfacet
facet normal -0.728769 0.68476 0
  outer loop
    vertex 109.6452457956385 93.44953190632762 6.066666666666667
    vertex 109.6452457956385 93.44953190632762 4.133333333333335
    vertex 108.6181179286759 92.35639085949403 5.1
  endloop
endfacet
facet normal -0.728769 0.68476 1.43807e-15
  outer loop
    vertex 103.5587667574682 86.97187680483465 5.100000000000032
    vertex 104.270706866334 87.72957307705215 6.503130578816547
    vertex 104.8397673664248 88.33520691368481 5.100000000000055
  endloop
endfacet
facet normal -0.728769 0.68476 -6.80968e-15
  outer loop
    vertex 104.2707068663337 87.72957307705185 3.696869421183396
    vertex 103.5587667574682 86.97187680483465 5.100000000000032
    vertex 104.8397673664248 88.33520691368481 5.100000000000055
  endloop
endfacet
facet normal -0.728769 0.68476 7.24101e-15
  outer loop
    vertex 105.4461860081627 88.98059988779333 6.482682486141449
    vertex 106.6459173760129 90.25743760737456 6.482682486141449
    vertex 106.0460516920878 89.61901874758395 5.100000000000204
  endloop
endfacet
facet normal -0.728769 0.68476 3.75799e-15
  outer loop
    vertex 106.6459173760129 90.25743760737456 6.482682486141449
    vertex 107.8456487438632 91.53427532695579 6.482682486141445
    vertex 107.245783059938 90.89585646716517 5.100000000000149
  endloop
endfacet
facet normal -0.728769 0.68476 7.24101e-15
  outer loop
    vertex 106.0460516920878 89.61901874758395 5.100000000000204
    vertex 106.6459173760129 90.25743760737456 6.482682486141449
    vertex 107.245783059938 90.89585646716517 5.100000000000149
  endloop
endfacet
facet normal -0.728769 0.68476 -3.48302e-15
  outer loop
    vertex 106.6459173760126 90.25743760737426 3.717317513858698
    vertex 105.4461860081623 88.98059988779292 3.717317513858695
    vertex 106.0460516920878 89.61901874758395 5.100000000000204
  endloop
endfacet
facet normal -0.728769 0.68476 -5.24744e-15
  outer loop
    vertex 106.6459173760126 90.25743760737426 3.717317513858698
    vertex 106.0460516920878 89.61901874758395 5.100000000000204
    vertex 107.245783059938 90.89585646716517 5.100000000000149
  endloop
endfacet
facet normal -0.728769 0.68476 -3.52885e-15
  outer loop
    vertex 107.845648743863 91.53427532695561 3.717317513858695
    vertex 106.6459173760126 90.25743760737426 3.717317513858698
    vertex 107.245783059938 90.89585646716517 5.100000000000149
  endloop
endfacet
facet normal -0.728769 0.68476 0
  outer loop
    vertex 102.4468575885378 85.78850558883954 6.066666666666667
    vertex 102.4468575885378 85.78850558883954 8
    vertex 103.3145767345722 86.711992767179 6.678848066646863
  endloop
endfacet
facet normal -0.728769 0.68476 5.46391e-13
  outer loop
    vertex 102.4468575885364 85.78850558883954 2.200000000000001
    vertex 102.4468575885378 85.78850558883954 4.133333333333335
    vertex 103.314576734572 86.71199276717884 3.52115193335316
  endloop
endfacet
facet normal -0.728769 0.68476 6.95098e-15
  outer loop
    vertex 105.4461860081627 88.98059988779333 6.482682486141449
    vertex 106.0460516920878 89.61901874758395 5.100000000000204
    vertex 104.8397673664248 88.33520691368481 5.100000000000055
  endloop
endfacet
facet normal -0.728769 0.68476 -1.32183e-15
  outer loop
    vertex 106.0460516920878 89.61901874758395 5.100000000000204
    vertex 105.4461860081623 88.98059988779292 3.717317513858695
    vertex 104.8397673664248 88.33520691368481 5.100000000000055
  endloop
endfacet
facet normal -0.728769 0.68476 -4.83623e-13
  outer loop
    vertex 109.6452457956378 93.44953190632826 8
    vertex 109.6452457956385 93.44953190632762 6.066666666666667
    vertex 108.7912225522841 92.54062086195947 6.696973633051893
  endloop
endfacet
facet normal -0.728769 0.68476 0
  outer loop
    vertex 109.6452457956385 93.44953190632762 4.133333333333335
    vertex 109.6452457956385 93.44953190632762 2.200000000000001
    vertex 108.791222552284 92.54062086195935 3.503026366948206
  endloop
endfacet
facet normal -0.728769 0.68476 1.09165e-12
  outer loop
    vertex 102.4468575885378 85.78850558883954 8
    vertex 103.6465889563884 87.06534330842041 8
    vertex 103.3145767345722 86.711992767179 6.678848066646863
  endloop
endfacet
facet normal -0.728769 0.68476 -5.99545e-16
  outer loop
    vertex 103.6465889563867 87.06534330842089 2.200000000000001
    vertex 102.4468575885364 85.78850558883954 2.200000000000001
    vertex 103.314576734572 86.71199276717884 3.52115193335316
  endloop
endfacet
facet normal -0.728769 0.68476 -4.42127e-13
  outer loop
    vertex 108.4455144277879 92.1726941867467 8
    vertex 109.6452457956378 93.44953190632826 8
    vertex 108.7912225522841 92.54062086195947 6.696973633051893
  endloop
endfacet
facet normal -0.728769 0.68476 4.86308e-16
  outer loop
    vertex 109.6452457956385 93.44953190632762 2.200000000000001
    vertex 108.4455144277882 92.17269418674628 2.200000000000001
    vertex 108.791222552284 92.54062086195935 3.503026366948206
  endloop
endfacet
facet normal -0.728769 0.68476 5.57046e-15
  outer loop
    vertex 104.270706866334 87.72957307705215 6.503130578816547
    vertex 105.4461860081627 88.98059988779333 6.482682486141449
    vertex 104.8397673664248 88.33520691368481 5.100000000000055
  endloop
endfacet
facet normal -0.728769 0.68476 -5.66331e-15
  outer loop
    vertex 105.4461860081623 88.98059988779292 3.717317513858695
    vertex 104.2707068663337 87.72957307705185 3.696869421183396
    vertex 104.8397673664248 88.33520691368481 5.100000000000055
  endloop
endfacet
facet normal -0.728769 0.68476 -1.70636e-13
  outer loop
    vertex 103.5587667574682 86.97187680483465 5.100000000000032
    vertex 102.4468575885378 85.78850558883954 6.066666666666667
    vertex 103.3145767345722 86.711992767179 6.678848066646863
  endloop
endfacet
facet normal -0.728769 0.68476 1.68109e-13
  outer loop
    vertex 102.4468575885378 85.78850558883954 4.133333333333335
    vertex 103.5587667574682 86.97187680483465 5.100000000000032
    vertex 103.314576734572 86.71199276717884 3.52115193335316
  endloop
endfacet
facet normal -0.728769 0.68476 -1.72903e-15
  outer loop
    vertex 108.6181179286759 92.35639085949403 5.1
    vertex 107.8456487438632 91.53427532695579 6.482682486141445
    vertex 108.7912225522841 92.54062086195947 6.696973633051893
  endloop
endfacet
facet normal -0.728769 0.68476 -1.34193e-15
  outer loop
    vertex 107.845648743863 91.53427532695561 3.717317513858695
    vertex 108.6181179286759 92.35639085949403 5.1
    vertex 108.791222552284 92.54062086195935 3.503026366948206
  endloop
endfacet
facet normal -0.728769 0.68476 -3.11004e-16
  outer loop
    vertex 104.270706866334 87.72957307705215 6.503130578816547
    vertex 103.5587667574682 86.97187680483465 5.100000000000032
    vertex 103.3145767345722 86.711992767179 6.678848066646863
  endloop
endfacet
facet normal -0.728769 0.68476 -2.65649e-15
  outer loop
    vertex 103.5587667574682 86.97187680483465 5.100000000000032
    vertex 104.2707068663337 87.72957307705185 3.696869421183396
    vertex 103.314576734572 86.71199276717884 3.52115193335316
  endloop
endfacet
facet normal -0.728769 0.68476 -3.16622e-13
  outer loop
    vertex 107.8456487438632 91.53427532695579 6.482682486141445
    vertex 108.4455144277879 92.1726941867467 8
    vertex 108.7912225522841 92.54062086195947 6.696973633051893
  endloop
endfacet
facet normal -0.728769 0.68476 2.92468e-15
  outer loop
    vertex 108.4455144277882 92.17269418674628 2.200000000000001
    vertex 107.845648743863 91.53427532695561 3.717317513858695
    vertex 108.791222552284 92.54062086195935 3.503026366948206
  endloop
endfacet
facet normal -0.728769 0.68476 -3.45805e-15
  outer loop
    vertex 109.6452457956385 93.44953190632762 6.066666666666667
    vertex 108.6181179286759 92.35639085949403 5.1
    vertex 108.7912225522841 92.54062086195947 6.696973633051893
  endloop
endfacet
facet normal -0.728769 0.68476 -2.70967e-16
  outer loop
    vertex 108.6181179286759 92.35639085949403 5.1
    vertex 109.6452457956385 93.44953190632762 4.133333333333335
    vertex 108.791222552284 92.54062086195935 3.503026366948206
  endloop
endfacet
facet normal -0.728769 0.68476 1.14923e-12
  outer loop
    vertex 103.6465889563884 87.06534330842041 8
    vertex 104.270706866334 87.72957307705215 6.503130578816547
    vertex 103.3145767345722 86.711992767179 6.678848066646863
  endloop
endfacet
facet normal -0.728769 0.68476 2.87634e-16
  outer loop
    vertex 104.2707068663337 87.72957307705185 3.696869421183396
    vertex 103.6465889563867 87.06534330842089 2.200000000000001
    vertex 103.314576734572 86.71199276717884 3.52115193335316
  endloop
endfacet
facet normal -0.844144 0.536117 0
  outer loop
    vertex 102.4468575885378 85.78850558883954 4.133333333333335
    vertex 102.0451336101623 85.15597011092572 5.100000000000001
    vertex 102.4468575885378 85.78850558883954 6.066666666666667
  endloop
endfacet
facet normal -0.982274 0.187453 5.30157e-13
  outer loop
    vertex 101.9043955020845 84.41898624593964 4.133333333333335
    vertex 102.0449499090247 85.155506501231 3.164135898067655
    vertex 101.9043955020834 84.41898624593959 2.200000000000001
  endloop
endfacet
facet normal -0.982274 0.187453 0
  outer loop
    vertex 101.9043955020845 84.41898624593964 8
    vertex 102.0449499090247 85.15550650123087 7.035864101932486
    vertex 101.9043955020845 84.41898624593964 6.066666666666667
  endloop
endfacet
facet normal -0.844211 0.536011 6.32943e-13
  outer loop
    vertex 102.4468575885364 85.78850558883954 2.200000000000001
    vertex 102.0449499090247 85.155506501231 3.164135898067655
    vertex 102.4468575885378 85.78850558883954 4.133333333333335
  endloop
endfacet
facet normal -0.844211 0.536011 0
  outer loop
    vertex 102.4468575885378 85.78850558883954 6.066666666666667
    vertex 102.0449499090247 85.15550650123087 7.035864101932486
    vertex 102.4468575885378 85.78850558883954 8
  endloop
endfacet
facet normal -0.98225 0.187575 0
  outer loop
    vertex 101.9043955020845 84.41898624593964 6.066666666666667
    vertex 102.0451336101623 85.15597011092572 5.100000000000001
    vertex 101.9043955020845 84.41898624593964 4.133333333333335
  endloop
endfacet
facet normal -0.920098 0.364448 -0.14352
  outer loop
    vertex 101.9043955020845 84.41898624593964 6.066666666666667
    vertex 102.0449499090247 85.15550650123087 7.035864101932486
    vertex 102.4468575885378 85.78850558883954 6.066666666666667
  endloop
endfacet
facet normal -0.920098 0.364448 0.14352
  outer loop
    vertex 102.4468575885378 85.78850558883954 4.133333333333335
    vertex 102.0449499090247 85.155506501231 3.164135898067655
    vertex 101.9043955020845 84.41898624593964 4.133333333333335
  endloop
endfacet
facet normal -0.920048 0.364428 0.143888
  outer loop
    vertex 102.4468575885378 85.78850558883954 6.066666666666667
    vertex 102.0451336101623 85.15597011092572 5.100000000000001
    vertex 101.9043955020845 84.41898624593964 6.066666666666667
  endloop
endfacet
facet normal -0.920048 0.364428 -0.143888
  outer loop
    vertex 101.9043955020845 84.41898624593964 4.133333333333335
    vertex 102.0451336101623 85.15597011092572 5.100000000000001
    vertex 102.4468575885378 85.78850558883954 4.133333333333335
  endloop
endfacet
facet normal -0.919998 0.364408 -0.144258
  outer loop
    vertex 101.9043955020834 84.41898624593959 2.200000000000001
    vertex 102.0449499090247 85.155506501231 3.164135898067655
    vertex 102.4468575885364 85.78850558883954 2.200000000000001
  endloop
endfacet
facet normal -0.919998 0.364408 0.144258
  outer loop
    vertex 102.4468575885378 85.78850558883954 8
    vertex 102.0449499090247 85.15550650123087 7.035864101932486
    vertex 101.9043955020845 84.41898624593964 8
  endloop
endfacet
facet normal -1 1.44093e-14 2.10097e-16
  outer loop
    vertex 101.9043955020842 68.88055424467163 5.206723180054986
    vertex 101.9043955020841 67.91520261587438 3.775140003030506
    vertex 101.9043955020841 66.90916665648905 5.133858960903185
  endloop
endfacet
facet normal -1 2.14257e-14 -5.50732e-15
  outer loop
    vertex 101.904395502084 59.99760700720657 3.769626509051849
    vertex 101.904395502084 59.04180503010759 5.211882455306323
    vertex 101.904395502084 61.01150433762469 5.133744110815053
  endloop
endfacet
facet normal -1 2.21144e-14 -1.56029e-14
  outer loop
    vertex 101.9043955020839 56.14329312691595 6.584633283168244
    vertex 101.9043955020839 57.14191076787297 8
    vertex 101.9043955020839 58.07616390074732 6.591787477503589
  endloop
endfacet
facet normal -1 1.47055e-14 3.34925e-16
  outer loop
    vertex 101.9043955020842 70.78044850690628 8
    vertex 101.9043955020842 71.77906614786329 6.583896243846621
    vertex 101.9043955020842 69.84619537403192 6.590067719086475
  endloop
endfacet
facet normal -1 2.20428e-14 3.73635e-15
  outer loop
    vertex 101.9043955020839 57.01617368717923 5.238440222257596
    vertex 101.9043955020839 56.14329312691595 6.584633283168244
    vertex 101.9043955020839 58.07616390074732 6.591787477503589
  endloop
endfacet
facet normal -1 1.47076e-14 1.01701e-15
  outer loop
    vertex 101.9043955020842 71.77906614786329 6.583896243846621
    vertex 101.9043955020842 70.90618558759999 5.234017986327876
    vertex 101.9043955020842 69.84619537403192 6.590067719086475
  endloop
endfacet
facet normal -1 1.44187e-14 -4.25584e-17
  outer loop
    vertex 101.9043955020841 67.89883178439166 6.515768904289367
    vertex 101.9043955020842 68.88055424467163 5.206723180054986
    vertex 101.9043955020841 66.90916665648905 5.133858960903185
  endloop
endfacet
facet normal -1 2.18561e-14 5.34178e-15
  outer loop
    vertex 101.904395502084 59.04180503010759 5.211882455306323
    vertex 101.904395502084 60.02352749038757 6.515768904289367
    vertex 101.904395502084 61.01150433762469 5.133744110815053
  endloop
endfacet
facet normal -1 2.06096e-14 3.30905e-15
  outer loop
    vertex 101.9043955020844 82.59278054542594 5.100000000000001
    vertex 101.9043955020844 81.44118493696251 3.683341156253398
    vertex 101.9043955020844 80.52420148066483 5.100000000000039
  endloop
endfacet
facet normal -1 2.06096e-14 -3.30905e-15
  outer loop
    vertex 101.9043955020844 81.44118493696253 6.516658843746624
    vertex 101.9043955020844 82.59278054542594 5.100000000000001
    vertex 101.9043955020844 80.52420148066483 5.100000000000039
  endloop
endfacet
facet normal -1 2.06096e-14 6.7222e-15
  outer loop
    vertex 101.9043955020837 46.4811743378167 3.683341156253396
    vertex 101.9043955020837 45.32957872935329 5.1
    vertex 101.9043955020837 47.39815779411442 5.099999999999998
  endloop
endfacet
facet normal -1 2.06096e-14 -6.7222e-15
  outer loop
    vertex 101.9043955020837 45.32957872935329 5.1
    vertex 101.9043955020837 46.48117433781671 6.516658843746602
    vertex 101.9043955020837 47.39815779411442 5.099999999999998
  endloop
endfacet
facet normal -1 2.22781e-14 4.44015e-15
  outer loop
    vertex 101.9043955020843 73.72387347073324 6.382028026398187
    vertex 101.9043955020843 74.67717357520154 8
    vertex 101.9043955020843 75.65135484227537 6.31266854964632
  endloop
endfacet
facet normal -1 1.50979e-14 -9.81995e-16
  outer loop
    vertex 101.9043955020842 71.75462977398007 3.807241440335146
    vertex 101.9043955020842 69.87311480172025 3.822203576924782
    vertex 101.9043955020842 70.90618558759999 5.234017986327876
  endloop
endfacet
facet normal -1 2.18812e-14 4.21104e-15
  outer loop
    vertex 101.9043955020843 74.67717357520154 8
    vertex 101.9043955020843 76.62553610934916 8
    vertex 101.9043955020843 75.65135484227537 6.31266854964632
  endloop
endfacet
facet normal -1 2.19796e-14 -4.26785e-15
  outer loop
    vertex 101.9043955020843 75.65135484227531 3.887331450353654
    vertex 101.9043955020843 74.67717357520149 2.200000000000001
    vertex 101.9043955020843 73.70299230812768 3.842415574553757
  endloop
endfacet
facet normal -1 2.18812e-14 -4.42088e-15
  outer loop
    vertex 101.9043955020842 72.72881104105389 2.200000000000001
    vertex 101.9043955020842 70.78044850690627 2.200000000000001
    vertex 101.9043955020842 71.75462977398007 3.807241440335146
  endloop
endfacet
facet normal -1 2.18812e-14 4.21104e-15
  outer loop
    vertex 101.9043955020844 79.54807991057052 3.88733145035366
    vertex 101.9043955020844 78.57389864349673 2.200000000000001
    vertex 101.9043955020843 77.5997173764229 3.887331450353668
  endloop
endfacet
facet normal -1 1.45875e-14 0
  outer loop
    vertex 101.9043955020843 76.62553610934913 2.200000000000001
    vertex 101.9043955020843 74.67717357520149 2.200000000000001
    vertex 101.9043955020843 75.65135484227531 3.887331450353654
  endloop
endfacet
facet normal -1 2.18812e-14 3.71502e-15
  outer loop
    vertex 101.9043955020842 68.83208597275865 2.200000000000001
    vertex 101.9043955020841 66.88372343861103 2.200000000000001
    vertex 101.9043955020841 67.91520261587438 3.775140003030506
  endloop
endfacet
facet normal -1 2.18812e-14 -1.26331e-14
  outer loop
    vertex 101.9043955020838 50.32264189835631 6.312668549646336
    vertex 101.9043955020838 51.29682316543012 8
    vertex 101.9043955020838 52.27100443250393 6.312668549646334
  endloop
endfacet
facet normal -1 2.18812e-14 4.67396e-15
  outer loop
    vertex 101.9043955020842 72.72881104105392 8
    vertex 101.9043955020843 74.67717357520154 8
    vertex 101.9043955020843 73.72387347073324 6.382028026398187
  endloop
endfacet
facet normal -1 2.18812e-14 4.21104e-15
  outer loop
    vertex 101.9043955020843 76.62553610934916 8
    vertex 101.9043955020844 78.57389864349678 8
    vertex 101.9043955020843 77.59971737642299 6.312668549646336
  endloop
endfacet
facet normal -1 2.18812e-14 -4.35966e-15
  outer loop
    vertex 101.9043955020841 64.93536090446344 8
    vertex 101.9043955020841 66.88372343861106 8
    vertex 101.9043955020841 65.91202802422838 6.382665279241684
  endloop
endfacet
facet normal -1 2.2007e-14 -4.28368e-15
  outer loop
    vertex 101.9043955020841 63.96117963738962 6.312668549646336
    vertex 101.9043955020841 64.93536090446344 8
    vertex 101.9043955020841 65.91202802422838 6.382665279241684
  endloop
endfacet
facet normal -1 2.18943e-14 -4.31354e-15
  outer loop
    vertex 101.9043955020839 56.15817984910088 3.8017279463565
    vertex 101.9043955020839 55.19354823372532 2.200000000000001
    vertex 101.9043955020839 54.21895265786966 3.842176373267056
  endloop
endfacet
facet normal -1 2.18812e-14 -4.30564e-15
  outer loop
    vertex 101.9043955020839 57.14191076787294 2.200000000000001
    vertex 101.9043955020839 55.19354823372532 2.200000000000001
    vertex 101.9043955020839 56.15817984910088 3.8017279463565
  endloop
endfacet
facet normal -1 2.18812e-14 -1.26331e-14
  outer loop
    vertex 101.9043955020838 51.29682316543012 8
    vertex 101.9043955020838 53.24518569957773 8
    vertex 101.9043955020838 52.27100443250393 6.312668549646334
  endloop
endfacet
facet normal -1 2.18812e-14 -1.26331e-14
  outer loop
    vertex 101.9043955020837 49.34846063128249 8
    vertex 101.9043955020838 51.29682316543012 8
    vertex 101.9043955020838 50.32264189835631 6.312668549646336
  endloop
endfacet
facet normal -1 2.25388e-14 -3.90181e-15
  outer loop
    vertex 101.9043955020839 58.05879412475721 3.854250486481728
    vertex 101.9043955020839 57.14191076787294 2.200000000000001
    vertex 101.9043955020839 56.15817984910088 3.8017279463565
  endloop
endfacet
facet normal -1 2.18812e-14 3.47843e-15
  outer loop
    vertex 101.9043955020842 70.78044850690627 2.200000000000001
    vertex 101.9043955020842 68.83208597275865 2.200000000000001
    vertex 101.9043955020842 69.87311480172025 3.822203576924782
  endloop
endfacet
facet normal -1 2.18812e-14 -1.26331e-14
  outer loop
    vertex 101.9043955020837 47.40009809713486 8
    vertex 101.9043955020837 49.34846063128249 8
    vertex 101.9043955020837 48.37427936420868 6.312668549646332
  endloop
endfacet
facet normal -1 2.18812e-14 4.21104e-15
  outer loop
    vertex 101.9043955020844 78.57389864349673 2.200000000000001
    vertex 101.9043955020843 76.62553610934913 2.200000000000001
    vertex 101.9043955020843 77.5997173764229 3.887331450353668
  endloop
endfacet
facet normal -1 1.51033e-14 -3.12629e-16
  outer loop
    vertex 101.9043955020842 71.75462977398007 3.807241440335146
    vertex 101.9043955020842 70.78044850690627 2.200000000000001
    vertex 101.9043955020842 69.87311480172025 3.822203576924782
  endloop
endfacet
facet normal -1 2.18812e-14 4.21104e-15
  outer loop
    vertex 101.9043955020843 76.62553610934916 8
    vertex 101.9043955020843 77.59971737642299 6.312668549646336
    vertex 101.9043955020843 75.65135484227537 6.31266854964632
  endloop
endfacet
facet normal -1 1.45906e-14 1.81559e-18
  outer loop
    vertex 101.9043955020838 53.2451856995777 2.200000000000001
    vertex 101.9043955020838 52.27100443250389 3.887331450353665
    vertex 101.9043955020839 54.21895265786966 3.842176373267056
  endloop
endfacet
facet normal -1 2.18812e-14 -1.26331e-14
  outer loop
    vertex 101.9043955020837 49.34846063128249 8
    vertex 101.9043955020838 50.32264189835631 6.312668549646336
    vertex 101.9043955020837 48.37427936420868 6.312668549646332
  endloop
endfacet
facet normal -1 2.22187e-14 5.2636e-15
  outer loop
    vertex 101.904395502084 59.09027330202056 2.200000000000001
    vertex 101.9043955020839 58.05879412475721 3.854250486481728
    vertex 101.904395502084 59.99760700720657 3.769626509051849
  endloop
endfacet
facet normal -1 2.18812e-14 -1.32135e-14
  outer loop
    vertex 101.904395502084 61.0386358361682 8
    vertex 101.904395502084 62.98699837031582 8
    vertex 101.904395502084 62.01033125055086 6.382665279241679
  endloop
endfacet
facet normal -1 1.50584e-14 -8.69395e-15
  outer loop
    vertex 101.9043955020838 53.24518569957773 8
    vertex 101.9043955020839 54.19848580404603 6.382028026398195
    vertex 101.9043955020838 52.27100443250393 6.312668549646334
  endloop
endfacet
facet normal -1 2.18812e-14 -4.32132e-15
  outer loop
    vertex 101.9043955020839 55.19354823372532 2.200000000000001
    vertex 101.9043955020838 53.2451856995777 2.200000000000001
    vertex 101.9043955020839 54.21895265786966 3.842176373267056
  endloop
endfacet
facet normal -1 2.18812e-14 5.45871e-15
  outer loop
    vertex 101.904395502084 61.03863583616818 2.200000000000001
    vertex 101.904395502084 59.09027330202056 2.200000000000001
    vertex 101.904395502084 59.99760700720657 3.769626509051849
  endloop
endfacet
facet normal -1 1.45875e-14 5.05264e-16
  outer loop
    vertex 101.904395502084 59.09027330202056 2.200000000000001
    vertex 101.9043955020839 57.14191076787294 2.200000000000001
    vertex 101.9043955020839 58.05879412475721 3.854250486481728
  endloop
endfacet
facet normal -1 1.41238e-14 3.13735e-16
  outer loop
    vertex 101.904395502084 61.03863583616818 2.200000000000001
    vertex 101.904395502084 59.99760700720657 3.769626509051849
    vertex 101.904395502084 62.00875687717979 3.822521517001101
  endloop
endfacet
facet normal -1 1.45875e-14 -8.97139e-15
  outer loop
    vertex 101.9043955020838 53.24518569957773 8
    vertex 101.9043955020839 55.19354823372535 8
    vertex 101.9043955020839 54.19848580404603 6.382028026398195
  endloop
endfacet
facet normal -1 1.42599e-14 -8.6112e-15
  outer loop
    vertex 101.904395502084 62.98699837031582 8
    vertex 101.9043955020841 63.96117963738962 6.312668549646336
    vertex 101.904395502084 62.01033125055086 6.382665279241679
  endloop
endfacet
facet normal -1 1.45875e-14 -6.14285e-29
  outer loop
    vertex 101.9043955020838 49.34846063128246 2.200000000000001
    vertex 101.9043955020837 47.40009809713484 2.200000000000001
    vertex 101.9043955020837 48.37427936420866 3.887331450353662
  endloop
endfacet
facet normal -1 2.18812e-14 -4.21104e-15
  outer loop
    vertex 101.9043955020841 64.93536090446341 2.200000000000001
    vertex 101.904395502084 62.98699837031579 2.200000000000001
    vertex 101.9043955020841 63.96117963738959 3.887331450353662
  endloop
endfacet
facet normal -1 2.18812e-14 4.21104e-15
  outer loop
    vertex 101.9043955020838 51.29682316543008 2.200000000000001
    vertex 101.9043955020838 49.34846063128246 2.200000000000001
    vertex 101.9043955020838 50.32264189835627 3.887331450353666
  endloop
endfacet
facet normal -1 2.18812e-14 4.21104e-15
  outer loop
    vertex 101.9043955020838 52.27100443250389 3.887331450353665
    vertex 101.9043955020838 51.29682316543008 2.200000000000001
    vertex 101.9043955020838 50.32264189835627 3.887331450353666
  endloop
endfacet
facet normal -1 2.16996e-14 -4.31588e-15
  outer loop
    vertex 101.9043955020841 64.93536090446341 2.200000000000001
    vertex 101.9043955020841 63.96117963738959 3.887331450353662
    vertex 101.9043955020841 65.9130223653048 3.822856398802537
  endloop
endfacet
facet normal -1 2.18812e-14 4.21104e-15
  outer loop
    vertex 101.9043955020838 53.2451856995777 2.200000000000001
    vertex 101.9043955020838 51.29682316543008 2.200000000000001
    vertex 101.9043955020838 52.27100443250389 3.887331450353665
  endloop
endfacet
facet normal -1 2.18812e-14 -4.21104e-15
  outer loop
    vertex 101.904395502084 62.98699837031582 8
    vertex 101.9043955020841 64.93536090446344 8
    vertex 101.9043955020841 63.96117963738962 6.312668549646336
  endloop
endfacet
facet normal -1 2.18812e-14 -1.49652e-14
  outer loop
    vertex 101.9043955020839 59.09027330202059 8
    vertex 101.904395502084 61.0386358361682 8
    vertex 101.904395502084 60.02352749038757 6.515768904289367
  endloop
endfacet
facet normal -1 2.18812e-14 -4.18391e-15
  outer loop
    vertex 101.9043955020841 66.88372343861106 8
    vertex 101.9043955020842 68.83208597275866 8
    vertex 101.9043955020841 67.89883178439166 6.515768904289367
  endloop
endfacet
facet normal -1 2.19774e-14 -4.26654e-15
  outer loop
    vertex 101.9043955020841 63.96117963738959 3.887331450353662
    vertex 101.904395502084 62.98699837031579 2.200000000000001
    vertex 101.904395502084 62.00875687717979 3.822521517001101
  endloop
endfacet
facet normal -1 2.18812e-14 4.21104e-15
  outer loop
    vertex 101.9043955020838 49.34846063128246 2.200000000000001
    vertex 101.9043955020837 48.37427936420866 3.887331450353662
    vertex 101.9043955020838 50.32264189835627 3.887331450353666
  endloop
endfacet
facet normal -1 2.25294e-14 -3.56316e-15
  outer loop
    vertex 101.9043955020839 58.05879412475721 3.854250486481728
    vertex 101.9043955020839 56.15817984910088 3.8017279463565
    vertex 101.9043955020839 57.01617368717923 5.238440222257596
  endloop
endfacet
facet normal -1 2.17444e-14 -4.27747e-15
  outer loop
    vertex 101.9043955020841 66.88372343861106 8
    vertex 101.9043955020841 67.89883178439166 6.515768904289367
    vertex 101.9043955020841 65.91202802422838 6.382665279241684
  endloop
endfacet
facet normal -1 2.05178e-14 -1.40327e-14
  outer loop
    vertex 101.904395502084 60.02352749038757 6.515768904289367
    vertex 101.904395502084 61.0386358361682 8
    vertex 101.904395502084 62.01033125055086 6.382665279241679
  endloop
endfacet
facet normal -1 2.16879e-14 3.60249e-15
  outer loop
    vertex 101.9043955020842 68.83208597275865 2.200000000000001
    vertex 101.9043955020841 67.91520261587438 3.775140003030506
    vertex 101.9043955020842 69.87311480172025 3.822203576924782
  endloop
endfacet
facet normal -1 2.18812e-14 4.21104e-15
  outer loop
    vertex 101.9043955020843 76.62553610934913 2.200000000000001
    vertex 101.9043955020843 75.65135484227531 3.887331450353654
    vertex 101.9043955020843 77.5997173764229 3.887331450353668
  endloop
endfacet
facet normal -1 2.18812e-14 4.21104e-15
  outer loop
    vertex 101.9043955020844 80.52226117764435 2.200000000000001
    vertex 101.9043955020844 78.57389864349673 2.200000000000001
    vertex 101.9043955020844 79.54807991057052 3.88733145035366
  endloop
endfacet
facet normal -1 2.13893e-14 4.03717e-15
  outer loop
    vertex 101.9043955020841 67.91520261587438 3.775140003030506
    vertex 101.9043955020841 66.88372343861103 2.200000000000001
    vertex 101.9043955020841 65.9130223653048 3.822856398802537
  endloop
endfacet
facet normal -1 1.45875e-14 -3.12827e-17
  outer loop
    vertex 101.9043955020841 66.88372343861103 2.200000000000001
    vertex 101.9043955020841 64.93536090446341 2.200000000000001
    vertex 101.9043955020841 65.9130223653048 3.822856398802537
  endloop
endfacet
facet normal -1 2.18812e-14 -4.32449e-15
  outer loop
    vertex 101.904395502084 62.98699837031579 2.200000000000001
    vertex 101.904395502084 61.03863583616818 2.200000000000001
    vertex 101.904395502084 62.00875687717979 3.822521517001101
  endloop
endfacet
facet normal -1 2.18812e-14 -4.32621e-15
  outer loop
    vertex 101.9043955020843 74.67717357520149 2.200000000000001
    vertex 101.9043955020842 72.72881104105389 2.200000000000001
    vertex 101.9043955020843 73.70299230812768 3.842415574553757
  endloop
endfacet
facet normal -1 2.19602e-14 -4.37303e-15
  outer loop
    vertex 101.9043955020842 72.72881104105389 2.200000000000001
    vertex 101.9043955020842 71.75462977398007 3.807241440335146
    vertex 101.9043955020843 73.70299230812768 3.842415574553757
  endloop
endfacet
facet normal -1 2.18812e-14 4.21104e-15
  outer loop
    vertex 101.9043955020843 77.59971737642299 6.312668549646336
    vertex 101.9043955020844 78.57389864349678 8
    vertex 101.9043955020844 79.54807991057055 6.312668549646438
  endloop
endfacet
facet normal -1 2.18812e-14 4.21104e-15
  outer loop
    vertex 101.9043955020844 78.57389864349678 8
    vertex 101.9043955020844 80.5222611776444 8
    vertex 101.9043955020844 79.54807991057055 6.312668549646438
  endloop
endfacet
facet normal -1 2.33449e-14 0
  outer loop
    vertex 101.9043955020836 43.50337302883961 4.133333333333335
    vertex 101.9043955020836 43.50337302883961 6.066666666666667
    vertex 101.9043955020837 45.32957872935329 5.1
  endloop
endfacet
facet normal -1 3.11265e-14 0
  outer loop
    vertex 101.9043955020845 84.41898624593964 6.066666666666667
    vertex 101.9043955020845 84.41898624593964 4.133333333333335
    vertex 101.9043955020844 82.59278054542594 5.100000000000001
  endloop
endfacet
facet normal -1 2.18812e-14 1.35553e-14
  outer loop
    vertex 101.9043955020844 80.5222611776444 8
    vertex 101.9043955020845 82.47062371179202 8
    vertex 101.9043955020844 81.44118493696253 6.516658843746624
  endloop
endfacet
facet normal -1 2.18812e-14 -3.97503e-15
  outer loop
    vertex 101.9043955020844 82.47062371179197 2.200000000000001
    vertex 101.9043955020844 80.52226117764435 2.200000000000001
    vertex 101.9043955020844 81.44118493696251 3.683341156253398
  endloop
endfacet
facet normal -1 2.18812e-14 -5.60527e-15
  outer loop
    vertex 101.9043955020837 47.40009809713484 2.200000000000001
    vertex 101.9043955020837 45.45173556298723 2.200000000000001
    vertex 101.9043955020837 46.4811743378167 3.683341156253396
  endloop
endfacet
facet normal -1 2.18812e-14 -1.35553e-14
  outer loop
    vertex 101.9043955020837 45.45173556298724 8
    vertex 101.9043955020837 47.40009809713486 8
    vertex 101.9043955020837 46.48117433781671 6.516658843746602
  endloop
endfacet
facet normal -1 1.50415e-14 2.62139e-16
  outer loop
    vertex 101.9043955020844 80.52226117764435 2.200000000000001
    vertex 101.9043955020844 79.54807991057052 3.88733145035366
    vertex 101.9043955020844 81.44118493696251 3.683341156253398
  endloop
endfacet
facet normal -1 2.11107e-14 -1.3078e-14
  outer loop
    vertex 101.9043955020837 47.40009809713486 8
    vertex 101.9043955020837 48.37427936420868 6.312668549646332
    vertex 101.9043955020837 46.48117433781671 6.516658843746602
  endloop
endfacet
facet normal -1 2.30461e-14 -4.88361e-15
  outer loop
    vertex 101.9043955020837 48.37427936420866 3.887331450353662
    vertex 101.9043955020837 47.40009809713484 2.200000000000001
    vertex 101.9043955020837 46.4811743378167 3.683341156253396
  endloop
endfacet
facet normal -1 1.40738e-14 8.71866e-15
  outer loop
    vertex 101.9043955020844 79.54807991057055 6.312668549646438
    vertex 101.9043955020844 80.5222611776444 8
    vertex 101.9043955020844 81.44118493696253 6.516658843746624
  endloop
endfacet
facet normal -1 2.18907e-14 -4.83478e-15
  outer loop
    vertex 101.9043955020842 69.87311480172025 3.822203576924782
    vertex 101.9043955020841 67.91520261587438 3.775140003030506
    vertex 101.9043955020842 68.88055424467163 5.206723180054986
  endloop
endfacet
facet normal -1 2.18812e-14 5.39517e-15
  outer loop
    vertex 101.9043955020842 70.78044850690628 8
    vertex 101.9043955020842 72.72881104105392 8
    vertex 101.9043955020842 71.77906614786329 6.583896243846621
  endloop
endfacet
facet normal -1 2.17582e-14 -5.28695e-15
  outer loop
    vertex 101.904395502084 59.99760700720657 3.769626509051849
    vertex 101.9043955020839 58.05879412475721 3.854250486481728
    vertex 101.904395502084 59.04180503010759 5.211882455306323
  endloop
endfacet
facet normal -1 2.18812e-14 -1.54384e-14
  outer loop
    vertex 101.9043955020839 55.19354823372535 8
    vertex 101.9043955020839 57.14191076787297 8
    vertex 101.9043955020839 56.14329312691595 6.584633283168244
  endloop
endfacet
facet normal -1 2.37084e-14 4.13826e-15
  outer loop
    vertex 101.9043955020842 71.75462977398007 3.807241440335146
    vertex 101.9043955020842 70.90618558759999 5.234017986327876
    vertex 101.9043955020842 72.72881104105389 5.094122840596271
  endloop
endfacet
facet normal -1 2.12938e-14 -1.53345e-14
  outer loop
    vertex 101.9043955020839 59.09027330202059 8
    vertex 101.904395502084 60.02352749038757 6.515768904289367
    vertex 101.9043955020839 58.07616390074732 6.591787477503589
  endloop
endfacet
facet normal -1 2.20563e-14 -4.29398e-15
  outer loop
    vertex 101.9043955020841 67.89883178439166 6.515768904289367
    vertex 101.9043955020842 68.83208597275866 8
    vertex 101.9043955020842 69.84619537403192 6.590067719086475
  endloop
endfacet
facet normal -1 1.55457e-14 6.07438e-16
  outer loop
    vertex 101.9043955020839 57.01617368717923 5.238440222257596
    vertex 101.9043955020839 56.15817984910088 3.8017279463565
    vertex 101.9043955020839 55.19354823372533 5.094122840596281
  endloop
endfacet
facet normal -1 2.18812e-14 -1.82583e-15
  outer loop
    vertex 101.9043955020837 45.45173556298723 2.200000000000001
    vertex 101.9043955020836 43.50337302883961 2.200000000000001
    vertex 101.9043955020837 44.92016240290211 3.612715487166716
  endloop
endfacet
facet normal -1 7.29374e-15 -1.28037e-14
  outer loop
    vertex 101.9043955020836 43.50337302883961 8
    vertex 101.9043955020837 45.45173556298724 8
    vertex 101.9043955020837 44.92016240290211 6.587284512833286
  endloop
endfacet
facet normal -1 2.18812e-14 8.23342e-15
  outer loop
    vertex 101.9043955020845 82.47062371179202 8
    vertex 101.9043955020845 84.41898624593964 8
    vertex 101.9043955020845 83.00219687187715 6.587284512833301
  endloop
endfacet
facet normal -1 -5.10562e-13 2.02172e-13
  outer loop
    vertex 101.9043955020834 84.41898624593959 2.200000000000001
    vertex 101.9043955020844 82.47062371179197 2.200000000000001
    vertex 101.9043955020845 83.00219687187715 3.612715487166713
  endloop
endfacet
facet normal -1 2.00606e-14 0
  outer loop
    vertex 101.9043955020836 43.50337302883961 2.200000000000001
    vertex 101.9043955020836 43.50337302883961 4.133333333333335
    vertex 101.9043955020837 44.92016240290211 3.612715487166716
  endloop
endfacet
facet normal -1 2.00606e-14 0
  outer loop
    vertex 101.9043955020836 43.50337302883961 6.066666666666667
    vertex 101.9043955020836 43.50337302883961 8
    vertex 101.9043955020837 44.92016240290211 6.587284512833286
  endloop
endfacet
facet normal -1 3.0091e-14 0
  outer loop
    vertex 101.9043955020845 84.41898624593964 8
    vertex 101.9043955020845 84.41898624593964 6.066666666666667
    vertex 101.9043955020845 83.00219687187715 6.587284512833301
  endloop
endfacet
facet normal -1 -1.69784e-13 5.43933e-13
  outer loop
    vertex 101.9043955020845 84.41898624593964 4.133333333333335
    vertex 101.9043955020834 84.41898624593959 2.200000000000001
    vertex 101.9043955020845 83.00219687187715 3.612715487166713
  endloop
endfacet
facet normal -1 2.30545e-14 -4.38039e-15
  outer loop
    vertex 101.9043955020842 70.90618558759999 5.234017986327876
    vertex 101.9043955020842 71.77906614786329 6.583896243846621
    vertex 101.9043955020842 72.72881104105389 5.094122840596271
  endloop
endfacet
facet normal -1 2.16861e-14 5.40768e-15
  outer loop
    vertex 101.9043955020842 68.88055424467163 5.206723180054986
    vertex 101.9043955020841 67.89883178439166 6.515768904289367
    vertex 101.9043955020842 69.84619537403192 6.590067719086475
  endloop
endfacet
facet normal -1 2.2094e-14 5.16268e-15
  outer loop
    vertex 101.904395502084 60.02352749038757 6.515768904289367
    vertex 101.904395502084 59.04180503010759 5.211882455306323
    vertex 101.9043955020839 58.07616390074732 6.591787477503589
  endloop
endfacet
facet normal -1 1.56274e-14 -4.23444e-16
  outer loop
    vertex 101.9043955020839 56.14329312691595 6.584633283168244
    vertex 101.9043955020839 57.01617368717923 5.238440222257596
    vertex 101.9043955020839 55.19354823372533 5.094122840596281
  endloop
endfacet
facet normal -1 2.24422e-14 5.01895e-15
  outer loop
    vertex 101.9043955020842 72.72881104105392 8
    vertex 101.9043955020843 73.72387347073324 6.382028026398187
    vertex 101.9043955020842 71.77906614786329 6.583896243846621
  endloop
endfacet
facet normal -1 2.09846e-14 -4.72677e-15
  outer loop
    vertex 101.9043955020839 58.05879412475721 3.854250486481728
    vertex 101.9043955020839 57.01617368717923 5.238440222257596
    vertex 101.904395502084 59.04180503010759 5.211882455306323
  endloop
endfacet
facet normal -1 2.11192e-14 -5.38791e-15
  outer loop
    vertex 101.9043955020842 70.90618558759999 5.234017986327876
    vertex 101.9043955020842 69.87311480172025 3.822203576924782
    vertex 101.9043955020842 68.88055424467163 5.206723180054986
  endloop
endfacet
facet normal -1 2.34219e-14 -1.44046e-14
  outer loop
    vertex 101.9043955020839 54.19848580404603 6.382028026398195
    vertex 101.9043955020839 55.19354823372535 8
    vertex 101.9043955020839 56.14329312691595 6.584633283168244
  endloop
endfacet
facet normal -1 2.68537e-14 1.01044e-14
  outer loop
    vertex 101.9043955020844 81.44118493696253 6.516658843746624
    vertex 101.9043955020845 82.47062371179202 8
    vertex 101.9043955020845 83.00219687187715 6.587284512833301
  endloop
endfacet
facet normal -1 1.7455e-14 -1.66272e-14
  outer loop
    vertex 101.9043955020837 45.45173556298724 8
    vertex 101.9043955020837 46.48117433781671 6.516658843746602
    vertex 101.9043955020837 44.92016240290211 6.587284512833286
  endloop
endfacet
facet normal -1 1.835e-14 -3.15457e-15
  outer loop
    vertex 101.9043955020837 46.4811743378167 3.683341156253396
    vertex 101.9043955020837 45.45173556298723 2.200000000000001
    vertex 101.9043955020837 44.92016240290211 3.612715487166716
  endloop
endfacet
facet normal -1 2.73012e-14 -2.13577e-16
  outer loop
    vertex 101.9043955020844 82.47062371179197 2.200000000000001
    vertex 101.9043955020844 81.44118493696251 3.683341156253398
    vertex 101.9043955020845 83.00219687187715 3.612715487166713
  endloop
endfacet
facet normal -1 2.1899e-14 -5.88553e-15
  outer loop
    vertex 101.9043955020843 73.72387347073324 6.382028026398187
    vertex 101.9043955020843 74.67717357520149 5.099999999999955
    vertex 101.9043955020842 72.72881104105389 5.094122840596271
  endloop
endfacet
facet normal -1 2.18656e-14 -5.17434e-15
  outer loop
    vertex 101.9043955020838 53.24518569957775 5.100000000000016
    vertex 101.9043955020839 54.19848580404603 6.382028026398195
    vertex 101.9043955020839 55.19354823372533 5.094122840596281
  endloop
endfacet
facet normal -1 2.18812e-14 -5.85933e-15
  outer loop
    vertex 101.9043955020844 78.57389864349689 5.100000000000107
    vertex 101.9043955020843 77.5997173764229 3.887331450353668
    vertex 101.9043955020843 76.62553610934913 5.100000000000009
  endloop
endfacet
facet normal -1 2.18812e-14 5.85933e-15
  outer loop
    vertex 101.9043955020843 77.59971737642299 6.312668549646336
    vertex 101.9043955020844 78.57389864349689 5.100000000000107
    vertex 101.9043955020843 76.62553610934913 5.100000000000009
  endloop
endfacet
facet normal -1 2.18812e-14 -5.85933e-15
  outer loop
    vertex 101.9043955020844 79.54807991057052 3.88733145035366
    vertex 101.9043955020843 77.5997173764229 3.887331450353668
    vertex 101.9043955020844 78.57389864349689 5.100000000000107
  endloop
endfacet
facet normal -1 2.18379e-14 5.8941e-15
  outer loop
    vertex 101.9043955020841 63.96117963738959 3.887331450353662
    vertex 101.904395502084 62.98138544076634 5.106488484509644
    vertex 101.9043955020841 64.93536090446345 5.10000000000003
  endloop
endfacet
facet normal -1 2.17987e-14 -5.92563e-15
  outer loop
    vertex 101.904395502084 62.98138544076634 5.106488484509644
    vertex 101.9043955020841 63.96117963738962 6.312668549646336
    vertex 101.9043955020841 64.93536090446345 5.10000000000003
  endloop
endfacet
facet normal -1 2.19067e-14 -5.87979e-15
  outer loop
    vertex 101.9043955020843 73.72387347073324 6.382028026398187
    vertex 101.9043955020843 75.65135484227537 6.31266854964632
    vertex 101.9043955020843 74.67717357520149 5.099999999999955
  endloop
endfacet
facet normal -1 1.45875e-14 -6.83783e-28
  outer loop
    vertex 101.9043955020843 74.67717357520149 5.099999999999955
    vertex 101.9043955020843 75.65135484227537 6.31266854964632
    vertex 101.9043955020843 76.62553610934913 5.100000000000009
  endloop
endfacet
facet normal -1 2.18812e-14 -5.85933e-15
  outer loop
    vertex 101.9043955020838 51.29682316543011 5.100000000000005
    vertex 101.9043955020838 50.32264189835627 3.887331450353666
    vertex 101.9043955020838 49.34846063128246 5.099999999999991
  endloop
endfacet
facet normal -1 2.20318e-14 5.7384e-15
  outer loop
    vertex 101.9043955020841 65.9130223653048 3.822856398802537
    vertex 101.9043955020841 63.96117963738959 3.887331450353662
    vertex 101.9043955020841 64.93536090446345 5.10000000000003
  endloop
endfacet
facet normal -1 2.18812e-14 5.85933e-15
  outer loop
    vertex 101.9043955020838 50.32264189835631 6.312668549646336
    vertex 101.9043955020838 51.29682316543011 5.100000000000005
    vertex 101.9043955020838 49.34846063128246 5.099999999999991
  endloop
endfacet
facet normal -1 1.45905e-14 -2.44687e-18
  outer loop
    vertex 101.9043955020839 54.21895265786966 3.842176373267056
    vertex 101.9043955020838 52.27100443250389 3.887331450353665
    vertex 101.9043955020838 53.24518569957775 5.100000000000016
  endloop
endfacet
facet normal -1 2.18812e-14 -5.85933e-15
  outer loop
    vertex 101.9043955020838 53.24518569957775 5.100000000000016
    vertex 101.9043955020838 52.27100443250389 3.887331450353665
    vertex 101.9043955020838 51.29682316543011 5.100000000000005
  endloop
endfacet
facet normal -1 1.45875e-14 0
  outer loop
    vertex 101.9043955020843 75.65135484227531 3.887331450353654
    vertex 101.9043955020843 74.67717357520149 5.099999999999955
    vertex 101.9043955020843 76.62553610934913 5.100000000000009
  endloop
endfacet
facet normal -1 1.41344e-14 -8.79379e-17
  outer loop
    vertex 101.904395502084 62.00875687717979 3.822521517001101
    vertex 101.904395502084 59.99760700720657 3.769626509051849
    vertex 101.904395502084 61.01150433762469 5.133744110815053
  endloop
endfacet
facet normal -1 2.18812e-14 5.85933e-15
  outer loop
    vertex 101.9043955020837 48.37427936420868 6.312668549646332
    vertex 101.9043955020838 50.32264189835631 6.312668549646336
    vertex 101.9043955020838 49.34846063128246 5.099999999999991
  endloop
endfacet
facet normal -1 2.18812e-14 5.85933e-15
  outer loop
    vertex 101.9043955020843 75.65135484227537 6.31266854964632
    vertex 101.9043955020843 77.59971737642299 6.312668549646336
    vertex 101.9043955020843 76.62553610934913 5.100000000000009
  endloop
endfacet
facet normal -1 2.17486e-14 5.75279e-15
  outer loop
    vertex 101.9043955020843 75.65135484227531 3.887331450353654
    vertex 101.9043955020843 73.70299230812768 3.842415574553757
    vertex 101.9043955020843 74.67717357520149 5.099999999999955
  endloop
endfacet
facet normal -1 2.18812e-14 -5.85933e-15
  outer loop
    vertex 101.9043955020838 52.27100443250389 3.887331450353665
    vertex 101.9043955020838 50.32264189835627 3.887331450353666
    vertex 101.9043955020838 51.29682316543011 5.100000000000005
  endloop
endfacet
facet normal -1 1.45671e-14 -5.12884e-17
  outer loop
    vertex 101.904395502084 62.01033125055086 6.382665279241679
    vertex 101.9043955020841 63.96117963738962 6.312668549646336
    vertex 101.904395502084 62.98138544076634 5.106488484509644
  endloop
endfacet
facet normal -1 2.20585e-14 -5.71695e-15
  outer loop
    vertex 101.9043955020841 63.96117963738962 6.312668549646336
    vertex 101.9043955020841 65.91202802422838 6.382665279241684
    vertex 101.9043955020841 64.93536090446345 5.10000000000003
  endloop
endfacet
facet normal -1 2.18137e-14 5.31146e-15
  outer loop
    vertex 101.904395502084 60.02352749038757 6.515768904289367
    vertex 101.904395502084 62.01033125055086 6.382665279241679
    vertex 101.904395502084 61.01150433762469 5.133744110815053
  endloop
endfacet
facet normal -1 2.18156e-14 -5.33992e-15
  outer loop
    vertex 101.9043955020841 65.91202802422838 6.382665279241684
    vertex 101.9043955020841 67.89883178439166 6.515768904289367
    vertex 101.9043955020841 66.90916665648905 5.133858960903185
  endloop
endfacet
facet normal -1 2.18812e-14 5.85933e-15
  outer loop
    vertex 101.9043955020838 52.27100443250393 6.312668549646334
    vertex 101.9043955020838 53.24518569957775 5.100000000000016
    vertex 101.9043955020838 51.29682316543011 5.100000000000005
  endloop
endfacet
facet normal -1 2.18812e-14 -5.85933e-15
  outer loop
    vertex 101.9043955020838 50.32264189835627 3.887331450353666
    vertex 101.9043955020837 48.37427936420866 3.887331450353662
    vertex 101.9043955020838 49.34846063128246 5.099999999999991
  endloop
endfacet
facet normal -1 1.47411e-14 1.23386e-16
  outer loop
    vertex 101.9043955020838 52.27100443250393 6.312668549646334
    vertex 101.9043955020839 54.19848580404603 6.382028026398195
    vertex 101.9043955020838 53.24518569957775 5.100000000000016
  endloop
endfacet
facet normal -1 2.18812e-14 5.85933e-15
  outer loop
    vertex 101.9043955020838 50.32264189835631 6.312668549646336
    vertex 101.9043955020838 52.27100443250393 6.312668549646334
    vertex 101.9043955020838 51.29682316543011 5.100000000000005
  endloop
endfacet
facet normal -1 2.16452e-14 5.73921e-15
  outer loop
    vertex 101.9043955020841 63.96117963738959 3.887331450353662
    vertex 101.904395502084 62.00875687717979 3.822521517001101
    vertex 101.904395502084 62.98138544076634 5.106488484509644
  endloop
endfacet
facet normal -1 2.17208e-14 5.68194e-15
  outer loop
    vertex 101.904395502084 62.00875687717979 3.822521517001101
    vertex 101.904395502084 61.01150433762469 5.133744110815053
    vertex 101.904395502084 62.98138544076634 5.106488484509644
  endloop
endfacet
facet normal -1 2.14218e-14 5.40234e-15
  outer loop
    vertex 101.9043955020841 67.91520261587438 3.775140003030506
    vertex 101.9043955020841 65.9130223653048 3.822856398802537
    vertex 101.9043955020841 66.90916665648905 5.133858960903185
  endloop
endfacet
facet normal -1 2.17168e-14 5.38899e-15
  outer loop
    vertex 101.904395502084 61.01150433762469 5.133744110815053
    vertex 101.904395502084 62.01033125055086 6.382665279241679
    vertex 101.904395502084 62.98138544076634 5.106488484509644
  endloop
endfacet
facet normal -1 2.18812e-14 -5.85933e-15
  outer loop
    vertex 101.9043955020843 77.5997173764229 3.887331450353668
    vertex 101.9043955020843 75.65135484227531 3.887331450353654
    vertex 101.9043955020843 76.62553610934913 5.100000000000009
  endloop
endfacet
facet normal -1 2.16925e-14 -5.43825e-15
  outer loop
    vertex 101.9043955020841 65.91202802422838 6.382665279241684
    vertex 101.9043955020841 66.90916665648905 5.133858960903185
    vertex 101.9043955020841 64.93536090446345 5.10000000000003
  endloop
endfacet
facet normal -1 2.15076e-14 5.33715e-15
  outer loop
    vertex 101.9043955020841 66.90916665648905 5.133858960903185
    vertex 101.9043955020841 65.9130223653048 3.822856398802537
    vertex 101.9043955020841 64.93536090446345 5.10000000000003
  endloop
endfacet
facet normal -1 2.18812e-14 5.85933e-15
  outer loop
    vertex 101.9043955020843 77.59971737642299 6.312668549646336
    vertex 101.9043955020844 79.54807991057055 6.312668549646438
    vertex 101.9043955020844 78.57389864349689 5.100000000000107
  endloop
endfacet
facet normal -1 2.18641e-14 5.66329e-15
  outer loop
    vertex 101.9043955020843 74.67717357520149 5.099999999999955
    vertex 101.9043955020843 73.70299230812768 3.842415574553757
    vertex 101.9043955020842 72.72881104105389 5.094122840596271
  endloop
endfacet
facet normal -1 2.18983e-14 5.65498e-15
  outer loop
    vertex 101.9043955020839 54.21895265786966 3.842176373267056
    vertex 101.9043955020838 53.24518569957775 5.100000000000016
    vertex 101.9043955020839 55.19354823372533 5.094122840596281
  endloop
endfacet
facet normal -1 2.18812e-14 -4.41989e-15
  outer loop
    vertex 101.9043955020842 68.83208597275866 8
    vertex 101.9043955020842 70.78044850690628 8
    vertex 101.9043955020842 69.84619537403192 6.590067719086475
  endloop
endfacet
facet normal -1 2.2099e-14 5.49874e-15
  outer loop
    vertex 101.9043955020839 56.15817984910088 3.8017279463565
    vertex 101.9043955020839 54.21895265786966 3.842176373267056
    vertex 101.9043955020839 55.19354823372533 5.094122840596281
  endloop
endfacet
facet normal -1 2.18812e-14 -1.57575e-14
  outer loop
    vertex 101.9043955020839 57.14191076787297 8
    vertex 101.9043955020839 59.09027330202059 8
    vertex 101.9043955020839 58.07616390074732 6.591787477503589
  endloop
endfacet
facet normal -1 2.17802e-14 5.59794e-15
  outer loop
    vertex 101.9043955020843 73.70299230812768 3.842415574553757
    vertex 101.9043955020842 71.75462977398007 3.807241440335146
    vertex 101.9043955020842 72.72881104105389 5.094122840596271
  endloop
endfacet
facet normal -1 1.4573e-14 1.16586e-17
  outer loop
    vertex 101.9043955020838 49.34846063128246 5.099999999999991
    vertex 101.9043955020837 48.37427936420866 3.887331450353662
    vertex 101.9043955020837 47.39815779411442 5.099999999999998
  endloop
endfacet
facet normal -1 1.4573e-14 -1.16586e-17
  outer loop
    vertex 101.9043955020837 48.37427936420868 6.312668549646332
    vertex 101.9043955020838 49.34846063128246 5.099999999999991
    vertex 101.9043955020837 47.39815779411442 5.099999999999998
  endloop
endfacet
facet normal -1 2.18595e-14 -5.87682e-15
  outer loop
    vertex 101.9043955020844 79.54807991057052 3.88733145035366
    vertex 101.9043955020844 78.57389864349689 5.100000000000107
    vertex 101.9043955020844 80.52420148066483 5.100000000000039
  endloop
endfacet
facet normal -1 2.18595e-14 5.87682e-15
  outer loop
    vertex 101.9043955020844 78.57389864349689 5.100000000000107
    vertex 101.9043955020844 79.54807991057055 6.312668549646438
    vertex 101.9043955020844 80.52420148066483 5.100000000000039
  endloop
endfacet
facet normal -1 3.05153e-14 1.15472e-15
  outer loop
    vertex 101.9043955020845 84.41898624593964 6.066666666666667
    vertex 101.9043955020844 82.59278054542594 5.100000000000001
    vertex 101.9043955020845 83.00219687187715 6.587284512833301
  endloop
endfacet
facet normal -1 3.05153e-14 -1.15472e-15
  outer loop
    vertex 101.9043955020844 82.59278054542594 5.100000000000001
    vertex 101.9043955020845 84.41898624593964 4.133333333333335
    vertex 101.9043955020845 83.00219687187715 3.612715487166713
  endloop
endfacet
facet normal -1 2.14064e-14 3.6622e-15
  outer loop
    vertex 101.9043955020836 43.50337302883961 4.133333333333335
    vertex 101.9043955020837 45.32957872935329 5.1
    vertex 101.9043955020837 44.92016240290211 3.612715487166716
  endloop
endfacet
facet normal -1 2.14064e-14 -3.6622e-15
  outer loop
    vertex 101.9043955020837 45.32957872935329 5.1
    vertex 101.9043955020836 43.50337302883961 6.066666666666667
    vertex 101.9043955020837 44.92016240290211 6.587284512833286
  endloop
endfacet
facet normal -1 2.72175e-14 2.06252e-15
  outer loop
    vertex 101.9043955020844 82.59278054542594 5.100000000000001
    vertex 101.9043955020844 81.44118493696253 6.516658843746624
    vertex 101.9043955020845 83.00219687187715 6.587284512833301
  endloop
endfacet
facet normal -1 2.72175e-14 -2.06252e-15
  outer loop
    vertex 101.9043955020844 81.44118493696251 3.683341156253398
    vertex 101.9043955020844 82.59278054542594 5.100000000000001
    vertex 101.9043955020845 83.00219687187715 3.612715487166713
  endloop
endfacet
facet normal -1 1.79991e-14 4.60015e-15
  outer loop
    vertex 101.9043955020837 45.32957872935329 5.1
    vertex 101.9043955020837 46.4811743378167 3.683341156253396
    vertex 101.9043955020837 44.92016240290211 3.612715487166716
  endloop
endfacet
facet normal -1 1.79991e-14 -4.60015e-15
  outer loop
    vertex 101.9043955020837 46.48117433781671 6.516658843746602
    vertex 101.9043955020837 45.32957872935329 5.1
    vertex 101.9043955020837 44.92016240290211 6.587284512833286
  endloop
endfacet
facet normal -1 1.4977e-14 -3.36858e-16
  outer loop
    vertex 101.9043955020844 81.44118493696251 3.683341156253398
    vertex 101.9043955020844 79.54807991057052 3.88733145035366
    vertex 101.9043955020844 80.52420148066483 5.100000000000039
  endloop
endfacet
facet normal -1 2.18845e-14 -5.89697e-15
  outer loop
    vertex 101.9043955020837 46.48117433781671 6.516658843746602
    vertex 101.9043955020837 48.37427936420868 6.312668549646332
    vertex 101.9043955020837 47.39815779411442 5.099999999999998
  endloop
endfacet
facet normal -1 2.18845e-14 5.89697e-15
  outer loop
    vertex 101.9043955020837 48.37427936420866 3.887331450353662
    vertex 101.9043955020837 46.4811743378167 3.683341156253396
    vertex 101.9043955020837 47.39815779411442 5.099999999999998
  endloop
endfacet
facet normal -1 1.4977e-14 3.36858e-16
  outer loop
    vertex 101.9043955020844 79.54807991057055 6.312668549646438
    vertex 101.9043955020844 81.44118493696253 6.516658843746624
    vertex 101.9043955020844 80.52420148066483 5.100000000000039
  endloop
endfacet
facet normal -1 2.1354e-14 -5.46448e-15
  outer loop
    vertex 101.9043955020842 71.77906614786329 6.583896243846621
    vertex 101.9043955020843 73.72387347073324 6.382028026398187
    vertex 101.9043955020842 72.72881104105389 5.094122840596271
  endloop
endfacet
facet normal -1 2.11052e-14 4.47072e-15
  outer loop
    vertex 101.904395502084 59.04180503010759 5.211882455306323
    vertex 101.9043955020839 57.01617368717923 5.238440222257596
    vertex 101.9043955020839 58.07616390074732 6.591787477503589
  endloop
endfacet
facet normal -1 2.09669e-14 5.90972e-15
  outer loop
    vertex 101.9043955020842 70.90618558759999 5.234017986327876
    vertex 101.9043955020842 68.88055424467163 5.206723180054986
    vertex 101.9043955020842 69.84619537403192 6.590067719086475
  endloop
endfacet
facet normal -1 2.2416e-14 -4.74912e-15
  outer loop
    vertex 101.9043955020839 54.19848580404603 6.382028026398195
    vertex 101.9043955020839 56.14329312691595 6.584633283168244
    vertex 101.9043955020839 55.19354823372533 5.094122840596281
  endloop
endfacet
facet normal -0.982297 -0.18733 0
  outer loop
    vertex 101.9043955020836 43.50337302883961 4.133333333333335
    vertex 102.0447663234888 42.76731642903243 5.100000000000001
    vertex 101.9043955020836 43.50337302883961 6.066666666666667
  endloop
endfacet
facet normal -0.982274 -0.187453 0
  outer loop
    vertex 101.9043955020836 43.50337302883961 2.200000000000001
    vertex 102.0449499090247 42.76685277354809 3.164135898067538
    vertex 101.9043955020836 43.50337302883961 4.133333333333335
  endloop
endfacet
facet normal -0.982274 -0.187453 0
  outer loop
    vertex 101.9043955020836 43.50337302883961 6.066666666666667
    vertex 102.0449499090247 42.76685277354809 7.035864101932462
    vertex 101.9043955020836 43.50337302883961 8
  endloop
endfacet
facet normal -0.844211 -0.536011 -0
  outer loop
    vertex 102.4468575885373 42.13385368594005 8
    vertex 102.0449499090247 42.76685277354809 7.035864101932462
    vertex 102.4468575885373 42.13385368594005 6.066666666666667
  endloop
endfacet
facet normal -0.844211 -0.536011 -0
  outer loop
    vertex 102.4468575885373 42.13385368594005 4.133333333333335
    vertex 102.0449499090247 42.76685277354809 3.164135898067538
    vertex 102.4468575885373 42.13385368594005 2.200000000000001
  endloop
endfacet
facet normal -0.844278 -0.535906 -0
  outer loop
    vertex 102.4468575885373 42.13385368594005 6.066666666666667
    vertex 102.0447663234888 42.76731642903243 5.100000000000001
    vertex 102.4468575885373 42.13385368594005 4.133333333333335
  endloop
endfacet
facet normal -0.920098 -0.364448 -0.14352
  outer loop
    vertex 102.4468575885373 42.13385368594005 6.066666666666667
    vertex 102.0449499090247 42.76685277354809 7.035864101932462
    vertex 101.9043955020836 43.50337302883961 6.066666666666667
  endloop
endfacet
facet normal -0.920098 -0.364448 0.14352
  outer loop
    vertex 101.9043955020836 43.50337302883961 4.133333333333335
    vertex 102.0449499090247 42.76685277354809 3.164135898067538
    vertex 102.4468575885373 42.13385368594005 4.133333333333335
  endloop
endfacet
facet normal -0.920048 -0.364428 -0.143888
  outer loop
    vertex 102.4468575885373 42.13385368594005 4.133333333333335
    vertex 102.0447663234888 42.76731642903243 5.100000000000001
    vertex 101.9043955020836 43.50337302883961 4.133333333333335
  endloop
endfacet
facet normal -0.920048 -0.364428 0.143888
  outer loop
    vertex 101.9043955020836 43.50337302883961 6.066666666666667
    vertex 102.0447663234888 42.76731642903243 5.100000000000001
    vertex 102.4468575885373 42.13385368594005 6.066666666666667
  endloop
endfacet
facet normal -0.919998 -0.364408 -0.144258
  outer loop
    vertex 102.4468575885373 42.13385368594005 2.200000000000001
    vertex 102.0449499090247 42.76685277354809 3.164135898067538
    vertex 101.9043955020836 43.50337302883961 2.200000000000001
  endloop
endfacet
facet normal -0.919998 -0.364408 0.144258
  outer loop
    vertex 101.9043955020836 43.50337302883961 8
    vertex 102.0449499090247 42.76685277354809 7.035864101932462
    vertex 102.4468575885373 42.13385368594005 8
  endloop
endfacet
facet normal -0.728769 -0.68476 2.35667e-15
  outer loop
    vertex 104.2464546403138 40.21859710656869 6.482682486141179
    vertex 103.4739854555011 41.04071263910747 5.100000000000001
    vertex 104.8388319729925 39.5881478719664 5.100000000000001
  endloop
endfacet
facet normal -0.728769 -0.68476 1.12798e-15
  outer loop
    vertex 103.4739854555011 41.04071263910747 5.100000000000001
    vertex 104.2464546403138 40.21859710656868 3.717317513858818
    vertex 104.8388319729925 39.5881478719664 5.100000000000001
  endloop
endfacet
facet normal -0.728769 -0.68476 0
  outer loop
    vertex 109.6452457956391 34.47282736845044 4.133333333333329
    vertex 109.6452457956391 34.47282736845044 6.066666666666658
    vertex 108.5333366267079 35.65619858444551 5.099999999999999
  endloop
endfacet
facet normal -0.728769 -0.68476 -5.25123e-13
  outer loop
    vertex 106.0460516920885 38.30334052719556 8
    vertex 104.8463203242381 39.58017824677706 8
    vertex 105.4461860081639 38.94175938698685 6.482682486141178
  endloop
endfacet
facet normal -0.728769 -0.68476 -2.01964e-13
  outer loop
    vertex 107.2457830599389 37.02650280761407 8
    vertex 106.0460516920885 38.30334052719556 8
    vertex 106.6459173760139 37.66492166740503 6.482682486141178
  endloop
endfacet
facet normal -0.728769 -0.68476 -3.6607e-13
  outer loop
    vertex 106.0460516920885 38.30334052719556 8
    vertex 105.4461860081639 38.94175938698685 6.482682486141178
    vertex 106.6459173760139 37.66492166740503 6.482682486141178
  endloop
endfacet
facet normal -0.728769 -0.68476 -8.44691e-13
  outer loop
    vertex 104.8463203242381 39.58017824677706 8
    vertex 103.6465889563877 40.85701596635855 8
    vertex 104.2464546403138 40.21859710656869 6.482682486141179
  endloop
endfacet
facet normal -0.728769 -0.68476 -6.82443e-13
  outer loop
    vertex 105.4461860081639 38.94175938698685 6.482682486141178
    vertex 104.8463203242381 39.58017824677706 8
    vertex 104.2464546403138 40.21859710656869 6.482682486141179
  endloop
endfacet
facet normal -0.728769 -0.68476 -3.42454e-15
  outer loop
    vertex 106.0460516920889 38.30334052719594 2.200000000000001
    vertex 107.245783059939 37.0265028076141 2.200000000000001
    vertex 106.6459173760139 37.66492166740502 3.717317513858823
  endloop
endfacet
facet normal -0.728769 -0.68476 0
  outer loop
    vertex 104.8463203242388 39.58017824677777 2.200000000000001
    vertex 106.0460516920889 38.30334052719594 2.200000000000001
    vertex 105.4461860081639 38.94175938698685 3.717317513858824
  endloop
endfacet
facet normal -0.728769 -0.68476 -5.01152e-15
  outer loop
    vertex 103.6465889563888 40.8570159663596 2.200000000000001
    vertex 104.8463203242388 39.58017824677777 2.200000000000001
    vertex 104.2464546403138 40.21859710656868 3.717317513858818
  endloop
endfacet
facet normal -0.728769 -0.68476 -3.42454e-15
  outer loop
    vertex 106.0460516920889 38.30334052719594 2.200000000000001
    vertex 106.6459173760139 37.66492166740502 3.717317513858823
    vertex 105.4461860081639 38.94175938698685 3.717317513858824
  endloop
endfacet
facet normal -0.728769 -0.68476 -1.58698e-15
  outer loop
    vertex 104.2464546403138 40.21859710656868 3.717317513858818
    vertex 104.8463203242388 39.58017824677777 2.200000000000001
    vertex 105.4461860081639 38.94175938698685 3.717317513858824
  endloop
endfacet
facet normal -0.728769 -0.68476 1.17601e-13
  outer loop
    vertex 108.4455144277893 35.74966508803256 8
    vertex 107.2457830599389 37.02650280761407 8
    vertex 107.8213965178424 36.41389485666333 6.503130578816349
  endloop
endfacet
facet normal -0.728769 -0.68476 -3.21732e-15
  outer loop
    vertex 107.245783059939 37.0265028076141 2.200000000000001
    vertex 108.445514427789 35.74966508803227 2.200000000000001
    vertex 107.8213965178424 36.41389485666333 3.696869421183648
  endloop
endfacet
facet normal -0.728769 -0.68476 -3.75116e-14
  outer loop
    vertex 107.2457830599389 37.02650280761407 8
    vertex 106.6459173760139 37.66492166740503 6.482682486141178
    vertex 107.8213965178424 36.41389485666333 6.503130578816349
  endloop
endfacet
facet normal -0.728769 -0.68476 -8.58389e-16
  outer loop
    vertex 106.6459173760139 37.66492166740502 3.717317513858823
    vertex 107.245783059939 37.0265028076141 2.200000000000001
    vertex 107.8213965178424 36.41389485666333 3.696869421183648
  endloop
endfacet
facet normal -0.728769 -0.68476 -0
  outer loop
    vertex 102.4468575885373 42.13385368594005 6.066666666666667
    vertex 102.4468575885373 42.13385368594005 4.133333333333335
    vertex 103.4739854555011 41.04071263910747 5.100000000000001
  endloop
endfacet
facet normal -0.728769 -0.68476 -3.716e-15
  outer loop
    vertex 108.5333366267079 35.65619858444551 5.099999999999999
    vertex 107.8213965178424 36.41389485666333 6.503130578816349
    vertex 107.2502452871897 37.02175379444356 5.100000000000001
  endloop
endfacet
facet normal -0.728769 -0.68476 3.716e-15
  outer loop
    vertex 107.8213965178424 36.41389485666333 3.696869421183648
    vertex 108.5333366267079 35.65619858444551 5.099999999999999
    vertex 107.2502452871897 37.02175379444356 5.100000000000001
  endloop
endfacet
facet normal -0.728769 -0.68476 1.97065e-15
  outer loop
    vertex 106.6459173760139 37.66492166740503 6.482682486141178
    vertex 105.4461860081639 38.94175938698685 6.482682486141178
    vertex 106.0460516920889 38.30334052719594 5.100000000000001
  endloop
endfacet
facet normal -0.728769 -0.68476 5.40784e-15
  outer loop
    vertex 105.4461860081639 38.94175938698685 6.482682486141178
    vertex 104.2464546403138 40.21859710656869 6.482682486141179
    vertex 104.8388319729925 39.5881478719664 5.100000000000001
  endloop
endfacet
facet normal -0.728769 -0.68476 4.69112e-15
  outer loop
    vertex 106.0460516920889 38.30334052719594 5.100000000000001
    vertex 105.4461860081639 38.94175938698685 6.482682486141178
    vertex 104.8388319729925 39.5881478719664 5.100000000000001
  endloop
endfacet
facet normal -0.728769 -0.68476 -2.29146e-16
  outer loop
    vertex 105.4461860081639 38.94175938698685 3.717317513858824
    vertex 106.6459173760139 37.66492166740502 3.717317513858823
    vertex 106.0460516920889 38.30334052719594 5.100000000000001
  endloop
endfacet
facet normal -0.728769 -0.68476 -4.66835e-15
  outer loop
    vertex 105.4461860081639 38.94175938698685 3.717317513858824
    vertex 106.0460516920889 38.30334052719594 5.100000000000001
    vertex 104.8388319729925 39.5881478719664 5.100000000000001
  endloop
endfacet
facet normal -0.728769 -0.68476 -3.57467e-15
  outer loop
    vertex 104.2464546403138 40.21859710656868 3.717317513858818
    vertex 105.4461860081639 38.94175938698685 3.717317513858824
    vertex 104.8388319729925 39.5881478719664 5.100000000000001
  endloop
endfacet
facet normal -0.728769 -0.68476 4.7575e-13
  outer loop
    vertex 109.6452457956391 34.47282736845044 6.066666666666658
    vertex 109.6452457956397 34.47282736845107 8
    vertex 108.777526649604 35.3963145467897 6.678848066646608
  endloop
endfacet
facet normal -0.728769 -0.68476 0
  outer loop
    vertex 109.6452457956391 34.47282736845044 2.200000000000001
    vertex 109.6452457956391 34.47282736845044 4.133333333333329
    vertex 108.777526649604 35.39631454678971 3.521151933353393
  endloop
endfacet
facet normal -0.728769 -0.68476 -1.59808e-16
  outer loop
    vertex 106.6459173760139 37.66492166740503 6.482682486141178
    vertex 106.0460516920889 38.30334052719594 5.100000000000001
    vertex 107.2502452871897 37.02175379444356 5.100000000000001
  endloop
endfacet
facet normal -0.728769 -0.68476 3.65275e-15
  outer loop
    vertex 106.0460516920889 38.30334052719594 5.100000000000001
    vertex 106.6459173760139 37.66492166740502 3.717317513858823
    vertex 107.2502452871897 37.02175379444356 5.100000000000001
  endloop
endfacet
facet normal -0.728769 -0.68476 -0
  outer loop
    vertex 102.4468575885373 42.13385368594005 8
    vertex 102.4468575885373 42.13385368594005 6.066666666666667
    vertex 103.3008808318931 41.22494264157279 6.696973633051706
  endloop
endfacet
facet normal -0.728769 -0.68476 -0
  outer loop
    vertex 102.4468575885373 42.13385368594005 4.133333333333335
    vertex 102.4468575885373 42.13385368594005 2.200000000000001
    vertex 103.3008808318931 41.22494264157279 3.503026366948298
  endloop
endfacet
facet normal -0.728769 -0.68476 4.23231e-13
  outer loop
    vertex 109.6452457956397 34.47282736845107 8
    vertex 108.4455144277893 35.74966508803256 8
    vertex 108.777526649604 35.3963145467897 6.678848066646608
  endloop
endfacet
facet normal -0.728769 -0.68476 -6.42712e-15
  outer loop
    vertex 108.445514427789 35.74966508803227 2.200000000000001
    vertex 109.6452457956391 34.47282736845044 2.200000000000001
    vertex 108.777526649604 35.39631454678971 3.521151933353393
  endloop
endfacet
facet normal -0.728769 -0.68476 -1.28555e-12
  outer loop
    vertex 103.6465889563877 40.85701596635855 8
    vertex 102.4468575885373 42.13385368594005 8
    vertex 103.3008808318931 41.22494264157279 6.696973633051706
  endloop
endfacet
facet normal -0.728769 -0.68476 4.47889e-13
  outer loop
    vertex 102.4468575885373 42.13385368594005 2.200000000000001
    vertex 103.6465889563888 40.8570159663596 2.200000000000001
    vertex 103.3008808318931 41.22494264157279 3.503026366948298
  endloop
endfacet
facet normal -0.728769 -0.68476 -3.01741e-15
  outer loop
    vertex 107.8213965178424 36.41389485666333 6.503130578816349
    vertex 106.6459173760139 37.66492166740503 6.482682486141178
    vertex 107.2502452871897 37.02175379444356 5.100000000000001
  endloop
endfacet
facet normal -0.728769 -0.68476 4.73502e-15
  outer loop
    vertex 106.6459173760139 37.66492166740502 3.717317513858823
    vertex 107.8213965178424 36.41389485666333 3.696869421183648
    vertex 107.2502452871897 37.02175379444356 5.100000000000001
  endloop
endfacet
facet normal -0.728769 -0.68476 3.75243e-16
  outer loop
    vertex 108.5333366267079 35.65619858444551 5.099999999999999
    vertex 109.6452457956391 34.47282736845044 6.066666666666658
    vertex 108.777526649604 35.3963145467897 6.678848066646608
  endloop
endfacet
facet normal -0.728769 -0.68476 3.7024e-15
  outer loop
    vertex 109.6452457956391 34.47282736845044 4.133333333333329
    vertex 108.5333366267079 35.65619858444551 5.099999999999999
    vertex 108.777526649604 35.39631454678971 3.521151933353393
  endloop
endfacet
facet normal -0.728769 -0.68476 3.6516e-15
  outer loop
    vertex 103.4739854555011 41.04071263910747 5.100000000000001
    vertex 104.2464546403138 40.21859710656869 6.482682486141179
    vertex 103.3008808318931 41.22494264157279 6.696973633051706
  endloop
endfacet
facet normal -0.728769 -0.68476 -3.09676e-15
  outer loop
    vertex 104.2464546403138 40.21859710656868 3.717317513858818
    vertex 103.4739854555011 41.04071263910747 5.100000000000001
    vertex 103.3008808318931 41.22494264157279 3.503026366948298
  endloop
endfacet
facet normal -0.728769 -0.68476 -6.73841e-16
  outer loop
    vertex 107.8213965178424 36.41389485666333 6.503130578816349
    vertex 108.5333366267079 35.65619858444551 5.099999999999999
    vertex 108.777526649604 35.3963145467897 6.678848066646608
  endloop
endfacet
facet normal -0.728769 -0.68476 3.29146e-15
  outer loop
    vertex 108.5333366267079 35.65619858444551 5.099999999999999
    vertex 107.8213965178424 36.41389485666333 3.696869421183648
    vertex 108.777526649604 35.39631454678971 3.521151933353393
  endloop
endfacet
facet normal -0.728769 -0.68476 -1.1105e-12
  outer loop
    vertex 104.2464546403138 40.21859710656869 6.482682486141179
    vertex 103.6465889563877 40.85701596635855 8
    vertex 103.3008808318931 41.22494264157279 6.696973633051706
  endloop
endfacet
facet normal -0.728769 -0.68476 -8.14836e-16
  outer loop
    vertex 103.6465889563888 40.8570159663596 2.200000000000001
    vertex 104.2464546403138 40.21859710656868 3.717317513858818
    vertex 103.3008808318931 41.22494264157279 3.503026366948298
  endloop
endfacet
facet normal -0.728769 -0.68476 2.41135e-13
  outer loop
    vertex 102.4468575885373 42.13385368594005 6.066666666666667
    vertex 103.4739854555011 41.04071263910747 5.100000000000001
    vertex 103.3008808318931 41.22494264157279 6.696973633051706
  endloop
endfacet
facet normal -0.728769 -0.68476 -2.41109e-13
  outer loop
    vertex 103.4739854555011 41.04071263910747 5.100000000000001
    vertex 102.4468575885373 42.13385368594005 4.133333333333335
    vertex 103.3008808318931 41.22494264157279 3.503026366948298
  endloop
endfacet
facet normal -0.728769 -0.68476 3.06287e-13
  outer loop
    vertex 108.4455144277893 35.74966508803256 8
    vertex 107.8213965178424 36.41389485666333 6.503130578816349
    vertex 108.777526649604 35.3963145467897 6.678848066646608
  endloop
endfacet
facet normal -0.728769 -0.68476 -7.19085e-15
  outer loop
    vertex 107.8213965178424 36.41389485666333 3.696869421183648
    vertex 108.445514427789 35.74966508803227 2.200000000000001
    vertex 108.777526649604 35.39631454678971 3.521151933353393
  endloop
endfacet
facet normal 0.858638 -0.512582 0
  outer loop
    vertex 111.2719236110322 34.71740562092499 8
    vertex 111.2719236110322 34.71740562092499 6.066666666666658
    vertex 111.5756441879834 35.22617452938248 7.033333333333333
  endloop
endfacet
facet normal 0.858638 -0.512582 0
  outer loop
    vertex 111.2719236110322 34.71740562092499 6.066666666666658
    vertex 111.2719236110322 34.71740562092499 4.133333333333329
    vertex 111.5756441879834 35.22617452938249 5.100000000000002
  endloop
endfacet
facet normal 0.858638 -0.512582 0
  outer loop
    vertex 111.2719236110322 34.71740562092499 4.133333333333329
    vertex 111.2719236110322 34.71740562092499 2.200000000000001
    vertex 111.5756441879834 35.22617452938253 3.166666666665133
  endloop
endfacet
facet normal 0.762914 -0.646501 0
  outer loop
    vertex 111.9588110898045 35.67833692490728 4.133333333333342
    vertex 111.9588110898045 35.67833692490728 6.066666666666671
    vertex 111.5756441879834 35.22617452938249 5.100000000000002
  endloop
endfacet
facet normal 0.762914 -0.646501 0
  outer loop
    vertex 111.9588110898045 35.67833692490728 6.066666666666671
    vertex 111.9588110898045 35.67833692490728 8
    vertex 111.5756441879834 35.22617452938248 7.033333333333333
  endloop
endfacet
facet normal 0.762914 -0.646501 -4.75919e-12
  outer loop
    vertex 111.9588110898045 35.67833692492151 2.200000000000001
    vertex 111.9588110898045 35.67833692490728 4.133333333333342
    vertex 111.5756441879834 35.22617452938253 3.166666666665133
  endloop
endfacet
facet normal 0.812496 -0.580784 0.0503928
  outer loop
    vertex 111.2719236110322 34.71740562092499 6.066666666666658
    vertex 111.9588110898045 35.67833692490728 6.066666666666671
    vertex 111.5756441879834 35.22617452938248 7.033333333333333
  endloop
endfacet
facet normal 0.812496 -0.580784 0.0503928
  outer loop
    vertex 111.2719236110322 34.71740562092499 4.133333333333329
    vertex 111.9588110898045 35.67833692490728 4.133333333333342
    vertex 111.5756441879834 35.22617452938249 5.100000000000002
  endloop
endfacet
facet normal 0.812496 -0.580784 -0.0503928
  outer loop
    vertex 111.9588110898045 35.67833692490728 8
    vertex 111.2719236110322 34.71740562092499 8
    vertex 111.5756441879834 35.22617452938248 7.033333333333333
  endloop
endfacet
facet normal 0.812496 -0.580784 -0.0503928
  outer loop
    vertex 111.9588110898045 35.67833692490728 6.066666666666671
    vertex 111.2719236110322 34.71740562092499 6.066666666666658
    vertex 111.5756441879834 35.22617452938249 5.100000000000002
  endloop
endfacet
facet normal 0.812496 -0.580784 -0.0503928
  outer loop
    vertex 111.9588110898045 35.67833692490728 4.133333333333342
    vertex 111.2719236110322 34.71740562092499 4.133333333333329
    vertex 111.5756441879834 35.22617452938253 3.166666666665133
  endloop
endfacet
facet normal 0.812496 -0.580784 0.0503928
  outer loop
    vertex 111.2719236110322 34.71740562092499 2.200000000000001
    vertex 111.9588110898045 35.67833692492151 2.200000000000001
    vertex 111.5756441879834 35.22617452938253 3.166666666665133
  endloop
endfacet
facet normal 0.7629 0.646516 0
  outer loop
    vertex 111.9588110898013 92.244022349874 8
    vertex 111.9588110898013 92.244022349874 6.066666666666658
    vertex 111.5757306963547 92.69606372324117 7.033333333333333
  endloop
endfacet
facet normal 0.7629 0.646516 0
  outer loop
    vertex 111.9588110898013 92.244022349874 6.066666666666658
    vertex 111.9588110898013 92.244022349874 4.133333333333329
    vertex 111.5757306963547 92.69606372324117 5.100000000000003
  endloop
endfacet
facet normal 0.858633 0.512591 -0
  outer loop
    vertex 111.2719236110278 93.20495365386019 2.200000000000001
    vertex 111.2719236110278 93.20495365386019 4.133333333333342
    vertex 111.5756874415419 92.69612423387403 3.166968786084941
  endloop
endfacet
facet normal 0.762907 0.646508 -1.72027e-12
  outer loop
    vertex 111.9588110898013 92.244022349874 4.133333333333329
    vertex 111.9588110898013 92.24402234986886 2.200000000000001
    vertex 111.5756874415419 92.69612423387403 3.166968786084941
  endloop
endfacet
facet normal 0.858627 0.5126 -0
  outer loop
    vertex 111.2719236110278 93.20495365386019 4.133333333333342
    vertex 111.2719236110278 93.20495365386019 6.066666666666671
    vertex 111.5757306963547 92.69606372324117 5.100000000000003
  endloop
endfacet
facet normal 0.858627 0.5126 -0
  outer loop
    vertex 111.2719236110278 93.20495365386019 6.066666666666671
    vertex 111.2719236110278 93.20495365386019 8
    vertex 111.5757306963547 92.69606372324117 7.033333333333333
  endloop
endfacet
facet normal 0.812497 0.580785 0.0503771
  outer loop
    vertex 111.9588110898013 92.24402234986886 2.200000000000001
    vertex 111.2719236110278 93.20495365386019 2.200000000000001
    vertex 111.5756874415419 92.69612423387403 3.166968786084941
  endloop
endfacet
facet normal 0.812496 0.580784 -0.0503928
  outer loop
    vertex 111.2719236110278 93.20495365386019 8
    vertex 111.9588110898013 92.244022349874 8
    vertex 111.5757306963547 92.69606372324117 7.033333333333333
  endloop
endfacet
facet normal 0.812496 0.580784 0.0503928
  outer loop
    vertex 111.9588110898013 92.244022349874 6.066666666666658
    vertex 111.2719236110278 93.20495365386019 6.066666666666671
    vertex 111.5757306963547 92.69606372324117 7.033333333333333
  endloop
endfacet
facet normal 0.812496 0.580784 0.0503928
  outer loop
    vertex 111.9588110898013 92.244022349874 4.133333333333329
    vertex 111.2719236110278 93.20495365386019 4.133333333333342
    vertex 111.5757306963547 92.69606372324117 5.100000000000003
  endloop
endfacet
facet normal 0.812496 0.580784 -0.0503928
  outer loop
    vertex 111.2719236110278 93.20495365386019 6.066666666666671
    vertex 111.9588110898013 92.244022349874 6.066666666666658
    vertex 111.5757306963547 92.69606372324117 5.100000000000003
  endloop
endfacet
facet normal 0.812496 0.580784 -0.0504085
  outer loop
    vertex 111.2719236110278 93.20495365386019 4.133333333333342
    vertex 111.9588110898013 92.244022349874 4.133333333333329
    vertex 111.5756874415419 92.69612423387403 3.166968786084941
  endloop
endfacet
facet normal 0.980785 -0.19509 -0.000120195
  outer loop
    vertex 113.9043955020741 39.2807755866798 2.200000000000001
    vertex 113.6002295812559 37.75080484864753 3.539705077329107
    vertex 113.5999136321295 37.75004185721931 2.200000000000001
  endloop
endfacet
facet normal 0.980785 -0.19509 0.000120195
  outer loop
    vertex 113.5999136321295 37.75004185721931 8
    vertex 113.6002295812559 37.75080484864753 6.660294922670888
    vertex 113.9043955020749 39.28077558667979 8
  endloop
endfacet
facet normal 0.980805 -0.194989 -5.19145e-12
  outer loop
    vertex 113.9043955020843 39.28077558667979 4.133333333333335
    vertex 113.6002295812559 37.75080484864753 3.539705077329107
    vertex 113.9043955020741 39.2807755866798 2.200000000000001
  endloop
endfacet
facet normal 0.980805 -0.194989 4.75817e-12
  outer loop
    vertex 113.9043955020749 39.28077558667979 8
    vertex 113.6002295812559 37.75080484864753 6.660294922670888
    vertex 113.9043955020843 39.28077558667979 6.066666666666667
  endloop
endfacet
facet normal 0.83147 -0.55557 0.00012032
  outer loop
    vertex 113.5999136321295 37.75004185721931 2.200000000000001
    vertex 113.6002295812559 37.75080484864753 3.539705077329107
    vertex 112.7328226268307 36.45234846193353 2.200000000000001
  endloop
endfacet
facet normal 0.83147 -0.55557 -0.00012032
  outer loop
    vertex 112.7328226268307 36.45234846193353 8
    vertex 113.6002295812559 37.75080484864753 6.660294922670888
    vertex 113.5999136321295 37.75004185721931 8
  endloop
endfacet
facet normal 0.831527 -0.555484 0
  outer loop
    vertex 112.7328226268307 36.45234846193353 2.200000000000001
    vertex 113.6002295812559 37.75080484864753 3.539705077329107
    vertex 112.7328226268307 36.45234846193353 4.133333333333329
  endloop
endfacet
facet normal 0.831527 -0.555484 0
  outer loop
    vertex 112.7328226268307 36.45234846193353 6.066666666666658
    vertex 113.6002295812559 37.75080484864753 6.660294922670888
    vertex 112.7328226268307 36.45234846193353 8
  endloop
endfacet
facet normal 0.832182 -0.554502 0
  outer loop
    vertex 112.7328226268307 36.45234846193353 4.133333333333329
    vertex 113.6038325271682 37.75953737474858 5.099999999999994
    vertex 112.7328226268307 36.45234846193353 6.066666666666658
  endloop
endfacet
facet normal 0.981035 -0.193831 0
  outer loop
    vertex 113.9043955020843 39.28077558667979 6.066666666666667
    vertex 113.6038325271682 37.75953737474858 5.099999999999994
    vertex 113.9043955020843 39.28077558667979 4.133333333333335
  endloop
endfacet
facet normal 0.980892 -0.19455 -0.00117618
  outer loop
    vertex 113.6038325271682 37.75953737474858 5.099999999999994
    vertex 113.6002295812559 37.75080484864753 3.539705077329107
    vertex 113.9043955020843 39.28077558667979 4.133333333333335
  endloop
endfacet
facet normal 0.980892 -0.19455 0.00117618
  outer loop
    vertex 113.9043955020843 39.28077558667979 6.066666666666667
    vertex 113.6002295812559 37.75080484864753 6.660294922670888
    vertex 113.6038325271682 37.75953737474858 5.099999999999994
  endloop
endfacet
facet normal 0.831777 -0.555109 0.00118609
  outer loop
    vertex 112.7328226268307 36.45234846193353 4.133333333333329
    vertex 113.6002295812559 37.75080484864753 3.539705077329107
    vertex 113.6038325271682 37.75953737474858 5.099999999999994
  endloop
endfacet
facet normal 0.831777 -0.555109 -0.00118609
  outer loop
    vertex 113.6038325271682 37.75953737474858 5.099999999999994
    vertex 113.6002295812559 37.75080484864753 6.660294922670888
    vertex 112.7328226268307 36.45234846193353 6.066666666666658
  endloop
endfacet
facet normal 0.83147 0.55557 -0.000120195
  outer loop
    vertex 112.7328226268296 91.47001081284478 2.200000000000001
    vertex 113.5995975254841 90.17308034374219 3.539705077329124
    vertex 113.5999136321272 90.17231741755957 2.200000000000001
  endloop
endfacet
facet normal 0.83147 0.55557 0.000120195
  outer loop
    vertex 113.5999136321272 90.17231741755957 8
    vertex 113.5995975254841 90.1730803437422 6.660294922670872
    vertex 112.7328226268296 91.47001081284478 8
  endloop
endfacet
facet normal 0.831412 0.555656 0
  outer loop
    vertex 112.7328226268296 91.47001081284478 4.133333333333335
    vertex 113.5995975254841 90.17308034374219 3.539705077329124
    vertex 112.7328226268296 91.47001081284478 2.200000000000001
  endloop
endfacet
facet normal 0.831412 0.555656 0
  outer loop
    vertex 112.7328226268296 91.47001081284478 8
    vertex 113.5995975254841 90.1730803437422 6.660294922670872
    vertex 112.7328226268296 91.47001081284478 6.066666666666667
  endloop
endfacet
facet normal 0.980785 0.19509 0.00012032
  outer loop
    vertex 113.5999136321272 90.17231741755957 2.200000000000001
    vertex 113.5995975254841 90.17308034374219 3.539705077329124
    vertex 113.9043955020751 88.64158368810058 2.200000000000001
  endloop
endfacet
facet normal 0.980785 0.19509 -0.00012032
  outer loop
    vertex 113.904395502082 88.64158368810058 8
    vertex 113.5995975254841 90.1730803437422 6.660294922670872
    vertex 113.5999136321272 90.17231741755957 8
  endloop
endfacet
facet normal 0.980765 0.195192 -3.28012e-12
  outer loop
    vertex 113.9043955020751 88.64158368810058 2.200000000000001
    vertex 113.5995975254841 90.17308034374219 3.539705077329124
    vertex 113.9043955020816 88.64158368810058 4.133333333333329
  endloop
endfacet
facet normal 0.980765 0.195192 -2.09063e-13
  outer loop
    vertex 113.9043955020816 88.64158368810058 6.066666666666658
    vertex 113.5995975254841 90.1730803437422 6.660294922670872
    vertex 113.904395502082 88.64158368810058 8
  endloop
endfacet
facet normal 0.980534 0.19635 -0
  outer loop
    vertex 113.9043955020816 88.64158368810058 4.133333333333329
    vertex 113.595970364548 90.18180283965192 5.099999999999994
    vertex 113.9043955020816 88.64158368810058 6.066666666666658
  endloop
endfacet
facet normal 0.830756 0.556637 0
  outer loop
    vertex 112.7328226268296 91.47001081284478 6.066666666666667
    vertex 113.595970364548 90.18180283965192 5.099999999999994
    vertex 112.7328226268296 91.47001081284478 4.133333333333335
  endloop
endfacet
facet normal 0.831163 0.556028 -0.00117618
  outer loop
    vertex 113.595970364548 90.18180283965192 5.099999999999994
    vertex 113.5995975254841 90.17308034374219 3.539705077329124
    vertex 112.7328226268296 91.47001081284478 4.133333333333335
  endloop
endfacet
facet normal 0.831163 0.556028 0.00117618
  outer loop
    vertex 112.7328226268296 91.47001081284478 6.066666666666667
    vertex 113.5995975254841 90.1730803437422 6.660294922670872
    vertex 113.595970364548 90.18180283965192 5.099999999999994
  endloop
endfacet
facet normal 0.980676 0.195634 0.00118609
  outer loop
    vertex 113.9043955020816 88.64158368810058 4.133333333333329
    vertex 113.5995975254841 90.17308034374219 3.539705077329124
    vertex 113.595970364548 90.18180283965192 5.099999999999994
  endloop
endfacet
facet normal 0.980676 0.195634 -0.00118609
  outer loop
    vertex 113.595970364548 90.18180283965192 5.099999999999994
    vertex 113.5995975254841 90.1730803437422 6.660294922670872
    vertex 113.9043955020816 88.64158368810058 6.066666666666658
  endloop
endfacet
facet normal 0.590853 0.806779 -0
  outer loop
    vertex 111.2719236110278 93.20495365386019 4.133333333333342
    vertex 110.5226979962349 93.75365710836175 5.100000000000001
    vertex 111.2719236110278 93.20495365386019 6.066666666666671
  endloop
endfacet
facet normal -0.327487 0.944856 0
  outer loop
    vertex 109.6452457956385 93.44953190632762 6.066666666666667
    vertex 110.5226979962349 93.75365710836175 5.100000000000001
    vertex 109.6452457956385 93.44953190632762 4.133333333333335
  endloop
endfacet
facet normal -0.327487 0.944856 0
  outer loop
    vertex 110.5226979962349 93.75365710836175 5.100000000000001
    vertex 110.5226979962349 93.75365710836175 3.32777777777778
    vertex 109.6452457956385 93.44953190632762 4.133333333333335
  endloop
endfacet
facet normal -0.327487 0.944856 0
  outer loop
    vertex 109.6452457956385 93.44953190632762 6.066666666666667
    vertex 110.5226979962349 93.75365710836175 6.872222222222224
    vertex 110.5226979962349 93.75365710836175 5.100000000000001
  endloop
endfacet
facet normal 0.590853 0.806779 -0
  outer loop
    vertex 110.5226979962349 93.75365710836175 5.100000000000001
    vertex 110.5226979962349 93.75365710836175 6.872222222222224
    vertex 111.2719236110278 93.20495365386019 6.066666666666671
  endloop
endfacet
facet normal 0.590853 0.806779 0
  outer loop
    vertex 111.2719236110278 93.20495365386019 4.133333333333342
    vertex 110.5226979962349 93.75365710836175 3.32777777777778
    vertex 110.5226979962349 93.75365710836175 5.100000000000001
  endloop
endfacet
facet normal -0.327487 0.944856 0
  outer loop
    vertex 109.6452457956385 93.44953190632762 4.133333333333335
    vertex 110.5226979962349 93.75365710836175 3.32777777777778
    vertex 109.6452457956385 93.44953190632762 2.200000000000001
  endloop
endfacet
facet normal -0.327487 0.944856 0
  outer loop
    vertex 109.6452457956385 93.44953190632762 2.200000000000001
    vertex 110.5226979962349 93.75365710836175 3.32777777777778
    vertex 110.5226979962349 93.75365710836175 2.200000000000001
  endloop
endfacet
facet normal -0.327487 0.944856 -4.28074e-13
  outer loop
    vertex 109.6452457956378 93.44953190632826 8
    vertex 110.5226979962349 93.75365710836175 6.872222222222224
    vertex 109.6452457956385 93.44953190632762 6.066666666666667
  endloop
endfacet
facet normal -0.327487 0.944856 0
  outer loop
    vertex 110.5226979962349 93.75365710836175 8
    vertex 110.5226979962349 93.75365710836175 6.872222222222224
    vertex 109.6452457956378 93.44953190632826 8
  endloop
endfacet
facet normal 0.590853 0.806779 -0
  outer loop
    vertex 111.2719236110278 93.20495365386019 6.066666666666671
    vertex 110.5226979962349 93.75365710836175 6.872222222222224
    vertex 111.2719236110278 93.20495365386019 8
  endloop
endfacet
facet normal 0.590853 0.806779 0
  outer loop
    vertex 111.2719236110278 93.20495365386019 8
    vertex 110.5226979962349 93.75365710836175 6.872222222222224
    vertex 110.5226979962349 93.75365710836175 8
  endloop
endfacet
facet normal 0.590853 0.806779 -0
  outer loop
    vertex 111.2719236110278 93.20495365386019 2.200000000000001
    vertex 110.5226979962349 93.75365710836175 3.32777777777778
    vertex 111.2719236110278 93.20495365386019 4.133333333333342
  endloop
endfacet
facet normal 0.590853 0.806779 -0
  outer loop
    vertex 110.5226979962349 93.75365710836175 2.200000000000001
    vertex 110.5226979962349 93.75365710836175 3.32777777777778
    vertex 111.2719236110278 93.20495365386019 2.200000000000001
  endloop
endfacet
facet normal 0.590853 -0.806779 0
  outer loop
    vertex 111.2719236110322 34.71740562092499 6.066666666666658
    vertex 110.5226979962396 34.16870216641667 5.099999999999994
    vertex 111.2719236110322 34.71740562092499 4.133333333333329
  endloop
endfacet
facet normal -0.327487 -0.944856 0
  outer loop
    vertex 109.6452457956391 34.47282736845044 4.133333333333329
    vertex 110.5226979962396 34.16870216641667 5.099999999999994
    vertex 109.6452457956391 34.47282736845044 6.066666666666658
  endloop
endfacet
facet normal -0.327487 -0.944856 0
  outer loop
    vertex 110.5226979962396 34.16870216641667 5.099999999999994
    vertex 110.5226979962396 34.16870216641667 6.872222222222218
    vertex 109.6452457956391 34.47282736845044 6.066666666666658
  endloop
endfacet
facet normal -0.327487 -0.944856 0
  outer loop
    vertex 109.6452457956391 34.47282736845044 4.133333333333329
    vertex 110.5226979962396 34.16870216641667 3.327777777777776
    vertex 110.5226979962396 34.16870216641667 5.099999999999994
  endloop
endfacet
facet normal 0.590853 -0.806779 0
  outer loop
    vertex 111.2719236110322 34.71740562092499 6.066666666666658
    vertex 110.5226979962396 34.16870216641667 6.872222222222218
    vertex 110.5226979962396 34.16870216641667 5.099999999999994
  endloop
endfacet
facet normal 0.590853 -0.806779 0
  outer loop
    vertex 110.5226979962396 34.16870216641667 5.099999999999994
    vertex 110.5226979962396 34.16870216641667 3.327777777777776
    vertex 111.2719236110322 34.71740562092499 4.133333333333329
  endloop
endfacet
facet normal -0.327487 -0.944856 0
  outer loop
    vertex 109.6452457956391 34.47282736845044 2.200000000000001
    vertex 110.5226979962396 34.16870216641667 3.327777777777776
    vertex 109.6452457956391 34.47282736845044 4.133333333333329
  endloop
endfacet
facet normal -0.327487 -0.944856 0
  outer loop
    vertex 110.5226979962396 34.16870216641667 2.200000000000001
    vertex 110.5226979962396 34.16870216641667 3.327777777777776
    vertex 109.6452457956391 34.47282736845044 2.200000000000001
  endloop
endfacet
facet normal -0.327487 -0.944856 4.22195e-13
  outer loop
    vertex 109.6452457956391 34.47282736845044 6.066666666666658
    vertex 110.5226979962396 34.16870216641667 6.872222222222218
    vertex 109.6452457956397 34.47282736845107 8
  endloop
endfacet
facet normal -0.327487 -0.944856 0
  outer loop
    vertex 109.6452457956397 34.47282736845107 8
    vertex 110.5226979962396 34.16870216641667 6.872222222222218
    vertex 110.5226979962396 34.16870216641667 8
  endloop
endfacet
facet normal 0.590853 -0.806779 0
  outer loop
    vertex 111.2719236110322 34.71740562092499 4.133333333333329
    vertex 110.5226979962396 34.16870216641667 3.327777777777776
    vertex 111.2719236110322 34.71740562092499 2.200000000000001
  endloop
endfacet
facet normal 0.590853 -0.806779 0
  outer loop
    vertex 111.2719236110322 34.71740562092499 2.200000000000001
    vertex 110.5226979962396 34.16870216641667 3.327777777777776
    vertex 110.5226979962396 34.16870216641667 2.200000000000001
  endloop
endfacet
facet normal 0.590853 -0.806779 0
  outer loop
    vertex 111.2719236110322 34.71740562092499 8
    vertex 110.5226979962396 34.16870216641667 6.872222222222218
    vertex 111.2719236110322 34.71740562092499 6.066666666666658
  endloop
endfacet
facet normal 0.590853 -0.806779 0
  outer loop
    vertex 110.5226979962396 34.16870216641667 8
    vertex 110.5226979962396 34.16870216641667 6.872222222222218
    vertex 111.2719236110322 34.71740562092499 8
  endloop
endfacet
facet normal 0.728769 -0.68476 0
  outer loop
    vertex 104.2958251314981 86.29593930883935 2.2
    vertex 104.2958251314981 86.29593930883935 3.900000000000003
    vertex 103.7357258384043 85.6998426131144 3.050000000000001
  endloop
endfacet
facet normal 0.728769 -0.68476 0
  outer loop
    vertex 104.2958251314981 86.29593930883935 3.900000000000003
    vertex 104.2958251314981 86.29593930883935 5.600000000000005
    vertex 103.7357258384043 85.6998426131144 4.750000000000003
  endloop
endfacet
facet normal 0.728769 -0.68476 0
  outer loop
    vertex 103.1756265453105 85.10374591738945 7.3
    vertex 103.1756265453105 85.10374591738945 5.6
    vertex 103.7357258384043 85.6998426131144 6.45
  endloop
endfacet
facet normal 0.728769 -0.68476 0
  outer loop
    vertex 103.1756265453105 85.10374591738945 3.9
    vertex 103.1756265453105 85.10374591738945 2.2
    vertex 103.7357258384043 85.6998426131144 3.050000000000001
  endloop
endfacet
facet normal 0.728769 -0.68476 0
  outer loop
    vertex 103.1756265453105 85.10374591738945 5.6
    vertex 103.1756265453105 85.10374591738945 3.9
    vertex 103.7357258384043 85.6998426131144 4.750000000000003
  endloop
endfacet
facet normal 0.728769 -0.68476 0
  outer loop
    vertex 104.2958251314981 86.29593930883935 5.600000000000005
    vertex 104.2958251314981 86.29593930883935 7.3
    vertex 103.7357258384043 85.6998426131144 6.45
  endloop
endfacet
facet normal 0.728769 -0.68476 0
  outer loop
    vertex 103.1756265453105 85.10374591738945 3.9
    vertex 104.2958251314981 86.29593930883935 3.900000000000003
    vertex 103.7357258384043 85.6998426131144 4.750000000000003
  endloop
endfacet
facet normal 0.728769 -0.68476 0
  outer loop
    vertex 104.2958251314981 86.29593930883935 3.900000000000003
    vertex 103.1756265453105 85.10374591738945 3.9
    vertex 103.7357258384043 85.6998426131144 3.050000000000001
  endloop
endfacet
facet normal 0.728769 -0.68476 0
  outer loop
    vertex 104.2958251314981 86.29593930883935 5.600000000000005
    vertex 103.1756265453105 85.10374591738945 5.6
    vertex 103.7357258384043 85.6998426131144 4.750000000000003
  endloop
endfacet
facet normal 0.728769 -0.68476 0
  outer loop
    vertex 103.1756265453105 85.10374591738945 2.2
    vertex 104.2958251314981 86.29593930883935 2.2
    vertex 103.7357258384043 85.6998426131144 3.050000000000001
  endloop
endfacet
facet normal 0.728769 -0.68476 0
  outer loop
    vertex 104.2958251314981 86.29593930883935 7.3
    vertex 103.1756265453105 85.10374591738945 7.3
    vertex 103.7357258384043 85.6998426131144 6.45
  endloop
endfacet
facet normal 0.728769 -0.68476 0
  outer loop
    vertex 103.1756265453105 85.10374591738945 5.6
    vertex 104.2958251314981 86.29593930883935 5.600000000000005
    vertex 103.7357258384043 85.6998426131144 6.45
  endloop
endfacet
facet normal 0.844211 -0.536011 0
  outer loop
    vertex 103.1756265453105 85.10374591738945 3.9
    vertex 103.1756265453105 85.10374591738945 5.6
    vertex 102.9746727055545 84.78724637358498 4.75
  endloop
endfacet
facet normal 0.982274 -0.187453 1.56698e-15
  outer loop
    vertex 102.904395502084 84.41898624593961 3.9
    vertex 102.904395502084 84.41898624593959 2.2
    vertex 102.9746727055545 84.78724637358498 3.05
  endloop
endfacet
facet normal 0.982274 -0.187453 0
  outer loop
    vertex 102.904395502084 84.41898624593961 5.6
    vertex 102.904395502084 84.41898624593961 3.9
    vertex 102.9746727055545 84.78724637358498 4.75
  endloop
endfacet
facet normal 0.844211 -0.536011 0
  outer loop
    vertex 103.1756265453105 85.10374591738945 2.2
    vertex 103.1756265453105 85.10374591738945 3.9
    vertex 102.9746727055545 84.78724637358498 3.05
  endloop
endfacet
facet normal 0.982274 -0.187453 0
  outer loop
    vertex 102.904395502084 84.41898624593961 7.3
    vertex 102.904395502084 84.41898624593961 5.6
    vertex 102.9746727055545 84.78724637358498 6.449999999999985
  endloop
endfacet
facet normal 0.844211 -0.536011 0
  outer loop
    vertex 103.1756265453105 85.10374591738945 5.6
    vertex 103.1756265453105 85.10374591738945 7.3
    vertex 102.9746727055545 84.78724637358498 6.449999999999985
  endloop
endfacet
facet normal 0.926561 -0.367008 0.0823979
  outer loop
    vertex 102.904395502084 84.41898624593961 5.6
    vertex 103.1756265453105 85.10374591738945 5.6
    vertex 102.9746727055545 84.78724637358498 6.449999999999985
  endloop
endfacet
facet normal 0.926561 -0.367008 0.0823979
  outer loop
    vertex 102.904395502084 84.41898624593961 3.9
    vertex 103.1756265453105 85.10374591738945 3.9
    vertex 102.9746727055545 84.78724637358498 4.75
  endloop
endfacet
facet normal 0.926561 -0.367008 0.0823979
  outer loop
    vertex 102.904395502084 84.41898624593959 2.2
    vertex 103.1756265453105 85.10374591738945 2.2
    vertex 102.9746727055545 84.78724637358498 3.05
  endloop
endfacet
facet normal 0.926561 -0.367008 -0.0823979
  outer loop
    vertex 103.1756265453105 85.10374591738945 5.6
    vertex 102.904395502084 84.41898624593961 5.6
    vertex 102.9746727055545 84.78724637358498 4.75
  endloop
endfacet
facet normal 0.926561 -0.367008 -0.0823979
  outer loop
    vertex 103.1756265453105 85.10374591738945 3.9
    vertex 102.904395502084 84.41898624593961 3.9
    vertex 102.9746727055545 84.78724637358498 3.05
  endloop
endfacet
facet normal 0.926561 -0.367008 -0.0823979
  outer loop
    vertex 103.1756265453105 85.10374591738945 7.3
    vertex 102.904395502084 84.41898624593961 7.3
    vertex 102.9746727055545 84.78724637358498 6.449999999999985
  endloop
endfacet
facet normal 1 -1.52491e-14 3.30897e-28
  outer loop
    vertex 102.9043955020839 54.21936696665091 5.612668549646305
    vertex 102.9043955020839 54.21936696665087 3.64798751749819
    vertex 102.9043955020839 56.08320037516738 3.791451084925268
  endloop
endfacet
facet normal 1 -1.45875e-14 6.77057e-16
  outer loop
    vertex 102.9043955020839 56.16772950079857 5.612668549646305
    vertex 102.9043955020839 54.21936696665091 5.612668549646305
    vertex 102.9043955020839 56.08320037516738 3.791451084925268
  endloop
endfacet
facet normal 1 -2.28736e-14 4.96345e-28
  outer loop
    vertex 102.9043955020841 63.96117963738915 3.887331450353697
    vertex 102.9043955020841 63.96117963738919 5.852012482501814
    vertex 102.904395502084 62.09734622887268 5.708548915074733
  endloop
endfacet
facet normal 1 -2.18812e-14 1.01558e-15
  outer loop
    vertex 102.904395502084 62.0128171032415 3.887331450353698
    vertex 102.9043955020841 63.96117963738915 3.887331450353697
    vertex 102.904395502084 62.09734622887268 5.708548915074733
  endloop
endfacet
facet normal 1 -2.18812e-14 3.02599e-28
  outer loop
    vertex 102.9043955020838 50.3226418983556 5.612668549646305
    vertex 102.9043955020837 48.37427936420791 3.887331450353683
    vertex 102.9043955020838 50.32264189835557 3.557466290070735
  endloop
endfacet
facet normal 1 -2.18812e-14 4.74811e-28
  outer loop
    vertex 102.9043955020841 63.96117963738915 3.887331450353697
    vertex 102.9043955020841 65.90954217153684 5.612668549646311
    vertex 102.9043955020841 63.96117963738919 5.852012482501814
  endloop
endfacet
facet normal 1 -2.18812e-14 3.02599e-28
  outer loop
    vertex 102.9043955020838 52.27100443250322 3.887331450353689
    vertex 102.9043955020839 54.21936696665091 5.612668549646305
    vertex 102.9043955020838 52.27100443250325 5.942533709929259
  endloop
endfacet
facet normal 1 -2.18812e-14 4.53898e-28
  outer loop
    vertex 102.904395502084 60.06445456909388 5.612668549646305
    vertex 102.9043955020839 58.11609203494618 3.887331450353695
    vertex 102.904395502084 60.06445456909384 3.55746629007074
  endloop
endfacet
facet normal 1 -2.25183e-14 -1.10793e-16
  outer loop
    vertex 102.9043955020841 67.85302966613914 3.993934008751195
    vertex 102.9043955020842 69.73938169727006 5.393949450339361
    vertex 102.9043955020841 67.84355258926301 5.920110401747373
  endloop
endfacet
facet normal 1 -2.1888e-14 7.69869e-18
  outer loop
    vertex 102.9043955020841 65.90954217153684 5.612668549646311
    vertex 102.9043955020841 63.96117963738915 3.887331450353697
    vertex 102.9043955020841 65.90884573731606 3.632644645165555
  endloop
endfacet
facet normal 1 -2.18812e-14 4.74811e-28
  outer loop
    vertex 102.9043955020839 54.21936696665091 5.612668549646305
    vertex 102.9043955020838 52.27100443250322 3.887331450353689
    vertex 102.9043955020839 54.21936696665087 3.64798751749819
  endloop
endfacet
facet normal 1 -2.18812e-14 4.53898e-28
  outer loop
    vertex 102.9043955020839 58.11609203494618 3.887331450353695
    vertex 102.904395502084 60.06445456909388 5.612668549646305
    vertex 102.9043955020839 58.11609203494622 5.942533709929261
  endloop
endfacet
facet normal 1 -2.44362e-14 -4.39931e-17
  outer loop
    vertex 102.9043955020843 75.65135484227513 5.415416951106788
    vertex 102.9043955020843 73.90904660312866 4.11537737298428
    vertex 102.9043955020843 75.65451488024107 3.66015971280007
  endloop
endfacet
facet normal 1 -2.24594e-14 -1.90109e-16
  outer loop
    vertex 102.9043955020842 69.73938169727006 5.393949450339361
    vertex 102.9043955020841 67.85302966613914 3.993934008751195
    vertex 102.9043955020842 69.7546805144801 3.58655440703963
  endloop
endfacet
facet normal 1 -2.18812e-14 3.02599e-28
  outer loop
    vertex 102.9043955020838 52.27100443250322 3.887331450353689
    vertex 102.9043955020838 50.3226418983556 5.612668549646305
    vertex 102.9043955020838 50.32264189835557 3.557466290070735
  endloop
endfacet
facet normal 1 -1.46843e-14 -7.22487e-17
  outer loop
    vertex 102.9043955020841 65.90954217153684 5.612668549646311
    vertex 102.9043955020841 67.85302966613914 3.993934008751195
    vertex 102.9043955020841 67.84355258926301 5.920110401747373
  endloop
endfacet
facet normal 1 -1.46198e-14 5.14222e-18
  outer loop
    vertex 102.9043955020841 67.85302966613914 3.993934008751195
    vertex 102.9043955020841 65.90954217153684 5.612668549646311
    vertex 102.9043955020841 65.90884573731606 3.632644645165555
  endloop
endfacet
facet normal 1 -2.18812e-14 3.02599e-28
  outer loop
    vertex 102.9043955020838 50.3226418983556 5.612668549646305
    vertex 102.9043955020838 52.27100443250322 3.887331450353689
    vertex 102.9043955020838 52.27100443250325 5.942533709929259
  endloop
endfacet
facet normal 1 -2.18812e-14 4.53898e-28
  outer loop
    vertex 102.904395502084 62.0128171032415 3.887331450353698
    vertex 102.904395502084 60.06445456909388 5.612668549646305
    vertex 102.904395502084 60.06445456909384 3.55746629007074
  endloop
endfacet
facet normal 1 -2.34438e-14 -1.98441e-16
  outer loop
    vertex 102.9043955020842 71.56845672932704 4.144888576107592
    vertex 102.9043955020842 69.73938169727006 5.393949450339361
    vertex 102.9043955020842 69.7546805144801 3.58655440703963
  endloop
endfacet
facet normal 1 -2.10174e-14 9.75492e-16
  outer loop
    vertex 102.904395502084 60.06445456909388 5.612668549646305
    vertex 102.904395502084 62.0128171032415 3.887331450353698
    vertex 102.904395502084 62.09734622887268 5.708548915074733
  endloop
endfacet
facet normal 1 -2.18812e-14 4.53898e-28
  outer loop
    vertex 102.9043955020839 56.16772950079857 5.612668549646305
    vertex 102.9043955020839 58.11609203494618 3.887331450353695
    vertex 102.9043955020839 58.11609203494622 5.942533709929261
  endloop
endfacet
facet normal 1 -2.10174e-14 9.75492e-16
  outer loop
    vertex 102.9043955020839 58.11609203494618 3.887331450353695
    vertex 102.9043955020839 56.16772950079857 5.612668549646305
    vertex 102.9043955020839 56.08320037516738 3.791451084925268
  endloop
endfacet
facet normal 1 -1.61289e-14 -2.90373e-17
  outer loop
    vertex 102.9043955020843 77.41578334718325 4.155745158101766
    vertex 102.9043955020843 75.65135484227513 5.415416951106788
    vertex 102.9043955020843 75.65451488024107 3.66015971280007
  endloop
endfacet
facet normal 1 -2.22396e-14 4.04641e-16
  outer loop
    vertex 102.9043955020837 48.37427936420791 3.887331450353683
    vertex 102.9043955020838 50.3226418983556 5.612668549646305
    vertex 102.9043955020837 48.40875170253666 5.781970756196628
  endloop
endfacet
facet normal 1 -2.07684e-14 -4.95955e-15
  outer loop
    vertex 102.9043955020843 73.90904660312866 4.11537737298428
    vertex 102.9043955020843 75.65135484227513 5.415416951106788
    vertex 102.9043955020843 74.1711911060621 5.882983251668121
  endloop
endfacet
facet normal 1 -2.52891e-14 -2.9006e-15
  outer loop
    vertex 102.9043955020842 69.73938169727006 5.393949450339361
    vertex 102.9043955020842 71.56845672932704 4.144888576107592
    vertex 102.9043955020842 71.36760839116067 5.895996551388524
  endloop
endfacet
facet normal 1 -1.82528e-14 -3.004e-15
  outer loop
    vertex 102.9043955020843 75.65135484227513 5.415416951106788
    vertex 102.9043955020843 77.41578334718325 4.155745158101766
    vertex 102.9043955020843 77.1315185784882 5.882983251668174
  endloop
endfacet
facet normal 1 -2.04767e-14 3.28591e-15
  outer loop
    vertex 102.9043955020837 46.25918140155375 3.681123897581914
    vertex 102.9043955020837 48.37427936420791 3.887331450353683
    vertex 102.9043955020837 46.57607427466957 5.65589201178422
  endloop
endfacet
facet normal 1 -2.02767e-14 5.3472e-15
  outer loop
    vertex 102.9043955020844 79.70292177090218 4.169905946176055
    vertex 102.9043955020844 81.68898484994659 3.728219646885642
    vertex 102.9043955020844 81.48660984838594 5.618434497857804
  endloop
endfacet
facet normal 1 -2.32916e-14 4.23783e-16
  outer loop
    vertex 102.9043955020837 46.57607427466957 5.65589201178422
    vertex 102.9043955020837 48.37427936420791 3.887331450353683
    vertex 102.9043955020837 48.40875170253666 5.781970756196628
  endloop
endfacet
facet normal 1 -1.73885e-14 1.79069e-15
  outer loop
    vertex 102.9043955020844 79.70292177090218 4.169905946176055
    vertex 102.9043955020844 81.48660984838594 5.618434497857804
    vertex 102.9043955020844 79.88859845950935 5.972914681998327
  endloop
endfacet
facet normal 1 -2.48524e-14 -1.84176e-16
  outer loop
    vertex 102.9043955020844 78.57389864349662 2.2
    vertex 102.9043955020844 79.70292177090218 4.169905946176055
    vertex 102.9043955020843 77.41578334718325 4.155745158101766
  endloop
endfacet
facet normal 1 -2.18812e-14 4.21104e-15
  outer loop
    vertex 102.9043955020841 66.88372343861069 7.3
    vertex 102.9043955020841 64.93536090446304 7.3
    vertex 102.9043955020841 65.90954217153684 5.612668549646311
  endloop
endfacet
facet normal 1 -2.18812e-14 -4.21104e-15
  outer loop
    vertex 102.904395502084 62.98699837031533 2.2
    vertex 102.9043955020841 64.93536090446298 2.2
    vertex 102.9043955020841 63.96117963738915 3.887331450353697
  endloop
endfacet
facet normal 1 -2.18812e-14 4.21104e-15
  outer loop
    vertex 102.9043955020839 55.19354823372474 7.3
    vertex 102.9043955020838 53.24518569957709 7.3
    vertex 102.9043955020839 54.21936696665091 5.612668549646305
  endloop
endfacet
facet normal 1 -2.18812e-14 -4.21104e-15
  outer loop
    vertex 102.904395502084 61.03863583616771 7.3
    vertex 102.904395502084 59.09027330202006 7.3
    vertex 102.904395502084 60.06445456909388 5.612668549646305
  endloop
endfacet
facet normal 1 -2.18812e-14 1.57522e-15
  outer loop
    vertex 102.9043955020843 76.62553610934896 2.2
    vertex 102.9043955020844 78.57389864349662 2.2
    vertex 102.9043955020843 77.41578334718325 4.155745158101766
  endloop
endfacet
facet normal 1 -2.18812e-14 -4.21104e-15
  outer loop
    vertex 102.9043955020839 57.1419107678724 7.3
    vertex 102.9043955020839 55.19354823372474 7.3
    vertex 102.9043955020839 56.16772950079857 5.612668549646305
  endloop
endfacet
facet normal 1 -1.45875e-14 0
  outer loop
    vertex 102.9043955020839 55.19354823372474 7.3
    vertex 102.9043955020839 54.21936696665091 5.612668549646305
    vertex 102.9043955020839 56.16772950079857 5.612668549646305
  endloop
endfacet
facet normal 1 -1.45875e-14 6.14285e-29
  outer loop
    vertex 102.904395502084 61.03863583616766 2.2
    vertex 102.904395502084 62.98699837031533 2.2
    vertex 102.904395502084 62.0128171032415 3.887331450353698
  endloop
endfacet
facet normal 1 -2.18812e-14 3.90135e-15
  outer loop
    vertex 102.9043955020841 66.88372343861064 2.2
    vertex 102.9043955020842 68.83208597275831 2.2
    vertex 102.9043955020841 67.85302966613914 3.993934008751195
  endloop
endfacet
facet normal 1 -2.18812e-14 1.55882e-15
  outer loop
    vertex 102.9043955020842 70.78044850690597 2.2
    vertex 102.9043955020843 72.72881104105363 2.2
    vertex 102.9043955020842 71.56845672932704 4.144888576107592
  endloop
endfacet
facet normal 1 -2.18812e-14 3.77029e-15
  outer loop
    vertex 102.9043955020843 76.62553610934899 7.3
    vertex 102.9043955020843 74.67717357520132 7.3
    vertex 102.9043955020843 75.65135484227513 5.415416951106788
  endloop
endfacet
facet normal 1 -1.81669e-14 3.77488e-15
  outer loop
    vertex 102.9043955020843 72.72881104105363 2.2
    vertex 102.9043955020843 73.90904660312866 4.11537737298428
    vertex 102.9043955020842 71.56845672932704 4.144888576107592
  endloop
endfacet
facet normal 1 -1.45875e-14 1.56931e-15
  outer loop
    vertex 102.9043955020843 72.72881104105363 2.2
    vertex 102.9043955020843 74.67717357520129 2.2
    vertex 102.9043955020843 73.90904660312866 4.11537737298428
  endloop
endfacet
facet normal 1 -2.18812e-14 -4.21104e-15
  outer loop
    vertex 102.9043955020838 51.29682316542939 2.2
    vertex 102.9043955020838 53.24518569957704 2.2
    vertex 102.9043955020838 52.27100443250322 3.887331450353689
  endloop
endfacet
facet normal 1 -2.18812e-14 4.21104e-15
  outer loop
    vertex 102.9043955020839 57.14191076787235 2.2
    vertex 102.904395502084 59.09027330202 2.2
    vertex 102.9043955020839 58.11609203494618 3.887331450353695
  endloop
endfacet
facet normal 1 -1.45875e-14 -3.07143e-29
  outer loop
    vertex 102.9043955020838 51.29682316542942 7.3
    vertex 102.9043955020838 49.34846063128177 7.3
    vertex 102.9043955020838 50.3226418983556 5.612668549646305
  endloop
endfacet
facet normal 1 -2.18812e-14 4.21104e-15
  outer loop
    vertex 102.9043955020837 47.4000980971341 2.2
    vertex 102.9043955020838 49.34846063128174 2.2
    vertex 102.9043955020837 48.37427936420791 3.887331450353683
  endloop
endfacet
facet normal 1 -2.18812e-14 -1.88704e-15
  outer loop
    vertex 102.9043955020844 78.57389864349662 2.2
    vertex 102.9043955020844 80.52226117764427 2.2
    vertex 102.9043955020844 79.70292177090218 4.169905946176055
  endloop
endfacet
facet normal 1 -2.18812e-14 -4.21104e-15
  outer loop
    vertex 102.904395502084 62.0128171032415 3.887331450353698
    vertex 102.904395502084 62.98699837031533 2.2
    vertex 102.9043955020841 63.96117963738915 3.887331450353697
  endloop
endfacet
facet normal 1 -2.18812e-14 -2.95999e-15
  outer loop
    vertex 102.9043955020842 70.780448506906 7.3
    vertex 102.9043955020842 68.83208597275835 7.3
    vertex 102.9043955020842 69.73938169727006 5.393949450339361
  endloop
endfacet
facet normal 1 -2.18812e-14 -6.32018e-15
  outer loop
    vertex 102.9043955020837 47.40009809713411 7.3
    vertex 102.9043955020837 45.45173556298645 7.3
    vertex 102.9043955020837 46.57607427466957 5.65589201178422
  endloop
endfacet
facet normal 1 -2.18812e-14 -4.09754e-15
  outer loop
    vertex 102.9043955020845 82.47062371179194 7.3
    vertex 102.9043955020844 80.5222611776443 7.3
    vertex 102.9043955020844 81.48660984838594 5.618434497857804
  endloop
endfacet
facet normal 1 -2.18812e-14 2.33407e-15
  outer loop
    vertex 102.9043955020837 45.45173556298644 2.2
    vertex 102.9043955020837 47.4000980971341 2.2
    vertex 102.9043955020837 46.25918140155375 3.681123897581914
  endloop
endfacet
facet normal 1 -2.18812e-14 -1.89264e-15
  outer loop
    vertex 102.9043955020844 80.52226117764427 2.2
    vertex 102.9043955020845 82.47062371179193 2.2
    vertex 102.9043955020844 81.68898484994659 3.728219646885642
  endloop
endfacet
facet normal 1 -2.24853e-14 -4.55982e-15
  outer loop
    vertex 102.9043955020841 63.96117963738915 3.887331450353697
    vertex 102.9043955020841 64.93536090446298 2.2
    vertex 102.9043955020841 65.90884573731606 3.632644645165555
  endloop
endfacet
facet normal 1 -1.47067e-14 6.88154e-17
  outer loop
    vertex 102.9043955020841 66.88372343861069 7.3
    vertex 102.9043955020841 65.90954217153684 5.612668549646311
    vertex 102.9043955020841 67.84355258926301 5.920110401747373
  endloop
endfacet
facet normal 1 -2.35264e-14 -3.74311e-15
  outer loop
    vertex 102.9043955020842 69.73938169727006 5.393949450339361
    vertex 102.9043955020842 68.83208597275835 7.3
    vertex 102.9043955020841 67.84355258926301 5.920110401747373
  endloop
endfacet
facet normal 1 -1.59003e-14 -8.41464e-16
  outer loop
    vertex 102.9043955020843 76.62553610934896 2.2
    vertex 102.9043955020843 77.41578334718325 4.155745158101766
    vertex 102.9043955020843 75.65451488024107 3.66015971280007
  endloop
endfacet
facet normal 1 -2.26714e-14 4.66726e-15
  outer loop
    vertex 102.904395502084 61.03863583616766 2.2
    vertex 102.904395502084 62.0128171032415 3.887331450353698
    vertex 102.904395502084 60.06445456909384 3.55746629007074
  endloop
endfacet
facet normal 1 -2.1091e-14 -4.66726e-15
  outer loop
    vertex 102.9043955020838 51.29682316542939 2.2
    vertex 102.9043955020838 52.27100443250322 3.887331450353689
    vertex 102.9043955020838 50.32264189835557 3.557466290070735
  endloop
endfacet
facet normal 1 -2.07417e-14 -4.86892e-15
  outer loop
    vertex 102.904395502084 61.03863583616771 7.3
    vertex 102.904395502084 60.06445456909388 5.612668549646305
    vertex 102.904395502084 62.09734622887268 5.708548915074733
  endloop
endfacet
facet normal 1 -2.42845e-14 2.53253e-15
  outer loop
    vertex 102.9043955020842 70.78044850690597 2.2
    vertex 102.9043955020842 71.56845672932704 4.144888576107592
    vertex 102.9043955020842 69.7546805144801 3.58655440703963
  endloop
endfacet
facet normal 1 -1.46141e-14 -2.52349e-17
  outer loop
    vertex 102.9043955020841 66.88372343861064 2.2
    vertex 102.9043955020841 67.85302966613914 3.993934008751195
    vertex 102.9043955020841 65.90884573731606 3.632644645165555
  endloop
endfacet
facet normal 1 -2.26714e-14 4.66726e-15
  outer loop
    vertex 102.9043955020838 51.29682316542942 7.3
    vertex 102.9043955020838 50.3226418983556 5.612668549646305
    vertex 102.9043955020838 52.27100443250325 5.942533709929259
  endloop
endfacet
facet normal 1 -2.1091e-14 -4.66726e-15
  outer loop
    vertex 102.9043955020839 57.1419107678724 7.3
    vertex 102.9043955020839 56.16772950079857 5.612668549646305
    vertex 102.9043955020839 58.11609203494622 5.942533709929261
  endloop
endfacet
facet normal 1 -2.11501e-14 3.78892e-15
  outer loop
    vertex 102.9043955020839 57.14191076787235 2.2
    vertex 102.9043955020839 58.11609203494618 3.887331450353695
    vertex 102.9043955020839 56.08320037516738 3.791451084925268
  endloop
endfacet
facet normal 1 -2.1091e-14 4.66726e-15
  outer loop
    vertex 102.9043955020837 48.37427936420791 3.887331450353683
    vertex 102.9043955020838 49.34846063128174 2.2
    vertex 102.9043955020838 50.32264189835557 3.557466290070735
  endloop
endfacet
facet normal 1 -2.2438e-14 -4.53251e-15
  outer loop
    vertex 102.9043955020838 52.27100443250322 3.887331450353689
    vertex 102.9043955020838 53.24518569957704 2.2
    vertex 102.9043955020839 54.21936696665087 3.64798751749819
  endloop
endfacet
facet normal 1 -2.1091e-14 4.66726e-15
  outer loop
    vertex 102.9043955020839 54.21936696665091 5.612668549646305
    vertex 102.9043955020838 53.24518569957709 7.3
    vertex 102.9043955020838 52.27100443250325 5.942533709929259
  endloop
endfacet
facet normal 1 -2.26714e-14 -4.66726e-15
  outer loop
    vertex 102.904395502084 60.06445456909388 5.612668549646305
    vertex 102.904395502084 59.09027330202006 7.3
    vertex 102.9043955020839 58.11609203494622 5.942533709929261
  endloop
endfacet
facet normal 1 -2.15435e-14 4.08568e-15
  outer loop
    vertex 102.9043955020841 67.85302966613914 3.993934008751195
    vertex 102.9043955020842 68.83208597275831 2.2
    vertex 102.9043955020842 69.7546805144801 3.58655440703963
  endloop
endfacet
facet normal 1 -2.1091e-14 4.66726e-15
  outer loop
    vertex 102.9043955020839 58.11609203494618 3.887331450353695
    vertex 102.904395502084 59.09027330202 2.2
    vertex 102.904395502084 60.06445456909384 3.55746629007074
  endloop
endfacet
facet normal 1 -2.13244e-14 4.53251e-15
  outer loop
    vertex 102.9043955020841 65.90954217153684 5.612668549646311
    vertex 102.9043955020841 64.93536090446304 7.3
    vertex 102.9043955020841 63.96117963738919 5.852012482501814
  endloop
endfacet
facet normal 1 -2.51167e-14 -2.65323e-15
  outer loop
    vertex 102.9043955020843 73.90904660312866 4.11537737298428
    vertex 102.9043955020843 74.67717357520129 2.2
    vertex 102.9043955020843 75.65451488024107 3.66015971280007
  endloop
endfacet
facet normal 1 -2.26891e-14 -4.67748e-15
  outer loop
    vertex 102.9043955020838 50.3226418983556 5.612668549646305
    vertex 102.9043955020838 49.34846063128177 7.3
    vertex 102.9043955020837 48.40875170253666 5.781970756196628
  endloop
endfacet
facet normal 1 -2.18812e-14 -5.17758e-15
  outer loop
    vertex 102.9043955020838 49.34846063128177 7.3
    vertex 102.9043955020837 47.40009809713411 7.3
    vertex 102.9043955020837 48.40875170253666 5.781970756196628
  endloop
endfacet
facet normal 1 -2.48552e-14 2.79879e-16
  outer loop
    vertex 102.9043955020843 77.41578334718325 4.155745158101766
    vertex 102.9043955020844 79.70292177090218 4.169905946176055
    vertex 102.9043955020844 78.57389864349665 5.454620704057517
  endloop
endfacet
facet normal 1 -2.18812e-14 -4.92169e-15
  outer loop
    vertex 102.9043955020842 68.83208597275835 7.3
    vertex 102.9043955020841 66.88372343861069 7.3
    vertex 102.9043955020841 67.84355258926301 5.920110401747373
  endloop
endfacet
facet normal 1 -2.18812e-14 -4.90711e-15
  outer loop
    vertex 102.9043955020838 53.24518569957704 2.2
    vertex 102.9043955020839 55.19354823372469 2.2
    vertex 102.9043955020839 54.21936696665087 3.64798751749819
  endloop
endfacet
facet normal 1 -2.18812e-14 5.23433e-15
  outer loop
    vertex 102.9043955020838 53.24518569957709 7.3
    vertex 102.9043955020838 51.29682316542942 7.3
    vertex 102.9043955020838 52.27100443250325 5.942533709929259
  endloop
endfacet
facet normal 1 -1.45875e-14 7.63557e-29
  outer loop
    vertex 102.9043955020838 49.34846063128174 2.2
    vertex 102.9043955020838 51.29682316542939 2.2
    vertex 102.9043955020838 50.32264189835557 3.557466290070735
  endloop
endfacet
facet normal 1 -2.18812e-14 3.30254e-15
  outer loop
    vertex 102.9043955020839 55.19354823372469 2.2
    vertex 102.9043955020839 57.14191076787235 2.2
    vertex 102.9043955020839 56.08320037516738 3.791451084925268
  endloop
endfacet
facet normal 1 -2.18812e-14 5.23433e-15
  outer loop
    vertex 102.904395502084 59.09027330202 2.2
    vertex 102.904395502084 61.03863583616766 2.2
    vertex 102.904395502084 60.06445456909384 3.55746629007074
  endloop
endfacet
facet normal 1 -2.18812e-14 -4.97029e-15
  outer loop
    vertex 102.9043955020841 64.93536090446298 2.2
    vertex 102.9043955020841 66.88372343861064 2.2
    vertex 102.9043955020841 65.90884573731606 3.632644645165555
  endloop
endfacet
facet normal 1 -2.18812e-14 4.31043e-15
  outer loop
    vertex 102.9043955020842 68.83208597275831 2.2
    vertex 102.9043955020842 70.78044850690597 2.2
    vertex 102.9043955020842 69.7546805144801 3.58655440703963
  endloop
endfacet
facet normal 1 -1.45875e-14 -7.74807e-16
  outer loop
    vertex 102.904395502084 62.98699837031538 7.3
    vertex 102.904395502084 61.03863583616771 7.3
    vertex 102.904395502084 62.09734622887268 5.708548915074733
  endloop
endfacet
facet normal 1 -2.18812e-14 4.90711e-15
  outer loop
    vertex 102.9043955020841 64.93536090446304 7.3
    vertex 102.904395502084 62.98699837031538 7.3
    vertex 102.9043955020841 63.96117963738919 5.852012482501814
  endloop
endfacet
facet normal 1 -1.52165e-14 -4.23182e-16
  outer loop
    vertex 102.9043955020839 54.21936696665087 3.64798751749819
    vertex 102.9043955020839 55.19354823372469 2.2
    vertex 102.9043955020839 56.08320037516738 3.791451084925268
  endloop
endfacet
facet normal 1 -2.18812e-14 -5.23433e-15
  outer loop
    vertex 102.904395502084 59.09027330202006 7.3
    vertex 102.9043955020839 57.1419107678724 7.3
    vertex 102.9043955020839 58.11609203494622 5.942533709929261
  endloop
endfacet
facet normal 1 -2.18812e-14 -4.81884e-15
  outer loop
    vertex 102.9043955020843 74.67717357520129 2.2
    vertex 102.9043955020843 76.62553610934896 2.2
    vertex 102.9043955020843 75.65451488024107 3.66015971280007
  endloop
endfacet
facet normal 1 -1.82838e-14 -5.50189e-15
  outer loop
    vertex 102.9043955020842 71.56845672932704 4.144888576107592
    vertex 102.9043955020843 73.90904660312866 4.11537737298428
    vertex 102.9043955020843 72.72881104105363 5.454620704057524
  endloop
endfacet
facet normal 1 -2.31838e-14 4.03073e-15
  outer loop
    vertex 102.9043955020841 63.96117963738919 5.852012482501814
    vertex 102.904395502084 62.98699837031538 7.3
    vertex 102.904395502084 62.09734622887268 5.708548915074733
  endloop
endfacet
facet normal 1 -2.04885e-14 3.40693e-15
  outer loop
    vertex 102.9043955020837 47.4000980971341 2.2
    vertex 102.9043955020837 48.37427936420791 3.887331450353683
    vertex 102.9043955020837 46.25918140155375 3.681123897581914
  endloop
endfacet
facet normal 1 -2.1886e-14 -1.88902e-15
  outer loop
    vertex 102.9043955020844 79.70292177090218 4.169905946176055
    vertex 102.9043955020844 80.52226117764427 2.2
    vertex 102.9043955020844 81.68898484994659 3.728219646885642
  endloop
endfacet
facet normal 1 3.28186e-13 -0
  outer loop
    vertex 102.904395502084 84.41898624593961 3.9
    vertex 102.904395502084 84.41898624593961 5.6
    vertex 102.9043955020845 82.94674305950606 4.75
  endloop
endfacet
facet normal 1 -1.9305e-14 0
  outer loop
    vertex 102.9043955020836 43.50337302883879 5.6
    vertex 102.9043955020836 43.50337302883879 3.9
    vertex 102.9043955020837 44.97561621527234 4.75
  endloop
endfacet
facet normal 1 -2.25332e-14 2.32051e-15
  outer loop
    vertex 102.9043955020844 78.57389864349665 5.454620704057517
    vertex 102.9043955020844 79.70292177090218 4.169905946176055
    vertex 102.9043955020844 79.88859845950935 5.972914681998327
  endloop
endfacet
facet normal 1 -1.60133e-14 5.80365e-15
  outer loop
    vertex 102.9043955020844 81.68898484994659 3.728219646885642
    vertex 102.9043955020845 82.94674305950606 4.75
    vertex 102.9043955020844 81.48660984838594 5.618434497857804
  endloop
endfacet
facet normal 1 -1.95326e-14 3.13442e-15
  outer loop
    vertex 102.9043955020837 44.97561621527234 4.75
    vertex 102.9043955020837 46.25918140155375 3.681123897581914
    vertex 102.9043955020837 46.57607427466957 5.65589201178422
  endloop
endfacet
facet normal 1 -2.18812e-14 9.70849e-16
  outer loop
    vertex 102.9043955020843 72.72881104105366 7.3
    vertex 102.9043955020842 70.780448506906 7.3
    vertex 102.9043955020842 71.36760839116067 5.895996551388524
  endloop
endfacet
facet normal 1 -1.45875e-14 5.20884e-15
  outer loop
    vertex 102.9043955020843 74.67717357520132 7.3
    vertex 102.9043955020843 72.72881104105366 7.3
    vertex 102.9043955020843 74.1711911060621 5.882983251668121
  endloop
endfacet
facet normal 1 -2.18812e-14 2.21546e-15
  outer loop
    vertex 102.9043955020844 78.57389864349663 7.3
    vertex 102.9043955020843 76.62553610934899 7.3
    vertex 102.9043955020843 77.1315185784882 5.882983251668174
  endloop
endfacet
facet normal 1 -2.28615e-14 -5.82889e-15
  outer loop
    vertex 102.9043955020837 47.40009809713411 7.3
    vertex 102.9043955020837 46.57607427466957 5.65589201178422
    vertex 102.9043955020837 48.40875170253666 5.781970756196628
  endloop
endfacet
facet normal 1 -2.18812e-14 4.5827e-16
  outer loop
    vertex 102.9043955020837 45.45173556298645 7.3
    vertex 102.9043955020836 43.50337302883879 7.3
    vertex 102.9043955020837 44.77728489505215 6.10648007664642
  endloop
endfacet
facet normal 1 2.47987e-13 1.52043e-13
  outer loop
    vertex 102.904395502084 84.41898624593961 7.3
    vertex 102.9043955020845 82.47062371179194 7.3
    vertex 102.9043955020845 83.14507437972627 6.106480076646436
  endloop
endfacet
facet normal 1 2.47987e-13 -1.66423e-13
  outer loop
    vertex 102.9043955020845 82.47062371179193 2.2
    vertex 102.904395502084 84.41898624593959 2.2
    vertex 102.9043955020845 83.18886482262477 3.355643929377129
  endloop
endfacet
facet normal 1 -2.18812e-14 -4.5827e-16
  outer loop
    vertex 102.9043955020836 43.50337302883879 2.2
    vertex 102.9043955020837 45.45173556298644 2.2
    vertex 102.9043955020837 44.77728489505215 3.393519923353582
  endloop
endfacet
facet normal 1 -2.07173e-14 -3.40961e-15
  outer loop
    vertex 102.9043955020843 77.41578334718325 4.155745158101766
    vertex 102.9043955020844 78.57389864349665 5.454620704057517
    vertex 102.9043955020843 77.1315185784882 5.882983251668174
  endloop
endfacet
facet normal 1 -2.16864e-14 -2.48738e-15
  outer loop
    vertex 102.9043955020842 71.56845672932704 4.144888576107592
    vertex 102.9043955020843 72.72881104105363 5.454620704057524
    vertex 102.9043955020842 71.36760839116067 5.895996551388524
  endloop
endfacet
facet normal 1 -1.8115e-14 -5.35307e-15
  outer loop
    vertex 102.9043955020843 72.72881104105363 5.454620704057524
    vertex 102.9043955020843 73.90904660312866 4.11537737298428
    vertex 102.9043955020843 74.1711911060621 5.882983251668121
  endloop
endfacet
facet normal 1 -2.08799e-14 3.21582e-28
  outer loop
    vertex 102.9043955020843 72.72881104105363 5.454620704057524
    vertex 102.9043955020843 72.72881104105366 7.3
    vertex 102.9043955020842 71.36760839116067 5.895996551388524
  endloop
endfacet
facet normal 1 -1.97047e-14 3.03483e-28
  outer loop
    vertex 102.9043955020843 72.72881104105366 7.3
    vertex 102.9043955020843 72.72881104105363 5.454620704057524
    vertex 102.9043955020843 74.1711911060621 5.882983251668121
  endloop
endfacet
facet normal 1 -1.97047e-14 -1.51742e-28
  outer loop
    vertex 102.9043955020844 78.57389864349665 5.454620704057517
    vertex 102.9043955020844 78.57389864349663 7.3
    vertex 102.9043955020843 77.1315185784882 5.882983251668174
  endloop
endfacet
facet normal 1 -2.50451e-14 -2.24613e-15
  outer loop
    vertex 102.9043955020845 82.47062371179194 7.3
    vertex 102.9043955020844 81.48660984838594 5.618434497857804
    vertex 102.9043955020845 83.14507437972627 6.106480076646436
  endloop
endfacet
facet normal 1 -1.64539e-14 -2.60867e-15
  outer loop
    vertex 102.9043955020837 46.57607427466957 5.65589201178422
    vertex 102.9043955020837 45.45173556298645 7.3
    vertex 102.9043955020837 44.77728489505215 6.10648007664642
  endloop
endfacet
facet normal 1 -2.23106e-14 0
  outer loop
    vertex 102.9043955020836 43.50337302883879 3.9
    vertex 102.9043955020836 43.50337302883879 2.2
    vertex 102.9043955020837 44.77728489505215 3.393519923353582
  endloop
endfacet
facet normal 1 -2.23106e-14 0
  outer loop
    vertex 102.9043955020836 43.50337302883879 7.3
    vertex 102.9043955020836 43.50337302883879 5.6
    vertex 102.9043955020837 44.77728489505215 6.10648007664642
  endloop
endfacet
facet normal 1 3.90435e-13 -0
  outer loop
    vertex 102.904395502084 84.41898624593961 5.6
    vertex 102.904395502084 84.41898624593961 7.3
    vertex 102.9043955020845 83.14507437972627 6.106480076646436
  endloop
endfacet
facet normal 1 4.04334e-13 -3.37996e-27
  outer loop
    vertex 102.904395502084 84.41898624593959 2.2
    vertex 102.904395502084 84.41898624593961 3.9
    vertex 102.9043955020845 83.18886482262477 3.355643929377129
  endloop
endfacet
facet normal 1 -2.18812e-14 -2.60373e-16
  outer loop
    vertex 102.9043955020844 80.5222611776443 7.3
    vertex 102.9043955020844 78.57389864349663 7.3
    vertex 102.9043955020844 79.88859845950935 5.972914681998327
  endloop
endfacet
facet normal 1 -1.90612e-14 -4.5026e-16
  outer loop
    vertex 102.9043955020844 81.68898484994659 3.728219646885642
    vertex 102.9043955020845 82.47062371179193 2.2
    vertex 102.9043955020845 83.18886482262477 3.355643929377129
  endloop
endfacet
facet normal 1 -1.93662e-14 9.62972e-16
  outer loop
    vertex 102.9043955020837 45.45173556298644 2.2
    vertex 102.9043955020837 46.25918140155375 3.681123897581914
    vertex 102.9043955020837 44.77728489505215 3.393519923353582
  endloop
endfacet
facet normal 1 -2.36403e-14 -7.01982e-15
  outer loop
    vertex 102.9043955020844 81.48660984838594 5.618434497857804
    vertex 102.9043955020845 82.94674305950606 4.75
    vertex 102.9043955020845 83.14507437972627 6.106480076646436
  endloop
endfacet
facet normal 1 -1.64012e-14 -2.39802e-15
  outer loop
    vertex 102.9043955020837 44.97561621527234 4.75
    vertex 102.9043955020837 46.57607427466957 5.65589201178422
    vertex 102.9043955020837 44.77728489505215 6.10648007664642
  endloop
endfacet
facet normal 1 -2.16184e-14 -1.66478e-28
  outer loop
    vertex 102.9043955020844 78.57389864349663 7.3
    vertex 102.9043955020844 78.57389864349665 5.454620704057517
    vertex 102.9043955020844 79.88859845950935 5.972914681998327
  endloop
endfacet
facet normal 1 -1.71577e-14 7.21235e-15
  outer loop
    vertex 102.9043955020845 82.94674305950606 4.75
    vertex 102.9043955020844 81.68898484994659 3.728219646885642
    vertex 102.9043955020845 83.18886482262477 3.355643929377129
  endloop
endfacet
facet normal 1 -1.97394e-14 2.8861e-15
  outer loop
    vertex 102.9043955020837 46.25918140155375 3.681123897581914
    vertex 102.9043955020837 44.97561621527234 4.75
    vertex 102.9043955020837 44.77728489505215 3.393519923353582
  endloop
endfacet
facet normal 1 -1.72554e-14 6.16148e-15
  outer loop
    vertex 102.9043955020843 75.65135484227513 5.415416951106788
    vertex 102.9043955020843 74.67717357520132 7.3
    vertex 102.9043955020843 74.1711911060621 5.882983251668121
  endloop
endfacet
facet normal 1 -2.59572e-14 -7.33736e-16
  outer loop
    vertex 102.9043955020842 70.780448506906 7.3
    vertex 102.9043955020842 69.73938169727006 5.393949450339361
    vertex 102.9043955020842 71.36760839116067 5.895996551388524
  endloop
endfacet
facet normal 1 -2.01022e-14 2.85069e-15
  outer loop
    vertex 102.9043955020843 76.62553610934899 7.3
    vertex 102.9043955020843 75.65135484227513 5.415416951106788
    vertex 102.9043955020843 77.1315185784882 5.882983251668174
  endloop
endfacet
facet normal 1 -1.82301e-14 -2.00371e-15
  outer loop
    vertex 102.9043955020844 81.48660984838594 5.618434497857804
    vertex 102.9043955020844 80.5222611776443 7.3
    vertex 102.9043955020844 79.88859845950935 5.972914681998327
  endloop
endfacet
facet normal 1 -2.10849e-14 -3.08283e-15
  outer loop
    vertex 102.9043955020836 43.50337302883879 5.6
    vertex 102.9043955020837 44.97561621527234 4.75
    vertex 102.9043955020837 44.77728489505215 6.10648007664642
  endloop
endfacet
facet normal 1 -2.10849e-14 3.08283e-15
  outer loop
    vertex 102.9043955020837 44.97561621527234 4.75
    vertex 102.9043955020836 43.50337302883879 3.9
    vertex 102.9043955020837 44.77728489505215 3.393519923353582
  endloop
endfacet
facet normal 1 3.6505e-13 -6.38503e-14
  outer loop
    vertex 102.9043955020845 82.94674305950606 4.75
    vertex 102.904395502084 84.41898624593961 5.6
    vertex 102.9043955020845 83.14507437972627 6.106480076646436
  endloop
endfacet
facet normal 1 3.71293e-13 7.46646e-14
  outer loop
    vertex 102.904395502084 84.41898624593961 3.9
    vertex 102.9043955020845 82.94674305950606 4.75
    vertex 102.9043955020845 83.18886482262477 3.355643929377129
  endloop
endfacet
facet normal 0.982274 0.187453 -0
  outer loop
    vertex 102.9043955020836 43.50337302883879 2.2
    vertex 102.9043955020836 43.50337302883879 3.9
    vertex 102.974672705554 43.1351129011939 3.05
  endloop
endfacet
facet normal 0.982274 0.187453 -0
  outer loop
    vertex 102.9043955020836 43.50337302883879 3.9
    vertex 102.9043955020836 43.50337302883879 5.6
    vertex 102.974672705554 43.1351129011939 4.75
  endloop
endfacet
facet normal 0.844211 0.536011 0
  outer loop
    vertex 103.17562654531 42.81861335739013 3.9
    vertex 103.17562654531 42.81861335739013 2.2
    vertex 102.974672705554 43.1351129011939 3.05
  endloop
endfacet
facet normal 0.844211 0.536011 0
  outer loop
    vertex 103.17562654531 42.81861335739013 5.6
    vertex 103.17562654531 42.81861335739013 3.9
    vertex 102.974672705554 43.1351129011939 4.75
  endloop
endfacet
facet normal 0.982274 0.187453 -0
  outer loop
    vertex 102.9043955020836 43.50337302883879 5.6
    vertex 102.9043955020836 43.50337302883879 7.3
    vertex 102.974672705554 43.13511290119391 6.449999999999966
  endloop
endfacet
facet normal 0.844211 0.536011 0
  outer loop
    vertex 103.17562654531 42.81861335739013 7.3
    vertex 103.17562654531 42.81861335739013 5.6
    vertex 102.974672705554 43.13511290119391 6.449999999999966
  endloop
endfacet
facet normal 0.926561 0.367008 0.0823979
  outer loop
    vertex 103.17562654531 42.81861335739013 5.6
    vertex 102.9043955020836 43.50337302883879 5.6
    vertex 102.974672705554 43.13511290119391 6.449999999999966
  endloop
endfacet
facet normal 0.926561 0.367008 -0.0823979
  outer loop
    vertex 102.9043955020836 43.50337302883879 5.6
    vertex 103.17562654531 42.81861335739013 5.6
    vertex 102.974672705554 43.1351129011939 4.75
  endloop
endfacet
facet normal 0.926561 0.367008 -0.0823979
  outer loop
    vertex 102.9043955020836 43.50337302883879 3.9
    vertex 103.17562654531 42.81861335739013 3.9
    vertex 102.974672705554 43.1351129011939 3.05
  endloop
endfacet
facet normal 0.926561 0.367008 0.0823979
  outer loop
    vertex 103.17562654531 42.81861335739013 3.9
    vertex 102.9043955020836 43.50337302883879 3.9
    vertex 102.974672705554 43.1351129011939 4.75
  endloop
endfacet
facet normal 0.926561 0.367008 0.0823979
  outer loop
    vertex 103.17562654531 42.81861335739013 2.2
    vertex 102.9043955020836 43.50337302883879 2.2
    vertex 102.974672705554 43.1351129011939 3.05
  endloop
endfacet
facet normal 0.926561 0.367008 -0.0823979
  outer loop
    vertex 102.9043955020836 43.50337302883879 7.3
    vertex 103.17562654531 42.81861335739013 7.3
    vertex 102.974672705554 43.13511290119391 6.449999999999966
  endloop
endfacet
facet normal 0.728769 0.68476 0
  outer loop
    vertex 104.2958251314985 41.62641996593916 3.900000000000003
    vertex 104.2958251314985 41.62641996593916 2.2
    vertex 103.7357258384043 42.22251666166465 3.05
  endloop
endfacet
facet normal 0.728769 0.68476 -0
  outer loop
    vertex 103.17562654531 42.81861335739013 2.2
    vertex 103.17562654531 42.81861335739013 3.9
    vertex 103.7357258384043 42.22251666166465 3.05
  endloop
endfacet
facet normal 0.728769 0.68476 -0
  outer loop
    vertex 103.17562654531 42.81861335739013 3.9
    vertex 103.17562654531 42.81861335739013 5.6
    vertex 103.7357258384043 42.22251666166465 4.750000000000001
  endloop
endfacet
facet normal 0.728769 0.68476 -0
  outer loop
    vertex 103.17562654531 42.81861335739013 5.6
    vertex 103.17562654531 42.81861335739013 7.3
    vertex 103.7357258384043 42.22251666166465 6.45
  endloop
endfacet
facet normal 0.728769 0.68476 0
  outer loop
    vertex 104.2958251314985 41.62641996593916 7.3
    vertex 104.2958251314985 41.62641996593916 5.600000000000001
    vertex 103.7357258384043 42.22251666166465 6.45
  endloop
endfacet
facet normal 0.728769 0.68476 0
  outer loop
    vertex 104.2958251314985 41.62641996593916 5.600000000000001
    vertex 104.2958251314985 41.62641996593916 3.900000000000003
    vertex 103.7357258384043 42.22251666166465 4.750000000000001
  endloop
endfacet
facet normal 0.728769 0.68476 -5.66882e-15
  outer loop
    vertex 104.2958251314985 41.62641996593916 2.2
    vertex 103.17562654531 42.81861335739013 2.2
    vertex 103.7357258384043 42.22251666166465 3.05
  endloop
endfacet
facet normal 0.728769 0.68476 -5.66882e-15
  outer loop
    vertex 104.2958251314985 41.62641996593916 5.600000000000001
    vertex 103.17562654531 42.81861335739013 5.6
    vertex 103.7357258384043 42.22251666166465 6.45
  endloop
endfacet
facet normal 0.728769 0.68476 5.74866e-15
  outer loop
    vertex 103.17562654531 42.81861335739013 3.9
    vertex 104.2958251314985 41.62641996593916 3.900000000000003
    vertex 103.7357258384043 42.22251666166465 3.05
  endloop
endfacet
facet normal 0.728769 0.68476 5.74866e-15
  outer loop
    vertex 103.17562654531 42.81861335739013 7.3
    vertex 104.2958251314985 41.62641996593916 7.3
    vertex 103.7357258384043 42.22251666166465 6.45
  endloop
endfacet
facet normal 0.728769 0.68476 5.74866e-15
  outer loop
    vertex 103.17562654531 42.81861335739013 5.6
    vertex 104.2958251314985 41.62641996593916 5.600000000000001
    vertex 103.7357258384043 42.22251666166465 4.750000000000001
  endloop
endfacet
facet normal 0.728769 0.68476 -5.66882e-15
  outer loop
    vertex 104.2958251314985 41.62641996593916 3.900000000000003
    vertex 103.17562654531 42.81861335739013 3.9
    vertex 103.7357258384043 42.22251666166465 4.750000000000001
  endloop
endfacet
facet normal 0.703178 -0.711012 -0.00126833
  outer loop
    vertex 110.4164496700581 39.36109890989606 7.235756228430344
    vertex 109.5043955020815 38.46117963738857 6.066666666666667
    vertex 110.4126427283777 39.36114184951442 5.10106197236219
  endloop
endfacet
facet normal 0.70533 -0.708874 -0.00274225
  outer loop
    vertex 109.5043955020815 38.46117963738857 4.133333333333335
    vertex 110.4043955020793 39.36117963738639 2.970039709448771
    vertex 110.4126427283777 39.36114184951442 5.10106197236219
  endloop
endfacet
facet normal -0.711011 -0.70318 0.00125385
  outer loop
    vertex 111.3043955020771 38.46117963738857 6.066666666666667
    vertex 110.4164496700581 39.36109890989606 7.235756228430344
    vertex 110.4126427283777 39.36114184951442 5.10106197236219
  endloop
endfacet
facet normal -0.708867 -0.705337 0.00273086
  outer loop
    vertex 110.4043955020793 39.36117963738639 2.970039709448771
    vertex 111.3043955020771 38.46117963738857 4.133333333333335
    vertex 110.4126427283777 39.36114184951442 5.10106197236219
  endloop
endfacet
facet normal 0.70386 -0.710339 0
  outer loop
    vertex 109.5043955020815 38.46117963738857 6.066666666666667
    vertex 109.5043955020815 38.46117963738857 4.133333333333335
    vertex 110.4126427283777 39.36114184951442 5.10106197236219
  endloop
endfacet
facet normal -0.710339 -0.70386 0
  outer loop
    vertex 111.3043955020771 38.46117963738857 4.133333333333335
    vertex 111.3043955020771 38.46117963738857 6.066666666666667
    vertex 110.4126427283777 39.36114184951442 5.10106197236219
  endloop
endfacet
facet normal 0 -0.987961 0.154701
  outer loop
    vertex 109.9543955020804 39.24060250079268 2.200000000000001
    vertex 110.8543955020782 39.24060250079268 2.200000000000001
    vertex 110.4043955020793 39.36117963738639 2.970039709448771
  endloop
endfacet
facet normal -0.0132352 -0.988088 -0.15332
  outer loop
    vertex 110.8613371552191 39.23655330577173 8
    vertex 109.9683858895806 39.24851413923949 8
    vertex 110.4164496700581 39.36109890989606 7.235756228430344
  endloop
endfacet
facet normal 0.99991 -0.0133935 0
  outer loop
    vertex 109.5043955020815 38.46117963738857 8
    vertex 109.5043955020815 38.46117963738857 6.066666666666667
    vertex 109.5047183975608 38.48528581089566 8
  endloop
endfacet
facet normal 0.707107 -0.707107 0
  outer loop
    vertex 109.5043955020815 38.46117963738857 4.133333333333335
    vertex 109.5043955020815 38.46117963738857 2.200000000000001
    vertex 110.4043955020793 39.36117963738639 2.970039709448771
  endloop
endfacet
facet normal 0.796225 -0.459701 -0.39332
  outer loop
    vertex 109.5043955020815 38.46117963738857 2.200000000000001
    vertex 109.9543955020804 39.24060250079268 2.200000000000001
    vertex 110.4043955020793 39.36117963738639 2.970039709448771
  endloop
endfacet
facet normal -0.707107 -0.707107 0
  outer loop
    vertex 111.3043955020771 38.46117963738857 2.200000000000001
    vertex 111.3043955020771 38.46117963738857 4.133333333333335
    vertex 110.4043955020793 39.36117963738639 2.970039709448771
  endloop
endfacet
facet normal -0.796225 -0.459701 -0.39332
  outer loop
    vertex 110.8543955020782 39.24060250079268 2.200000000000001
    vertex 111.3043955020771 38.46117963738857 2.200000000000001
    vertex 110.4043955020793 39.36117963738639 2.970039709448771
  endloop
endfacet
facet normal -0.711826 -0.702355 0
  outer loop
    vertex 111.3043955020771 38.46117963738857 6.066666666666667
    vertex 111.3043955020771 38.46117963738857 8
    vertex 110.4164496700581 39.36109890989606 7.235756228430344
  endloop
endfacet
facet normal -0.799197 -0.456671 0.390813
  outer loop
    vertex 111.3043955020771 38.46117963738857 8
    vertex 110.8613371552191 39.23655330577173 8
    vertex 110.4164496700581 39.36109890989606 7.235756228430344
  endloop
endfacet
facet normal 0.696571 -0.717434 0.00882914
  outer loop
    vertex 109.5047183975608 38.48528581089566 8
    vertex 109.5043955020815 38.46117963738857 6.066666666666667
    vertex 110.4164496700581 39.36109890989606 7.235756228430344
  endloop
endfacet
facet normal 0.786679 -0.477914 0.390813
  outer loop
    vertex 109.9683858895806 39.24851413923949 8
    vertex 109.5047183975608 38.48528581089566 8
    vertex 110.4164496700581 39.36109890989606 7.235756228430344
  endloop
endfacet
facet normal -0.909447 -0.415819 0
  outer loop
    vertex 111.3043955020772 89.46117963738855 6.066666666666667
    vertex 111.3043955020772 89.46117963738855 8
    vertex 110.9931654833487 90.14187774165516 6.880444687497765
  endloop
endfacet
facet normal -0.924304 -0.38081 0.0254159
  outer loop
    vertex 111.3043955020772 89.46117963738855 8
    vertex 111.0431975802766 90.09516063464871 8
    vertex 110.9931654833487 90.14187774165516 6.880444687497765
  endloop
endfacet
facet normal -0.504013 -0.86359 -0.0135122
  outer loop
    vertex 110.9931654833487 90.14187774165516 6.880444687497765
    vertex 111.0431975802766 90.09516063464871 8
    vertex 110.6648087372891 90.32268120263596 7.572846950838127
  endloop
endfacet
facet normal -0.205593 -0.975402 -0.0795086
  outer loop
    vertex 110.9931654833487 90.14187774165516 6.880444687497765
    vertex 110.064710242346 90.29461465244137 7.407479473426343
    vertex 110.4176472600652 90.36108207149263 5.679443215200807
  endloop
endfacet
facet normal -0.708267 -0.705929 0.00466531
  outer loop
    vertex 111.3043955020772 89.46117963738855 4.133333333333335
    vertex 110.4176472600652 90.36108207149263 5.679443215200807
    vertex 110.4080360220877 90.36117227436411 4.233955583772234
  endloop
endfacet
facet normal 0.722324 -0.680826 0.121341
  outer loop
    vertex 110.064710242346 90.29461465244137 7.407479473426343
    vertex 109.5043955020815 89.46117963738855 6.066666666666667
    vertex 110.4176472600652 90.36108207149263 5.679443215200807
  endloop
endfacet
facet normal 0.705932 -0.708264 -0.00473803
  outer loop
    vertex 110.4176472600652 90.36108207149263 5.679443215200807
    vertex 109.5043955020815 89.46117963738855 4.133333333333335
    vertex 110.4080360220877 90.36117227436411 4.233955583772234
  endloop
endfacet
facet normal 0.701882 -0.712294 0
  outer loop
    vertex 109.5043955020815 89.46117963738855 6.066666666666667
    vertex 109.5043955020815 89.46117963738855 4.133333333333335
    vertex 110.4176472600652 90.36108207149263 5.679443215200807
  endloop
endfacet
facet normal -0.712294 -0.701882 0
  outer loop
    vertex 111.3043955020772 89.46117963738855 4.133333333333335
    vertex 111.3043955020772 89.46117963738855 6.066666666666667
    vertex 110.4176472600652 90.36108207149263 5.679443215200807
  endloop
endfacet
facet normal 0.705788 -0.708421 -0.00203704
  outer loop
    vertex 109.5043955020815 89.46117963738855 4.133333333333335
    vertex 110.4043955020793 90.36117963738641 2.970039709448805
    vertex 110.4080360220877 90.36117227436411 4.233955583772234
  endloop
endfacet
facet normal -0.70842 -0.705788 0.00203639
  outer loop
    vertex 110.4043955020793 90.36117963738641 2.970039709448805
    vertex 111.3043955020772 89.46117963738855 4.133333333333335
    vertex 110.4080360220877 90.36117227436411 4.233955583772234
  endloop
endfacet
facet normal 1.55998e-14 -0.987961 0.154701
  outer loop
    vertex 109.9543955020804 90.24060250079269 2.200000000000001
    vertex 110.8543955020782 90.2406025007927 2.200000000000001
    vertex 110.4043955020793 90.36117963738641 2.970039709448805
  endloop
endfacet
facet normal -0.0216034 -0.969788 0.242991
  outer loop
    vertex 110.064710242346 90.29461465244137 7.407479473426343
    vertex 110.9931654833487 90.14187774165516 6.880444687497765
    vertex 110.6648087372891 90.32268120263596 7.572846950838127
  endloop
endfacet
facet normal 0.374883 -0.919794 -0.115938
  outer loop
    vertex 110.4112134912151 90.3611538120293 8
    vertex 109.7704145048192 90.09998171558584 8
    vertex 110.064710242346 90.29461465244137 7.407479473426343
  endloop
endfacet
facet normal -0.383786 -0.911852 -0.14572
  outer loop
    vertex 111.0431975802766 90.09516063464871 8
    vertex 110.4112134912151 90.3611538120293 8
    vertex 110.6648087372891 90.32268120263596 7.572846950838127
  endloop
endfacet
facet normal -0.741134 -0.6267 0.240766
  outer loop
    vertex 111.3043955020772 89.46117963738855 6.066666666666667
    vertex 110.9931654833487 90.14187774165516 6.880444687497765
    vertex 110.4176472600652 90.36108207149263 5.679443215200807
  endloop
endfacet
facet normal 0.0187648 -0.994736 0.100734
  outer loop
    vertex 110.4112134912151 90.3611538120293 8
    vertex 110.064710242346 90.29461465244137 7.407479473426343
    vertex 110.6648087372891 90.32268120263596 7.572846950838127
  endloop
endfacet
facet normal 0.829888 -0.55793 0
  outer loop
    vertex 109.5043955020815 89.46117963738855 8
    vertex 109.5043955020815 89.46117963738855 6.066666666666667
    vertex 110.064710242346 90.29461465244137 7.407479473426343
  endloop
endfacet
facet normal 0.876068 -0.364825 0.315291
  outer loop
    vertex 109.7704145048192 90.09998171558584 8
    vertex 109.5043955020815 89.46117963738855 8
    vertex 110.064710242346 90.29461465244137 7.407479473426343
  endloop
endfacet
facet normal 0.707107 -0.707107 0
  outer loop
    vertex 109.5043955020815 89.46117963738855 4.133333333333335
    vertex 109.5043955020815 89.46117963738855 2.200000000000001
    vertex 110.4043955020793 90.36117963738641 2.970039709448805
  endloop
endfacet
facet normal 0.796225 -0.459701 -0.39332
  outer loop
    vertex 109.5043955020815 89.46117963738855 2.200000000000001
    vertex 109.9543955020804 90.24060250079269 2.200000000000001
    vertex 110.4043955020793 90.36117963738641 2.970039709448805
  endloop
endfacet
facet normal -0.707107 -0.707107 0
  outer loop
    vertex 111.3043955020772 89.46117963738855 2.200000000000001
    vertex 111.3043955020772 89.46117963738855 4.133333333333335
    vertex 110.4043955020793 90.36117963738641 2.970039709448805
  endloop
endfacet
facet normal -0.796225 -0.459701 -0.39332
  outer loop
    vertex 110.8543955020782 90.2406025007927 2.200000000000001
    vertex 111.3043955020772 89.46117963738855 2.200000000000001
    vertex 110.4043955020793 90.36117963738641 2.970039709448805
  endloop
endfacet
facet normal 0.202716 0.979238 0
  outer loop
    vertex 105.0245940882713 41.31117963738924 7.3
    vertex 105.0245940882713 41.31117963738924 5.600000000000005
    vertex 104.6275800277206 41.39336710984068 6.450000000000001
  endloop
endfacet
facet normal 0.574826 0.818275 -0
  outer loop
    vertex 104.2958251314985 41.62641996593916 5.600000000000001
    vertex 104.2958251314985 41.62641996593916 7.3
    vertex 104.6275800277206 41.39336710984068 6.450000000000001
  endloop
endfacet
facet normal 0.574826 0.818275 -0
  outer loop
    vertex 104.2958251314985 41.62641996593916 2.2
    vertex 104.2958251314985 41.62641996593916 3.900000000000003
    vertex 104.6275800277206 41.39336710984068 3.050000000000002
  endloop
endfacet
facet normal 0.574826 0.818275 -0
  outer loop
    vertex 104.2958251314985 41.62641996593916 3.900000000000003
    vertex 104.2958251314985 41.62641996593916 5.600000000000001
    vertex 104.6275800277206 41.39336710984068 4.750000000000002
  endloop
endfacet
facet normal 0.202716 0.979238 0
  outer loop
    vertex 105.0245940882713 41.31117963738924 5.600000000000005
    vertex 105.0245940882713 41.31117963738924 3.900000000000003
    vertex 104.6275800277206 41.39336710984068 4.750000000000002
  endloop
endfacet
facet normal 0.202716 0.979238 0
  outer loop
    vertex 105.0245940882713 41.31117963738924 3.900000000000003
    vertex 105.0245940882713 41.31117963738924 2.2
    vertex 104.6275800277206 41.39336710984068 3.050000000000002
  endloop
endfacet
facet normal 0.395171 0.913552 -0.0962423
  outer loop
    vertex 104.2958251314985 41.62641996593916 5.600000000000001
    vertex 105.0245940882713 41.31117963738924 5.600000000000005
    vertex 104.6275800277206 41.39336710984068 4.750000000000002
  endloop
endfacet
facet normal 0.395171 0.913552 -0.0962423
  outer loop
    vertex 104.2958251314985 41.62641996593916 3.900000000000003
    vertex 105.0245940882713 41.31117963738924 3.900000000000003
    vertex 104.6275800277206 41.39336710984068 3.050000000000002
  endloop
endfacet
facet normal 0.395171 0.913552 0.0962423
  outer loop
    vertex 105.0245940882713 41.31117963738924 5.600000000000005
    vertex 104.2958251314985 41.62641996593916 5.600000000000001
    vertex 104.6275800277206 41.39336710984068 6.450000000000001
  endloop
endfacet
facet normal 0.395171 0.913552 -0.0962423
  outer loop
    vertex 104.2958251314985 41.62641996593916 7.3
    vertex 105.0245940882713 41.31117963738924 7.3
    vertex 104.6275800277206 41.39336710984068 6.450000000000001
  endloop
endfacet
facet normal 0.395171 0.913552 0.0962423
  outer loop
    vertex 105.0245940882713 41.31117963738924 3.900000000000003
    vertex 104.2958251314985 41.62641996593916 3.900000000000003
    vertex 104.6275800277206 41.39336710984068 4.750000000000002
  endloop
endfacet
facet normal 0.395171 0.913552 0.0962423
  outer loop
    vertex 105.0245940882713 41.31117963738924 2.2
    vertex 104.2958251314985 41.62641996593916 2.2
    vertex 104.6275800277206 41.39336710984068 3.050000000000002
  endloop
endfacet
facet normal 0.574826 -0.818275 0
  outer loop
    vertex 104.2958251314981 86.29593930883935 5.600000000000005
    vertex 104.2958251314981 86.29593930883935 3.900000000000003
    vertex 104.6275800277201 86.52899216493778 4.750000000000003
  endloop
endfacet
facet normal 0.574826 -0.818275 0
  outer loop
    vertex 104.2958251314981 86.29593930883935 3.900000000000003
    vertex 104.2958251314981 86.29593930883935 2.2
    vertex 104.6275800277201 86.52899216493778 3.050000000000002
  endloop
endfacet
facet normal 0.202716 -0.979238 0
  outer loop
    vertex 105.0245940882707 86.61117963738926 2.2
    vertex 105.0245940882707 86.61117963738926 3.900000000000003
    vertex 104.6275800277201 86.52899216493778 3.050000000000002
  endloop
endfacet
facet normal 0.202716 -0.979238 0
  outer loop
    vertex 105.0245940882707 86.61117963738926 3.900000000000003
    vertex 105.0245940882707 86.61117963738926 5.600000000000001
    vertex 104.6275800277201 86.52899216493778 4.750000000000003
  endloop
endfacet
facet normal 0.574826 -0.818275 0
  outer loop
    vertex 104.2958251314981 86.29593930883935 7.3
    vertex 104.2958251314981 86.29593930883935 5.600000000000005
    vertex 104.6275800277201 86.52899216493778 6.450000000000001
  endloop
endfacet
facet normal 0.202716 -0.979238 0
  outer loop
    vertex 105.0245940882707 86.61117963738926 5.600000000000001
    vertex 105.0245940882707 86.61117963738926 7.3
    vertex 104.6275800277201 86.52899216493778 6.450000000000001
  endloop
endfacet
facet normal 0.395171 -0.913552 -0.0962423
  outer loop
    vertex 105.0245940882707 86.61117963738926 7.3
    vertex 104.2958251314981 86.29593930883935 7.3
    vertex 104.6275800277201 86.52899216493778 6.450000000000001
  endloop
endfacet
facet normal 0.395171 -0.913552 0.0962423
  outer loop
    vertex 104.2958251314981 86.29593930883935 2.2
    vertex 105.0245940882707 86.61117963738926 2.2
    vertex 104.6275800277201 86.52899216493778 3.050000000000002
  endloop
endfacet
facet normal 0.395171 -0.913552 0.0962423
  outer loop
    vertex 104.2958251314981 86.29593930883935 3.900000000000003
    vertex 105.0245940882707 86.61117963738926 3.900000000000003
    vertex 104.6275800277201 86.52899216493778 4.750000000000003
  endloop
endfacet
facet normal 0.395171 -0.913552 -0.0962423
  outer loop
    vertex 105.0245940882707 86.61117963738926 3.900000000000003
    vertex 104.2958251314981 86.29593930883935 3.900000000000003
    vertex 104.6275800277201 86.52899216493778 3.050000000000002
  endloop
endfacet
facet normal 0.395171 -0.913552 -0.0962423
  outer loop
    vertex 105.0245940882707 86.61117963738926 5.600000000000001
    vertex 104.2958251314981 86.29593930883935 5.600000000000005
    vertex 104.6275800277201 86.52899216493778 4.750000000000003
  endloop
endfacet
facet normal 0.395171 -0.913552 0.0962423
  outer loop
    vertex 104.2958251314981 86.29593930883935 5.600000000000005
    vertex 105.0245940882707 86.61117963738926 5.600000000000001
    vertex 104.6275800277201 86.52899216493778 6.450000000000001
  endloop
endfacet
facet normal -0 0 -1
  outer loop
    vertex 113.90439550208 38.41092710569364 8
    vertex 113.5999136321295 37.75004185721931 8
    vertex 113.9043955020749 39.28077558667979 8
  endloop
endfacet
facet normal 0 -0 -1
  outer loop
    vertex 113.5999136321295 37.75004185721931 8
    vertex 113.90439550208 38.41092710569364 8
    vertex 113.3478983863311 37.06742422143384 8
  endloop
endfacet
facet normal -0 0 -1
  outer loop
    vertex 113.3478983863311 37.06742422143384 8
    vertex 112.7328226268307 36.45234846193353 8
    vertex 113.5999136321295 37.75004185721931 8
  endloop
endfacet
facet normal 0 -0 -1
  outer loop
    vertex 109.5047183975608 38.48528581089566 8
    vertex 110.4112134912205 37.56120546274791 8
    vertex 109.5043955020815 38.46117963738857 8
  endloop
endfacet
facet normal 0 0 -1
  outer loop
    vertex 109.5043955020815 38.46117963738857 8
    vertex 110.4112134912205 37.56120546274791 8
    vertex 109.7704145048211 37.8223775591894 8
  endloop
endfacet
facet normal 0 0 -1
  outer loop
    vertex 109.5043955020815 89.46117963738855 8
    vertex 110.4112134912151 90.3611538120293 8
    vertex 109.5047183975606 89.43707346388425 8
  endloop
endfacet
facet normal 0 -0 -1
  outer loop
    vertex 109.7704145048192 90.09998171558584 8
    vertex 110.4112134912151 90.3611538120293 8
    vertex 109.5043955020815 89.46117963738855 8
  endloop
endfacet
facet normal -0.702938 -0.689561 0.17431
  outer loop
    vertex 108.3300685869898 38.52256432041695 8
    vertex 107.3606990073354 39.91194726630051 9.587155193832761
    vertex 107.0808407240911 39.79602616983827 8
  endloop
endfacet
facet normal -0.702938 -0.689561 0.17431
  outer loop
    vertex 108.3300685869898 38.52256432041695 8
    vertex 108.3293727354363 39.00901899203144 9.92157794224029
    vertex 107.3606990073354 39.91194726630051 9.587155193832761
  endloop
endfacet
facet normal -0.702938 -0.689561 0.17431
  outer loop
    vertex 109.5792964498886 37.24910247099562 8
    vertex 109.3471641731418 37.91663438833508 9.704599323032106
    vertex 108.3300685869898 38.52256432041695 8
  endloop
endfacet
facet normal -0.702938 -0.689561 0.17431
  outer loop
    vertex 109.3471641731418 37.91663438833508 9.704599323032106
    vertex 108.3293727354363 39.00901899203144 9.92157794224029
    vertex 108.3300685869898 38.52256432041695 8
  endloop
endfacet
facet normal -0.702938 -0.689561 0.17431
  outer loop
    vertex 108.8356643737169 38.80957719143323 11.17431038766552
    vertex 109.3471641731418 37.91663438833508 9.704599323032106
    vertex 110.030771456854 37.5912860201037 11.17431038766552
  endloop
endfacet
facet normal -0.702938 -0.689561 0.17431
  outer loop
    vertex 111.0272014263893 36.17431773517425 9.587155193832761
    vertex 110.1208023692411 37.00403910172255 9.214264281204398
    vertex 110.8285243127873 35.97564062157431 8
  endloop
endfacet
facet normal -0.702938 -0.689561 0.17431
  outer loop
    vertex 110.8285243127873 35.97564062157431 8
    vertex 110.1208023692411 37.00403910172255 9.214264281204398
    vertex 109.5792964498886 37.24910247099562 8
  endloop
endfacet
facet normal -0.702938 -0.689561 0.17431
  outer loop
    vertex 107.6405572905797 40.02786836276275 11.17431038766552
    vertex 108.3293727354363 39.00901899203144 9.92157794224029
    vertex 108.8356643737169 38.80957719143323 11.17431038766552
  endloop
endfacet
facet normal -0.702938 -0.689561 0.17431
  outer loop
    vertex 107.3606990073354 39.91194726630051 9.587155193832761
    vertex 108.3293727354363 39.00901899203144 9.92157794224029
    vertex 107.6405572905797 40.02786836276275 11.17431038766552
  endloop
endfacet
facet normal -0.702938 -0.689561 0.17431
  outer loop
    vertex 109.3471641731418 37.91663438833508 9.704599323032106
    vertex 110.4010778035095 36.97520759962846 10.23046953469371
    vertex 110.030771456854 37.5912860201037 11.17431038766552
  endloop
endfacet
facet normal -0.702938 -0.689561 0.17431
  outer loop
    vertex 109.5792964498886 37.24910247099562 8
    vertex 110.1208023692411 37.00403910172255 9.214264281204398
    vertex 109.3471641731418 37.91663438833508 9.704599323032106
  endloop
endfacet
facet normal -0.702938 -0.689561 0.17431
  outer loop
    vertex 110.1208023692411 37.00403910172255 9.214264281204398
    vertex 110.4010778035095 36.97520759962846 10.23046953469371
    vertex 109.3471641731418 37.91663438833508 9.704599323032106
  endloop
endfacet
facet normal -0.702938 -0.689561 0.17431
  outer loop
    vertex 110.030771456854 37.5912860201037 11.17431038766552
    vertex 110.4010778035095 36.97520759962846 10.23046953469371
    vertex 111.2258785399912 36.37299484877418 11.17431038766552
  endloop
endfacet
facet normal -0.702938 -0.689561 0.17431
  outer loop
    vertex 108.8356643737169 38.80957719143323 11.17431038766552
    vertex 108.3293727354363 39.00901899203144 9.92157794224029
    vertex 109.3471641731418 37.91663438833508 9.704599323032106
  endloop
endfacet
facet normal -0.702938 -0.689561 0.17431
  outer loop
    vertex 111.2258785399912 36.37299484877418 11.17431038766552
    vertex 110.4010778035095 36.97520759962846 10.23046953469371
    vertex 111.0272014263893 36.17431773517425 9.587155193832761
  endloop
endfacet
facet normal -0.702938 -0.689561 0.17431
  outer loop
    vertex 111.0272014263893 36.17431773517425 9.587155193832761
    vertex 110.4010778035095 36.97520759962846 10.23046953469371
    vertex 110.1208023692411 37.00403910172255 9.214264281204398
  endloop
endfacet
facet normal -0.984808 1.61421e-14 0.173648
  outer loop
    vertex 107.3586873802463 40.71742929414003 11.17364817766693
    vertex 107.1122912296718 42.10933982258376 9.776266168489403
    vertex 107.0788874797469 40.6015323806025 9.58682408883347
  endloop
endfacet
facet normal -0.984808 1.9751e-14 0.173648
  outer loop
    vertex 107.0788874797477 87.32082689417285 9.586824088833467
    vertex 107.1122912296725 85.81301945219164 9.776266168489467
    vertex 107.3586873802471 87.20492998063531 11.17364817766693
  endloop
endfacet
facet normal -0.984808 2.16754e-14 0.173648
  outer loop
    vertex 107.3586873802464 42.65440848941066 11.17364817766693
    vertex 107.1122912296718 42.10933982258376 9.776266168489403
    vertex 107.3586873802463 40.71742929414003 11.17364817766693
  endloop
endfacet
facet normal -0.984808 1.44503e-14 0.173648
  outer loop
    vertex 107.3586873802471 87.20492998063531 11.17364817766693
    vertex 107.1122912296725 85.81301945219164 9.776266168489467
    vertex 107.3586873802471 85.26795078536468 11.17364817766693
  endloop
endfacet
facet normal -0.984808 1.43076e-14 0.173648
  outer loop
    vertex 106.7990875792481 83.5241331126566 8
    vertex 107.0847518031889 84.30847357989643 9.620082319750113
    vertex 106.7990875792482 85.48042846018349 8
  endloop
endfacet
facet normal -0.984808 1.43076e-14 0.173648
  outer loop
    vertex 106.7990875792474 42.44193081459187 8
    vertex 107.0847518031877 43.61388569487005 9.620082319747503
    vertex 106.7990875792475 44.39822616211877 8
  endloop
endfacet
facet normal -0.984808 2.14614e-14 0.173648
  outer loop
    vertex 106.7990875792481 81.56783776512971 8
    vertex 107.0806696704701 82.4343380788882 9.596931394677352
    vertex 106.7990875792481 83.5241331126566 8
  endloop
endfacet
facet normal -0.984808 2.14614e-14 0.173648
  outer loop
    vertex 106.7990875792475 44.39822616211877 8
    vertex 107.0806696704667 45.48802119583391 9.596931394661748
    vertex 106.7990875792475 46.35452150964566 8
  endloop
endfacet
facet normal -0.984808 1.78374e-14 0.173648
  outer loop
    vertex 107.0806696704701 82.4343380788882 9.596931394677352
    vertex 107.0847518031889 84.30847357989643 9.620082319750113
    vertex 106.7990875792481 83.5241331126566 8
  endloop
endfacet
facet normal -0.984808 2.12651e-14 0.173648
  outer loop
    vertex 106.7990875792475 44.39822616211877 8
    vertex 107.0847518031877 43.61388569487005 9.620082319747503
    vertex 107.0806696704667 45.48802119583391 9.596931394661748
  endloop
endfacet
facet normal -0.984808 1.43076e-14 0.173648
  outer loop
    vertex 106.7990875792481 79.61154241760281 8
    vertex 107.0805054574576 80.48963242289605 9.596000096404811
    vertex 106.7990875792481 81.56783776512971 8
  endloop
endfacet
facet normal -0.984808 1.43076e-14 0.173648
  outer loop
    vertex 106.7990875792475 46.35452150964566 8
    vertex 107.0805054574405 47.43272685155981 9.596000096311203
    vertex 106.7990875792475 48.31081685717255 8
  endloop
endfacet
facet normal -0.984808 1.43076e-14 0.173648
  outer loop
    vertex 106.799087579248 77.65524707007593 8
    vertex 107.08033722353 78.54492676780907 9.595045994390215
    vertex 106.7990875792481 79.61154241760281 8
  endloop
endfacet
facet normal -0.984808 1.43076e-14 0.173648
  outer loop
    vertex 106.7990875792475 48.31081685717255 8
    vertex 107.0803372234305 49.37743250504954 9.595045993828588
    vertex 106.7990875792476 50.26711220469946 8
  endloop
endfacet
facet normal -0.984808 1.58729e-14 0.173648
  outer loop
    vertex 107.0805054574576 80.48963242289605 9.596000096404811
    vertex 107.0806696704701 82.4343380788882 9.596931394677352
    vertex 106.7990875792481 81.56783776512971 8
  endloop
endfacet
facet normal -0.984808 1.20437e-14 0.173648
  outer loop
    vertex 106.7990875792475 46.35452150964566 8
    vertex 107.0806696704667 45.48802119583391 9.596931394661748
    vertex 107.0805054574405 47.43272685155981 9.596000096311203
  endloop
endfacet
facet normal -0.984808 2.14614e-14 0.173648
  outer loop
    vertex 106.799087579248 75.69895172254904 8
    vertex 107.0801649691158 76.60022111815279 9.594069091062986
    vertex 106.799087579248 77.65524707007593 8
  endloop
endfacet
facet normal -0.984808 2.14614e-14 0.173648
  outer loop
    vertex 106.7990875792476 50.26711220469946 8
    vertex 107.0801649685212 51.3221381451222 9.59406908769324
    vertex 106.7990875792476 52.22340755222635 8
  endloop
endfacet
facet normal -0.984808 2.08776e-14 0.173648
  outer loop
    vertex 106.7990875792475 48.31081685717255 8
    vertex 107.0805054574405 47.43272685155981 9.596000096311203
    vertex 107.0803372234305 49.37743250504954 9.595045993828588
  endloop
endfacet
facet normal -0.984808 1.60509e-14 0.173648
  outer loop
    vertex 107.08033722353 78.54492676780907 9.595045994390215
    vertex 107.0805054574576 80.48963242289605 9.596000096404811
    vertex 106.7990875792481 79.61154241760281 8
  endloop
endfacet
facet normal -0.984808 1.43076e-14 0.173648
  outer loop
    vertex 106.7990875792474 40.48563546706497 8
    vertex 106.9473384669784 41.40960962121078 8.840772564330717
    vertex 106.7990875792474 42.44193081459187 8
  endloop
endfacet
facet normal -0.984808 2.14614e-14 0.173648
  outer loop
    vertex 106.7990875792482 85.48042846018349 8
    vertex 106.9473384669791 86.51274965356458 8.840772564330733
    vertex 106.7990875792482 87.43672380771038 8
  endloop
endfacet
facet normal -0.984808 1.43076e-14 0.173648
  outer loop
    vertex 106.799087579248 73.74265637502215 8
    vertex 107.0799886967853 74.65551550108079 9.59306940099964
    vertex 106.799087579248 75.69895172254904 8
  endloop
endfacet
facet normal -0.984808 1.43076e-14 0.173648
  outer loop
    vertex 106.7990875792476 52.22340755222635 8
    vertex 107.0799886932199 53.2668437046925 9.593069380781166
    vertex 106.7990875792476 54.17970289975325 8
  endloop
endfacet
facet normal -0.984808 1.65538e-14 0.173648
  outer loop
    vertex 107.0801649691158 76.60022111815279 9.594069091062986
    vertex 107.08033722353 78.54492676780907 9.595045994390215
    vertex 106.799087579248 77.65524707007593 8
  endloop
endfacet
facet normal -0.984808 1.85104e-14 0.173648
  outer loop
    vertex 106.7990875792476 50.26711220469946 8
    vertex 107.0803372234305 49.37743250504954 9.595045993828588
    vertex 107.0801649685212 51.3221381451222 9.59406908769324
  endloop
endfacet
facet normal -0.984808 2.14614e-14 0.173648
  outer loop
    vertex 106.7990875792479 71.78636102749526 8
    vertex 107.0798084219598 72.71081007951454 9.592047011659231
    vertex 106.799087579248 73.74265637502215 8
  endloop
endfacet
facet normal -0.984808 2.14614e-14 0.173648
  outer loop
    vertex 106.7990875792476 54.17970289975325 8
    vertex 107.0798084005691 55.21154878124858 9.592046890348399
    vertex 106.7990875792477 56.13599824728014 8
  endloop
endfacet
facet normal -0.984808 1.77316e-14 0.173648
  outer loop
    vertex 107.0799886967853 74.65551550108079 9.59306940099964
    vertex 107.0801649691158 76.60022111815279 9.594069091062986
    vertex 106.799087579248 75.69895172254904 8
  endloop
endfacet
facet normal -0.984808 1.44824e-14 0.173648
  outer loop
    vertex 106.7990875792476 52.22340755222635 8
    vertex 107.0801649685212 51.3221381451222 9.59406908769324
    vertex 107.0799886932199 53.2668437046925 9.593069380781166
  endloop
endfacet
facet normal -0.984808 1.43076e-14 0.173648
  outer loop
    vertex 106.7990875792479 69.83006567996837 8
    vertex 107.0796242371676 70.76610583098282 9.591002447796125
    vertex 106.7990875792479 71.78636102749526 8
  endloop
endfacet
facet normal -0.984808 1.43076e-14 0.173648
  outer loop
    vertex 106.7990875792477 56.13599824728014 8
    vertex 107.0796241088251 57.15625095971942 9.591001719931166
    vertex 106.7990875792477 58.09229359480704 8
  endloop
endfacet
facet normal -0.984808 1.80704e-14 0.173648
  outer loop
    vertex 107.0798084219598 72.71081007951454 9.592047011659231
    vertex 107.0799886967853 74.65551550108079 9.59306940099964
    vertex 106.799087579248 73.74265637502215 8
  endloop
endfacet
facet normal -0.984808 1.56919e-14 0.173648
  outer loop
    vertex 106.7990875792476 54.17970289975325 8
    vertex 107.0799886932199 53.2668437046925 9.593069380781166
    vertex 107.0798084005691 55.21154878124858 9.592046890348399
  endloop
endfacet
facet normal -0.984808 1.43076e-14 0.173648
  outer loop
    vertex 106.7990875792479 67.87377033244148 8
    vertex 107.0794366975789 68.82140862065815 9.589938857936536
    vertex 106.7990875792479 69.83006567996837 8
  endloop
endfacet
facet normal -0.984808 1.43076e-14 0.173648
  outer loop
    vertex 106.7990875792477 58.09229359480704 8
    vertex 107.0794359275254 59.10093574967868 9.589934490746808
    vertex 106.7990875792477 60.04858894233393 8
  endloop
endfacet
facet normal -0.984808 1.13764e-14 0.173648
  outer loop
    vertex 107.0796242371676 70.76610583098282 9.591002447796125
    vertex 107.0798084219598 72.71081007951454 9.592047011659231
    vertex 106.7990875792479 71.78636102749526 8
  endloop
endfacet
facet normal -0.984808 1.69209e-14 0.173648
  outer loop
    vertex 106.7990875792477 56.13599824728014 8
    vertex 107.0798084005691 55.21154878124858 9.592046890348399
    vertex 107.0796241088251 57.15625095971942 9.591001719931166
  endloop
endfacet
facet normal -0.984808 2.14614e-14 0.173648
  outer loop
    vertex 106.7990875792478 65.91747498491459 8
    vertex 107.0792491342144 66.87675363957581 9.588875133237694
    vertex 106.7990875792479 67.87377033244148 8
  endloop
endfacet
facet normal -0.984808 2.14614e-14 0.173648
  outer loop
    vertex 106.7990875792477 60.04858894233393 8
    vertex 107.079244513894 61.04551620856869 9.588848930099363
    vertex 106.7990875792478 62.00488428986082 8
  endloop
endfacet
facet normal -0.984808 1.44503e-14 0.173648
  outer loop
    vertex 107.3586873802467 63.96117963738762 11.17364817766693
    vertex 107.0790538112768 62.98947068104296 9.587767401813085
    vertex 107.3586873802467 62.02420044211699 11.17364817766693
  endloop
endfacet
facet normal -0.984808 2.16754e-14 0.173648
  outer loop
    vertex 107.3586873802468 65.89815883265825 11.17364817766693
    vertex 107.0790815331984 64.93235203394745 9.587924620643028
    vertex 107.3586873802467 63.96117963738762 11.17364817766693
  endloop
endfacet
facet normal -0.984808 2.05779e-14 0.173648
  outer loop
    vertex 107.0794366975789 68.82140862065815 9.589938857936536
    vertex 107.0796242371676 70.76610583098282 9.591002447796125
    vertex 106.7990875792479 69.83006567996837 8
  endloop
endfacet
facet normal -0.984808 1.99194e-14 0.173648
  outer loop
    vertex 106.7990875792477 58.09229359480704 8
    vertex 107.0796241088251 57.15625095971942 9.591001719931166
    vertex 107.0794359275254 59.10093574967868 9.589934490746808
  endloop
endfacet
facet normal -0.984808 1.43076e-14 0.173648
  outer loop
    vertex 106.7990875792478 63.9611796373877 8
    vertex 107.0790815331984 64.93235203394745 9.587924620643028
    vertex 106.7990875792478 65.91747498491459 8
  endloop
endfacet
facet normal -0.984808 1.43076e-14 0.173648
  outer loop
    vertex 106.7990875792478 62.00488428986082 8
    vertex 107.0790538112768 62.98947068104296 9.587767401813085
    vertex 106.7990875792478 63.9611796373877 8
  endloop
endfacet
facet normal -0.984808 1.59868e-14 0.173648
  outer loop
    vertex 107.3586873802467 63.96117963738762 11.17364817766693
    vertex 107.0790815331984 64.93235203394745 9.587924620643028
    vertex 107.0790538112768 62.98947068104296 9.587767401813085
  endloop
endfacet
facet normal -0.984808 2.16754e-14 0.173648
  outer loop
    vertex 107.3586873802467 62.02420044211699 11.17364817766693
    vertex 107.079244513894 61.04551620856869 9.588848930099363
    vertex 107.3586873802467 60.08722124684635 11.17364817766693
  endloop
endfacet
facet normal -0.984808 1.44503e-14 0.173648
  outer loop
    vertex 107.3586873802468 67.83513802792889 11.17364817766693
    vertex 107.0792491342144 66.87675363957581 9.588875133237694
    vertex 107.3586873802468 65.89815883265825 11.17364817766693
  endloop
endfacet
facet normal -0.984808 2.00911e-14 0.173648
  outer loop
    vertex 107.0792491342144 66.87675363957581 9.588875133237694
    vertex 107.0794366975789 68.82140862065815 9.589938857936536
    vertex 106.7990875792479 67.87377033244148 8
  endloop
endfacet
facet normal -0.984808 1.3478e-14 0.173648
  outer loop
    vertex 106.7990875792477 60.04858894233393 8
    vertex 107.0794359275254 59.10093574967868 9.589934490746808
    vertex 107.079244513894 61.04551620856869 9.588848930099363
  endloop
endfacet
facet normal -0.984808 1.94202e-14 0.173648
  outer loop
    vertex 107.0790538112768 62.98947068104296 9.587767401813085
    vertex 107.079244513894 61.04551620856869 9.588848930099363
    vertex 107.3586873802467 62.02420044211699 11.17364817766693
  endloop
endfacet
facet normal -0.984808 1.57847e-14 0.173648
  outer loop
    vertex 107.3586873802468 65.89815883265825 11.17364817766693
    vertex 107.0792491342144 66.87675363957581 9.588875133237694
    vertex 107.0790815331984 64.93235203394745 9.587924620643028
  endloop
endfacet
facet normal -0.984808 1.44503e-14 0.173648
  outer loop
    vertex 107.3586873802467 60.08722124684635 11.17364817766693
    vertex 107.0794359275254 59.10093574967868 9.589934490746808
    vertex 107.3586873802466 58.15024205157572 11.17364817766693
  endloop
endfacet
facet normal -0.984808 1.44503e-14 0.173648
  outer loop
    vertex 107.3586873802468 69.77211722319953 11.17364817766693
    vertex 107.0794366975789 68.82140862065815 9.589938857936536
    vertex 107.3586873802468 67.83513802792889 11.17364817766693
  endloop
endfacet
facet normal -0.984808 1.5789e-14 0.173648
  outer loop
    vertex 107.0790815331984 64.93235203394745 9.587924620643028
    vertex 107.0792491342144 66.87675363957581 9.588875133237694
    vertex 106.7990875792478 65.91747498491459 8
  endloop
endfacet
facet normal -0.984808 1.94053e-14 0.173648
  outer loop
    vertex 106.7990875792478 62.00488428986082 8
    vertex 107.079244513894 61.04551620856869 9.588848930099363
    vertex 107.0790538112768 62.98947068104296 9.587767401813085
  endloop
endfacet
facet normal -0.984808 1.34698e-14 0.173648
  outer loop
    vertex 107.079244513894 61.04551620856869 9.588848930099363
    vertex 107.0794359275254 59.10093574967868 9.589934490746808
    vertex 107.3586873802467 60.08722124684635 11.17364817766693
  endloop
endfacet
facet normal -0.984808 2.00869e-14 0.173648
  outer loop
    vertex 107.3586873802468 67.83513802792889 11.17364817766693
    vertex 107.0794366975789 68.82140862065815 9.589938857936536
    vertex 107.0792491342144 66.87675363957581 9.588875133237694
  endloop
endfacet
facet normal -0.984808 1.44503e-14 0.173648
  outer loop
    vertex 107.3586873802466 58.15024205157572 11.17364817766693
    vertex 107.0796241088251 57.15625095971942 9.591001719931166
    vertex 107.3586873802466 56.21326285630509 11.17364817766693
  endloop
endfacet
facet normal -0.984808 2.16754e-14 0.173648
  outer loop
    vertex 107.3586873802469 71.70909641847015 11.17364817766693
    vertex 107.0796242371676 70.76610583098282 9.591002447796125
    vertex 107.3586873802468 69.77211722319953 11.17364817766693
  endloop
endfacet
facet normal -0.984808 1.59967e-14 0.173648
  outer loop
    vertex 107.0790538112768 62.98947068104296 9.587767401813085
    vertex 107.0790815331984 64.93235203394745 9.587924620643028
    vertex 106.7990875792478 63.9611796373877 8
  endloop
endfacet
facet normal -0.984808 1.99291e-14 0.173648
  outer loop
    vertex 107.0794359275254 59.10093574967868 9.589934490746808
    vertex 107.0796241088251 57.15625095971942 9.591001719931166
    vertex 107.3586873802466 58.15024205157572 11.17364817766693
  endloop
endfacet
facet normal -0.984808 2.05793e-14 0.173648
  outer loop
    vertex 107.3586873802468 69.77211722319953 11.17364817766693
    vertex 107.0796242371676 70.76610583098282 9.591002447796125
    vertex 107.0794366975789 68.82140862065815 9.589938857936536
  endloop
endfacet
facet normal -0.984808 1.44503e-14 0.173648
  outer loop
    vertex 107.3586873802469 73.64607561374079 11.17364817766693
    vertex 107.0798084219598 72.71081007951454 9.592047011659231
    vertex 107.3586873802469 71.70909641847015 11.17364817766693
  endloop
endfacet
facet normal -0.984808 2.16754e-14 0.173648
  outer loop
    vertex 107.3586873802466 56.21326285630509 11.17364817766693
    vertex 107.0798084005691 55.21154878124858 9.592046890348399
    vertex 107.3586873802466 54.27628366103446 11.17364817766693
  endloop
endfacet
facet normal -0.984808 1.13714e-14 0.173648
  outer loop
    vertex 107.3586873802469 71.70909641847015 11.17364817766693
    vertex 107.0798084219598 72.71081007951454 9.592047011659231
    vertex 107.0796242371676 70.76610583098282 9.591002447796125
  endloop
endfacet
facet normal -0.984808 1.69382e-14 0.173648
  outer loop
    vertex 107.0796241088251 57.15625095971942 9.591001719931166
    vertex 107.0798084005691 55.21154878124858 9.592046890348399
    vertex 107.3586873802466 56.21326285630509 11.17364817766693
  endloop
endfacet
facet normal -0.984808 1.44503e-14 0.173648
  outer loop
    vertex 107.3586873802466 54.27628366103446 11.17364817766693
    vertex 107.0799886932199 53.2668437046925 9.593069380781166
    vertex 107.3586873802465 52.33930446576383 11.17364817766693
  endloop
endfacet
facet normal -0.984808 1.44503e-14 0.173648
  outer loop
    vertex 107.3586873802469 75.58305480901143 11.17364817766693
    vertex 107.0799886967853 74.65551550108079 9.59306940099964
    vertex 107.3586873802469 73.64607561374079 11.17364817766693
  endloop
endfacet
facet normal -0.984808 1.56999e-14 0.173648
  outer loop
    vertex 107.0798084005691 55.21154878124858 9.592046890348399
    vertex 107.0799886932199 53.2668437046925 9.593069380781166
    vertex 107.3586873802466 54.27628366103446 11.17364817766693
  endloop
endfacet
facet normal -0.984808 1.80816e-14 0.173648
  outer loop
    vertex 107.3586873802469 73.64607561374079 11.17364817766693
    vertex 107.0799886967853 74.65551550108079 9.59306940099964
    vertex 107.0798084219598 72.71081007951454 9.592047011659231
  endloop
endfacet
facet normal -0.984808 1.44503e-14 0.173648
  outer loop
    vertex 107.3586873802465 52.33930446576383 11.17364817766693
    vertex 107.0801649685212 51.3221381451222 9.59406908769324
    vertex 107.3586873802465 50.40232527049319 11.17364817766693
  endloop
endfacet
facet normal -0.984808 2.16754e-14 0.173648
  outer loop
    vertex 107.358687380247 77.52003400428208 11.17364817766693
    vertex 107.0801649691158 76.60022111815279 9.594069091062986
    vertex 107.3586873802469 75.58305480901143 11.17364817766693
  endloop
endfacet
facet normal -0.984808 1.77195e-14 0.173648
  outer loop
    vertex 107.3586873802469 75.58305480901143 11.17364817766693
    vertex 107.0801649691158 76.60022111815279 9.594069091062986
    vertex 107.0799886967853 74.65551550108079 9.59306940099964
  endloop
endfacet
facet normal -0.984808 1.44943e-14 0.173648
  outer loop
    vertex 107.0799886932199 53.2668437046925 9.593069380781166
    vertex 107.0801649685212 51.3221381451222 9.59406908769324
    vertex 107.3586873802465 52.33930446576383 11.17364817766693
  endloop
endfacet
facet normal -0.984808 1.44503e-14 0.173648
  outer loop
    vertex 107.358687380247 79.45701319955273 11.17364817766693
    vertex 107.08033722353 78.54492676780907 9.595045994390215
    vertex 107.358687380247 77.52003400428208 11.17364817766693
  endloop
endfacet
facet normal -0.984808 2.16754e-14 0.173648
  outer loop
    vertex 107.3586873802465 50.40232527049319 11.17364817766693
    vertex 107.0803372234305 49.37743250504954 9.595045993828588
    vertex 107.3586873802465 48.46534607522256 11.17364817766693
  endloop
endfacet
facet normal -0.984808 1.65379e-14 0.173648
  outer loop
    vertex 107.358687380247 77.52003400428208 11.17364817766693
    vertex 107.08033722353 78.54492676780907 9.595045994390215
    vertex 107.0801649691158 76.60022111815279 9.594069091062986
  endloop
endfacet
facet normal -0.984808 1.85149e-14 0.173648
  outer loop
    vertex 107.0801649685212 51.3221381451222 9.59406908769324
    vertex 107.0803372234305 49.37743250504954 9.595045993828588
    vertex 107.3586873802465 50.40232527049319 11.17364817766693
  endloop
endfacet
facet normal -0.984808 2.08848e-14 0.173648
  outer loop
    vertex 107.0847518031889 84.30847357989643 9.620082319750113
    vertex 107.1122912296725 85.81301945219164 9.776266168489467
    vertex 106.7990875792482 85.48042846018349 8
  endloop
endfacet
facet normal -0.984808 1.21413e-14 0.173648
  outer loop
    vertex 106.7990875792474 42.44193081459187 8
    vertex 107.1122912296718 42.10933982258376 9.776266168489403
    vertex 107.0847518031877 43.61388569487005 9.620082319747503
  endloop
endfacet
facet normal -0.984808 1.44503e-14 0.173648
  outer loop
    vertex 107.358687380247 81.39399239482337 11.17364817766693
    vertex 107.0805054574576 80.48963242289605 9.596000096404811
    vertex 107.358687380247 79.45701319955273 11.17364817766693
  endloop
endfacet
facet normal -0.984808 1.44503e-14 0.173648
  outer loop
    vertex 107.3586873802465 48.46534607522256 11.17364817766693
    vertex 107.0805054574405 47.43272685155981 9.596000096311203
    vertex 107.3586873802464 46.52836687995193 11.17364817766693
  endloop
endfacet
facet normal -0.984808 2.08729e-14 0.173648
  outer loop
    vertex 107.0803372234305 49.37743250504954 9.595045993828588
    vertex 107.0805054574405 47.43272685155981 9.596000096311203
    vertex 107.3586873802465 48.46534607522256 11.17364817766693
  endloop
endfacet
facet normal -0.984808 1.60492e-14 0.173648
  outer loop
    vertex 107.358687380247 79.45701319955273 11.17364817766693
    vertex 107.0805054574576 80.48963242289605 9.596000096404811
    vertex 107.08033722353 78.54492676780907 9.595045994390215
  endloop
endfacet
facet normal -0.984808 1.44503e-14 0.173648
  outer loop
    vertex 107.3586873802464 46.52836687995193 11.17364817766693
    vertex 107.0806696704667 45.48802119583391 9.596931394661748
    vertex 107.3586873802464 44.59138768468129 11.17364817766693
  endloop
endfacet
facet normal -0.984808 2.16754e-14 0.173648
  outer loop
    vertex 107.3586873802471 83.33097159009402 11.17364817766693
    vertex 107.0806696704701 82.4343380788882 9.596931394677352
    vertex 107.358687380247 81.39399239482337 11.17364817766693
  endloop
endfacet
facet normal -0.984808 1.20564e-14 0.173648
  outer loop
    vertex 107.0805054574405 47.43272685155981 9.596000096311203
    vertex 107.0806696704667 45.48802119583391 9.596931394661748
    vertex 107.3586873802464 46.52836687995193 11.17364817766693
  endloop
endfacet
facet normal -0.984808 1.58627e-14 0.173648
  outer loop
    vertex 107.358687380247 81.39399239482337 11.17364817766693
    vertex 107.0806696704701 82.4343380788882 9.596931394677352
    vertex 107.0805054574576 80.48963242289605 9.596000096404811
  endloop
endfacet
facet normal -0.984808 2.16754e-14 0.173648
  outer loop
    vertex 107.3586873802464 44.59138768468129 11.17364817766693
    vertex 107.0847518031877 43.61388569487005 9.620082319747503
    vertex 107.3586873802464 42.65440848941066 11.17364817766693
  endloop
endfacet
facet normal -0.984808 1.44503e-14 0.173648
  outer loop
    vertex 107.3586873802471 85.26795078536468 11.17364817766693
    vertex 107.0847518031889 84.30847357989643 9.620082319750113
    vertex 107.3586873802471 83.33097159009402 11.17364817766693
  endloop
endfacet
facet normal -0.984808 1.76995e-14 0.173648
  outer loop
    vertex 107.3586873802471 83.33097159009402 11.17364817766693
    vertex 107.0847518031889 84.30847357989643 9.620082319750113
    vertex 107.0806696704701 82.4343380788882 9.596931394677352
  endloop
endfacet
facet normal -0.984808 2.13347e-14 0.173648
  outer loop
    vertex 107.0806696704667 45.48802119583391 9.596931394661748
    vertex 107.0847518031877 43.61388569487005 9.620082319747503
    vertex 107.3586873802464 44.59138768468129 11.17364817766693
  endloop
endfacet
facet normal -0.984808 1.22047e-14 0.173648
  outer loop
    vertex 107.0847518031877 43.61388569487005 9.620082319747503
    vertex 107.1122912296718 42.10933982258376 9.776266168489403
    vertex 107.3586873802464 42.65440848941066 11.17364817766693
  endloop
endfacet
facet normal -0.984808 2.10419e-14 0.173648
  outer loop
    vertex 107.3586873802471 85.26795078536468 11.17364817766693
    vertex 107.1122912296725 85.81301945219164 9.776266168489467
    vertex 107.0847518031889 84.30847357989643 9.620082319750113
  endloop
endfacet
facet normal -0.984808 2.53984e-14 0.173648
  outer loop
    vertex 107.1122912296725 85.81301945219164 9.776266168489467
    vertex 106.9473384669791 86.51274965356458 8.840772564330733
    vertex 106.7990875792482 85.48042846018349 8
  endloop
endfacet
facet normal -0.984808 2.62778e-14 0.173648
  outer loop
    vertex 106.7990875792474 42.44193081459187 8
    vertex 106.9473384669784 41.40960962121078 8.840772564330717
    vertex 107.1122912296718 42.10933982258376 9.776266168489403
  endloop
endfacet
facet normal -0.984808 2.85572e-15 0.173648
  outer loop
    vertex 107.0788874797469 40.6015323806025 9.58682408883347
    vertex 106.9473384669784 41.40960962121078 8.840772564330717
    vertex 106.7990875792474 40.48563546706497 8
  endloop
endfacet
facet normal -0.984808 1.69546e-14 0.173648
  outer loop
    vertex 106.7990875792482 87.43672380771038 8
    vertex 106.9473384669791 86.51274965356458 8.840772564330733
    vertex 107.0788874797477 87.32082689417285 9.586824088833467
  endloop
endfacet
facet normal -0.984808 1.35842e-14 0.173648
  outer loop
    vertex 107.1122912296718 42.10933982258376 9.776266168489403
    vertex 106.9473384669784 41.40960962121078 8.840772564330717
    vertex 107.0788874797469 40.6015323806025 9.58682408883347
  endloop
endfacet
facet normal -0.984808 2.03483e-14 0.173648
  outer loop
    vertex 107.0788874797477 87.32082689417285 9.586824088833467
    vertex 106.9473384669791 86.51274965356458 8.840772564330733
    vertex 107.1122912296725 85.81301945219164 9.776266168489467
  endloop
endfacet
facet normal -0.702938 0.689561 0.17431
  outer loop
    vertex 108.3300685869893 89.39979495436081 8
    vertex 107.0808407240909 88.12633310493602 8
    vertex 107.3606990073352 88.01041200847378 9.58715519383281
  endloop
endfacet
facet normal -0.702938 0.689561 0.17431
  outer loop
    vertex 107.3606990073352 88.01041200847378 9.58715519383281
    vertex 108.3293727354355 88.91334028274522 9.921577942239415
    vertex 108.3300685869893 89.39979495436081 8
  endloop
endfacet
facet normal -0.702938 0.689561 0.17431
  outer loop
    vertex 108.3300685869893 89.39979495436081 8
    vertex 109.3471641731405 90.00572488644416 9.704599323031736
    vertex 109.5792964498878 90.67325680378562 8
  endloop
endfacet
facet normal -0.702938 0.689561 0.17431
  outer loop
    vertex 108.3300685869893 89.39979495436081 8
    vertex 108.3293727354355 88.91334028274522 9.921577942239415
    vertex 109.3471641731405 90.00572488644416 9.704599323031736
  endloop
endfacet
facet normal -0.702938 0.689561 0.17431
  outer loop
    vertex 110.0307714568526 90.33107325467653 11.17431038766562
    vertex 109.3471641731405 90.00572488644416 9.704599323031736
    vertex 108.835664373716 89.11278208334402 11.17431038766562
  endloop
endfacet
facet normal -0.702938 0.689561 0.17431
  outer loop
    vertex 110.8285243127863 91.94671865321041 8
    vertex 110.1208023692399 90.91832017305896 9.214264281205379
    vertex 111.0272014263877 91.7480415396097 9.587155193832809
  endloop
endfacet
facet normal -0.702938 0.689561 0.17431
  outer loop
    vertex 109.5792964498878 90.67325680378562 8
    vertex 110.1208023692399 90.91832017305896 9.214264281205379
    vertex 110.8285243127863 91.94671865321041 8
  endloop
endfacet
facet normal -0.702938 0.689561 0.17431
  outer loop
    vertex 108.835664373716 89.11278208334402 11.17431038766562
    vertex 108.3293727354355 88.91334028274522 9.921577942239415
    vertex 107.6405572905795 87.89449091201152 11.17431038766562
  endloop
endfacet
facet normal -0.702938 0.689561 0.17431
  outer loop
    vertex 107.6405572905795 87.89449091201152 11.17431038766562
    vertex 108.3293727354355 88.91334028274522 9.921577942239415
    vertex 107.3606990073352 88.01041200847378 9.58715519383281
  endloop
endfacet
facet normal -0.702938 0.689561 0.17431
  outer loop
    vertex 110.0307714568526 90.33107325467653 11.17431038766562
    vertex 110.4010778035078 90.94715167515318 10.23046953469365
    vertex 109.3471641731405 90.00572488644416 9.704599323031736
  endloop
endfacet
facet normal -0.702938 0.689561 0.17431
  outer loop
    vertex 109.3471641731405 90.00572488644416 9.704599323031736
    vertex 110.1208023692399 90.91832017305896 9.214264281205379
    vertex 109.5792964498878 90.67325680378562 8
  endloop
endfacet
facet normal -0.702938 0.689561 0.17431
  outer loop
    vertex 109.3471641731405 90.00572488644416 9.704599323031736
    vertex 110.4010778035078 90.94715167515318 10.23046953469365
    vertex 110.1208023692399 90.91832017305896 9.214264281205379
  endloop
endfacet
facet normal -0.702938 0.689561 0.17431
  outer loop
    vertex 111.2258785399892 91.54936442600901 11.17431038766562
    vertex 110.4010778035078 90.94715167515318 10.23046953469365
    vertex 110.0307714568526 90.33107325467653 11.17431038766562
  endloop
endfacet
facet normal -0.702938 0.689561 0.17431
  outer loop
    vertex 109.3471641731405 90.00572488644416 9.704599323031736
    vertex 108.3293727354355 88.91334028274522 9.921577942239415
    vertex 108.835664373716 89.11278208334402 11.17431038766562
  endloop
endfacet
facet normal -0.702938 0.689561 0.17431
  outer loop
    vertex 111.0272014263877 91.7480415396097 9.587155193832809
    vertex 110.4010778035078 90.94715167515318 10.23046953469365
    vertex 111.2258785399892 91.54936442600901 11.17431038766562
  endloop
endfacet
facet normal -0.702938 0.689561 0.17431
  outer loop
    vertex 110.1208023692399 90.91832017305896 9.214264281205379
    vertex 110.4010778035078 90.94715167515318 10.23046953469365
    vertex 111.0272014263877 91.7480415396097 9.587155193832809
  endloop
endfacet
facet normal 0 0 1
  outer loop
    vertex 110.2187503680701 84.72478323669941 12
    vertex 108.3434951332593 83.33097159009404 12
    vertex 110.0209683229656 82.3624819924589 12
  endloop
endfacet
facet normal 0 0 1
  outer loop
    vertex 112.6407916051511 90.14782827215046 12
    vertex 111.9288163826694 90.85980349463314 12
    vertex 112.0406500937704 89.2942327530193 12
  endloop
endfacet
facet normal 0 0 1
  outer loop
    vertex 111.9288163826703 37.06255578015117 12
    vertex 112.6407916051472 37.77453100262507 12
    vertex 112.0746609478578 38.58489189085572 12
  endloop
endfacet
facet normal -0 0 1
  outer loop
    vertex 111.1317922711026 88.05879213076601 12
    vertex 112.9043955020833 87.54602812818311 12
    vertex 112.0406500937704 89.2942327530193 12
  endloop
endfacet
facet normal 0 0 1
  outer loop
    vertex 111.9288163826694 90.85980349463314 12
    vertex 110.7337092995327 89.64151232330053 12
    vertex 112.0406500937704 89.2942327530193 12
  endloop
endfacet
facet normal -0 0 1
  outer loop
    vertex 110.7337092995331 38.28084695148078 12
    vertex 111.9288163826703 37.06255578015117 12
    vertex 112.0746609478578 38.58489189085572 12
  endloop
endfacet
facet normal 0 -0 1
  outer loop
    vertex 112.0746609478578 38.58489189085572 12
    vertex 112.9043955020823 40.37633114659405 12
    vertex 111.231570603216 39.70355383748669 12
  endloop
endfacet
facet normal 0 0 1
  outer loop
    vertex 108.3434951332593 85.26795078536469 12
    vertex 108.3434951332593 83.33097159009404 12
    vertex 110.2187503680701 84.72478323669941 12
  endloop
endfacet
facet normal 0 0 1
  outer loop
    vertex 111.2398476800298 45.39077845576965 12
    vertex 109.9928603962368 47.39330882565378 12
    vertex 109.5572131679028 45.56500819955468 12
  endloop
endfacet
facet normal 0 0 1
  outer loop
    vertex 109.9928603962368 47.39330882565378 12
    vertex 111.2398476800298 45.39077845576965 12
    vertex 111.6555837483386 47.3160976633437 12
  endloop
endfacet
facet normal 0 0 1
  outer loop
    vertex 110.2187503680701 84.72478323669941 12
    vertex 110.0209683229656 82.3624819924589 12
    vertex 111.2509394870176 83.47621856027793 12
  endloop
endfacet
facet normal 0 -0 1
  outer loop
    vertex 109.9925346384848 78.57988917715359 12
    vertex 111.2275358188664 80.49574867679181 12
    vertex 109.5856058093671 80.4578250881561 12
  endloop
endfacet
facet normal 0 0 1
  outer loop
    vertex 111.2275358188664 80.49574867679181 12
    vertex 109.9925346384848 78.57988917715359 12
    vertex 111.653095496564 78.6317608007277 12
  endloop
endfacet
facet normal 0 0 1
  outer loop
    vertex 108.3434951332594 87.20492998063531 12
    vertex 108.3434951332593 85.26795078536469 12
    vertex 109.9518754255511 86.7473641187426 12
  endloop
endfacet
facet normal 0 0 1
  outer loop
    vertex 111.2364196612617 49.28591045581017 12
    vertex 109.9922496004508 51.29163136959133 12
    vertex 109.5817039848933 49.36770439935423 12
  endloop
endfacet
facet normal 0 0 1
  outer loop
    vertex 109.9922496004508 51.29163136959133 12
    vertex 111.2364196612617 49.28591045581017 12
    vertex 111.6548489191572 51.22979282787649 12
  endloop
endfacet
facet normal 0 0 1
  outer loop
    vertex 109.9518754255511 86.7473641187426 12
    vertex 108.3434951332593 85.26795078536469 12
    vertex 110.2187503680701 84.72478323669941 12
  endloop
endfacet
facet normal -0 0 1
  outer loop
    vertex 110.0350697819687 42.00630579017891 12
    vertex 111.5046824736359 41.2404169663413 12
    vertex 111.5098119626331 43.26159295048014 12
  endloop
endfacet
facet normal 0 0 1
  outer loop
    vertex 111.2366160213027 76.67974626142274 12
    vertex 109.9920052821368 74.68156663321614 12
    vertex 111.6548673789372 74.73389155312928 12
  endloop
endfacet
facet normal 0 -0 1
  outer loop
    vertex 109.9920052821368 74.68156663321614 12
    vertex 111.2366160213027 76.67974626142274 12
    vertex 109.5816292416886 76.60885817701723 12
  endloop
endfacet
facet normal 0 0 1
  outer loop
    vertex 109.9918016835411 55.18995391352883 12
    vertex 111.2367843299085 53.19931557089777 12
    vertex 111.6548827620865 55.14714261541863 12
  endloop
endfacet
facet normal 0 0 1
  outer loop
    vertex 109.8663674967302 43.92119915171672 12
    vertex 110.0350697819687 42.00630579017891 12
    vertex 111.5098119626331 43.26159295048014 12
  endloop
endfacet
facet normal 0 0 1
  outer loop
    vertex 111.2367843299085 53.19931557089777 12
    vertex 109.9918016835411 55.18995391352883 12
    vertex 109.5815651760836 53.25929779616328 12
  endloop
endfacet
facet normal 0 0 1
  outer loop
    vertex 111.2369245870806 72.76634114633525 12
    vertex 109.9916388046651 70.78324408927874 12
    vertex 111.6548950686065 70.81654176558719 12
  endloop
endfacet
facet normal 0 -0 1
  outer loop
    vertex 109.9916388046651 70.78324408927874 12
    vertex 111.2369245870806 72.76634114633525 12
    vertex 109.5815117880801 72.71726478020825 12
  endloop
endfacet
facet normal 0 0 1
  outer loop
    vertex 109.9915166455077 59.08827645746631 12
    vertex 111.2370367928178 57.11272068598517 12
    vertex 111.6507796012666 59.0628967081996 12
  endloop
endfacet
facet normal 0 0 1
  outer loop
    vertex 111.2370367928178 57.11272068598517 12
    vertex 109.9915166455077 59.08827645746631 12
    vertex 109.5814690776769 57.15089119297226 12
  endloop
endfacet
facet normal 0 0 1
  outer loop
    vertex 111.2371209471211 68.85293603124779 12
    vertex 109.9914352060697 66.88492154534133 12
    vertex 111.6519228378214 66.89970696379473 12
  endloop
endfacet
facet normal 0 -0 1
  outer loop
    vertex 109.9914352060697 66.88492154534133 12
    vertex 111.2371209471211 68.85293603124779 12
    vertex 109.5814370448748 68.8256713833993 12
  endloop
endfacet
facet normal 0 0 1
  outer loop
    vertex 110.0209683229652 62.9926900397523 12
    vertex 111.2165535638423 61.01814732726702 12
    vertex 111.6537159845447 62.98197968916112 12
  endloop
endfacet
facet normal 0 0 1
  outer loop
    vertex 111.2165535638423 61.01814732726702 12
    vertex 110.0209683229652 62.9926900397523 12
    vertex 109.5832057597666 61.04210710268982 12
  endloop
endfacet
facet normal 0 0 1
  outer loop
    vertex 111.2222670317504 64.9421058449086 12
    vertex 110.0209683229652 62.9926900397523 12
    vertex 111.6537159845447 62.98197968916112 12
  endloop
endfacet
facet normal 0 0 1
  outer loop
    vertex 110.7337092995327 89.64151232330053 12
    vertex 111.1317922711026 88.05879213076601 12
    vertex 112.0406500937704 89.2942327530193 12
  endloop
endfacet
facet normal 0 -0 1
  outer loop
    vertex 110.0209683229652 62.9926900397523 12
    vertex 111.2222670317504 64.9421058449086 12
    vertex 109.5843321654607 64.93581118000967 12
  endloop
endfacet
facet normal -0 0 1
  outer loop
    vertex 109.9914352060697 66.88492154534133 12
    vertex 111.2222670317504 64.9421058449086 12
    vertex 111.6519228378214 66.89970696379473 12
  endloop
endfacet
facet normal 0 0 1
  outer loop
    vertex 111.2222670317504 64.9421058449086 12
    vertex 109.9914352060697 66.88492154534133 12
    vertex 109.5843321654607 64.93581118000967 12
  endloop
endfacet
facet normal 0 0 1
  outer loop
    vertex 111.2165535638423 61.01814732726702 12
    vertex 109.9915166455077 59.08827645746631 12
    vertex 111.6507796012666 59.0628967081996 12
  endloop
endfacet
facet normal 0 0 1
  outer loop
    vertex 108.3434951332585 40.71742929414001 12
    vertex 109.5386022163958 39.4991381228104 12
    vertex 110.2027985663518 40.5890476290489 12
  endloop
endfacet
facet normal 0 0 1
  outer loop
    vertex 108.3434951332586 42.65440848941066 12
    vertex 108.3434951332585 40.71742929414001 12
    vertex 110.0350697819687 42.00630579017891 12
  endloop
endfacet
facet normal 0 -0 1
  outer loop
    vertex 109.9915166455077 59.08827645746631 12
    vertex 111.2165535638423 61.01814732726702 12
    vertex 109.5832057597666 61.04210710268982 12
  endloop
endfacet
facet normal -0 0 1
  outer loop
    vertex 109.9916388046651 70.78324408927874 12
    vertex 111.2371209471211 68.85293603124779 12
    vertex 111.6548950686065 70.81654176558719 12
  endloop
endfacet
facet normal 0 0 1
  outer loop
    vertex 111.2371209471211 68.85293603124779 12
    vertex 109.9916388046651 70.78324408927874 12
    vertex 109.5814370448748 68.8256713833993 12
  endloop
endfacet
facet normal 0 0 1
  outer loop
    vertex 111.2370367928178 57.11272068598517 12
    vertex 109.9918016835411 55.18995391352883 12
    vertex 111.6548827620865 55.14714261541863 12
  endloop
endfacet
facet normal 0 0 1
  outer loop
    vertex 109.9518754255511 86.7473641187426 12
    vertex 110.2187503680701 84.72478323669941 12
    vertex 111.4679367003517 86.247595100665 12
  endloop
endfacet
facet normal 0 -0 1
  outer loop
    vertex 109.9918016835411 55.18995391352883 12
    vertex 111.2370367928178 57.11272068598517 12
    vertex 109.5814690776769 57.15089119297226 12
  endloop
endfacet
facet normal -0 0 1
  outer loop
    vertex 109.9920052821368 74.68156663321614 12
    vertex 111.2369245870806 72.76634114633525 12
    vertex 111.6548673789372 74.73389155312928 12
  endloop
endfacet
facet normal 0 0 1
  outer loop
    vertex 108.3434951332586 44.59138768468131 12
    vertex 108.3434951332586 42.65440848941066 12
    vertex 109.8663674967302 43.92119915171672 12
  endloop
endfacet
facet normal 0 0 1
  outer loop
    vertex 110.0350697819687 42.00630579017891 12
    vertex 108.3434951332585 40.71742929414001 12
    vertex 110.2027985663518 40.5890476290489 12
  endloop
endfacet
facet normal 0 -0 1
  outer loop
    vertex 112.9043955020829 67.89198771918772 12
    vertex 112.9043955020829 69.85739176008728 12
    vertex 111.2371209471211 68.85293603124779 12
  endloop
endfacet
facet normal 0 -0 1
  outer loop
    vertex 112.9043955020824 44.30713922839315 12
    vertex 112.9043955020824 46.2725432692927 12
    vertex 111.2398476800298 45.39077845576965 12
  endloop
endfacet
facet normal 0 -0 1
  outer loop
    vertex 112.9043955020824 48.23794731019225 12
    vertex 112.9043955020825 50.2033513510918 12
    vertex 111.2364196612617 49.28591045581017 12
  endloop
endfacet
facet normal 0 -0 1
  outer loop
    vertex 112.9043955020828 63.96117963738863 12
    vertex 112.9043955020828 65.92658367828818 12
    vertex 111.2222670317504 64.9421058449086 12
  endloop
endfacet
facet normal 0 -0 1
  outer loop
    vertex 112.9043955020825 52.16875539199134 12
    vertex 112.9043955020826 54.13415943289089 12
    vertex 111.2367843299085 53.19931557089777 12
  endloop
endfacet
facet normal 0 -0 1
  outer loop
    vertex 112.9043955020826 56.09956347379044 12
    vertex 112.9043955020827 58.06496751468999 12
    vertex 111.2370367928178 57.11272068598517 12
  endloop
endfacet
facet normal 0 -0 1
  outer loop
    vertex 112.9043955020829 71.82279580098682 12
    vertex 112.904395502083 73.78819984188637 12
    vertex 111.2369245870806 72.76634114633525 12
  endloop
endfacet
facet normal 0 -0 1
  outer loop
    vertex 112.9043955020827 60.03037155558954 12
    vertex 112.9043955020827 61.99577559648908 12
    vertex 111.2165535638423 61.01814732726702 12
  endloop
endfacet
facet normal 0 -0 1
  outer loop
    vertex 112.9043955020831 79.68441196458497 12
    vertex 112.9043955020831 81.6498160054845 12
    vertex 111.2275358188664 80.49574867679181 12
  endloop
endfacet
facet normal 0 -0 1
  outer loop
    vertex 112.904395502083 75.7536038827859 12
    vertex 112.9043955020831 77.71900792368544 12
    vertex 111.2366160213027 76.67974626142274 12
  endloop
endfacet
facet normal 0 0 1
  outer loop
    vertex 111.2369245870806 72.76634114633525 12
    vertex 109.9920052821368 74.68156663321614 12
    vertex 109.5815117880801 72.71726478020825 12
  endloop
endfacet
facet normal 0 0 1
  outer loop
    vertex 111.2367843299085 53.19931557089777 12
    vertex 109.9922496004508 51.29163136959133 12
    vertex 111.6548489191572 51.22979282787649 12
  endloop
endfacet
facet normal -0 0 1
  outer loop
    vertex 108.3434951332586 42.65440848941066 12
    vertex 110.0350697819687 42.00630579017891 12
    vertex 109.8663674967302 43.92119915171672 12
  endloop
endfacet
facet normal 0 0 1
  outer loop
    vertex 108.3434951332592 79.45701319955278 12
    vertex 108.3434951332592 77.52003400428214 12
    vertex 109.9925346384848 78.57988917715359 12
  endloop
endfacet
facet normal 0 0 1
  outer loop
    vertex 108.343495133259 67.83513802792898 12
    vertex 108.343495133259 65.89815883265834 12
    vertex 109.9914352060697 66.88492154534133 12
  endloop
endfacet
facet normal 0 0 1
  outer loop
    vertex 108.3434951332587 48.46534607522261 12
    vertex 108.3434951332587 46.52836687995195 12
    vertex 109.9928603962368 47.39330882565378 12
  endloop
endfacet
facet normal 0 0 1
  outer loop
    vertex 108.3434951332593 83.33097159009404 12
    vertex 108.3434951332593 81.39399239482341 12
    vertex 110.0209683229656 82.3624819924589 12
  endloop
endfacet
facet normal 0 0 1
  outer loop
    vertex 108.3434951332591 71.70909641847024 12
    vertex 108.3434951332591 69.77211722319961 12
    vertex 109.9916388046651 70.78324408927874 12
  endloop
endfacet
facet normal 0 0 1
  outer loop
    vertex 108.3434951332592 75.58305480901151 12
    vertex 108.3434951332591 73.64607561374088 12
    vertex 109.9920052821368 74.68156663321614 12
  endloop
endfacet
facet normal 0 0 1
  outer loop
    vertex 108.3434951332588 52.3393044657639 12
    vertex 108.3434951332587 50.40232527049325 12
    vertex 109.9922496004508 51.29163136959133 12
  endloop
endfacet
facet normal 0 0 1
  outer loop
    vertex 108.343495133259 63.96117963738771 12
    vertex 108.3434951332589 62.02420044211708 12
    vertex 110.0209683229652 62.9926900397523 12
  endloop
endfacet
facet normal 0 0 1
  outer loop
    vertex 108.3434951332588 56.21326285630518 12
    vertex 108.3434951332588 54.27628366103454 12
    vertex 109.9918016835411 55.18995391352883 12
  endloop
endfacet
facet normal 0 0 1
  outer loop
    vertex 108.3434951332589 60.08722124684644 12
    vertex 108.3434951332589 58.15024205157581 12
    vertex 109.9915166455077 59.08827645746631 12
  endloop
endfacet
facet normal 0 -0 1
  outer loop
    vertex 109.9922496004508 51.29163136959133 12
    vertex 111.2367843299085 53.19931557089777 12
    vertex 109.5815651760836 53.25929779616328 12
  endloop
endfacet
facet normal -0 0 1
  outer loop
    vertex 109.9925346384848 78.57988917715359 12
    vertex 111.2366160213027 76.67974626142274 12
    vertex 111.653095496564 78.6317608007277 12
  endloop
endfacet
facet normal 0 0 1
  outer loop
    vertex 111.2366160213027 76.67974626142274 12
    vertex 109.9925346384848 78.57988917715359 12
    vertex 109.5816292416886 76.60885817701723 12
  endloop
endfacet
facet normal 0 0 1
  outer loop
    vertex 111.2364196612617 49.28591045581017 12
    vertex 109.9928603962368 47.39330882565378 12
    vertex 111.6555837483386 47.3160976633437 12
  endloop
endfacet
facet normal 0 0 1
  outer loop
    vertex 111.2398476800298 45.39077845576965 12
    vertex 109.8663674967302 43.92119915171672 12
    vertex 111.5098119626331 43.26159295048014 12
  endloop
endfacet
facet normal 0 -0 1
  outer loop
    vertex 109.9928603962368 47.39330882565378 12
    vertex 111.2364196612617 49.28591045581017 12
    vertex 109.5817039848933 49.36770439935423 12
  endloop
endfacet
facet normal 0 0 1
  outer loop
    vertex 111.2275358188664 80.49574867679181 12
    vertex 110.0209683229656 82.3624819924589 12
    vertex 109.5856058093671 80.4578250881561 12
  endloop
endfacet
facet normal 0 -0 1
  outer loop
    vertex 109.8663674967302 43.92119915171672 12
    vertex 111.2398476800298 45.39077845576965 12
    vertex 109.5572131679028 45.56500819955468 12
  endloop
endfacet
facet normal 0 0 1
  outer loop
    vertex 110.7337092995327 89.64151232330053 12
    vertex 109.538602216396 88.42322115196792 12
    vertex 111.1317922711026 88.05879213076601 12
  endloop
endfacet
facet normal 0 0 1
  outer loop
    vertex 109.538602216396 88.42322115196792 12
    vertex 108.3434951332594 87.20492998063531 12
    vertex 109.9518754255511 86.7473641187426 12
  endloop
endfacet
facet normal 0 0 1
  outer loop
    vertex 112.9043955020824 44.30713922839315 12
    vertex 111.2398476800298 45.39077845576965 12
    vertex 111.5098119626331 43.26159295048014 12
  endloop
endfacet
facet normal 0 0 1
  outer loop
    vertex 112.9043955020824 48.23794731019225 12
    vertex 111.2364196612617 49.28591045581017 12
    vertex 111.6555837483386 47.3160976633437 12
  endloop
endfacet
facet normal 0 0 1
  outer loop
    vertex 111.2398476800298 45.39077845576965 12
    vertex 112.9043955020824 46.2725432692927 12
    vertex 111.6555837483386 47.3160976633437 12
  endloop
endfacet
facet normal 0 0 1
  outer loop
    vertex 111.2366160213027 76.67974626142274 12
    vertex 112.9043955020831 77.71900792368544 12
    vertex 111.653095496564 78.6317608007277 12
  endloop
endfacet
facet normal 0 0 1
  outer loop
    vertex 112.9043955020831 79.68441196458497 12
    vertex 111.2275358188664 80.49574867679181 12
    vertex 111.653095496564 78.6317608007277 12
  endloop
endfacet
facet normal 0 0 1
  outer loop
    vertex 111.2364196612617 49.28591045581017 12
    vertex 112.9043955020825 50.2033513510918 12
    vertex 111.6548489191572 51.22979282787649 12
  endloop
endfacet
facet normal 0 0 1
  outer loop
    vertex 112.9043955020825 52.16875539199134 12
    vertex 111.2367843299085 53.19931557089777 12
    vertex 111.6548489191572 51.22979282787649 12
  endloop
endfacet
facet normal 0 0 1
  outer loop
    vertex 111.2369245870806 72.76634114633525 12
    vertex 112.904395502083 73.78819984188637 12
    vertex 111.6548673789372 74.73389155312928 12
  endloop
endfacet
facet normal 0 0 1
  outer loop
    vertex 112.904395502083 75.7536038827859 12
    vertex 111.2366160213027 76.67974626142274 12
    vertex 111.6548673789372 74.73389155312928 12
  endloop
endfacet
facet normal 0 0 1
  outer loop
    vertex 112.9043955020826 56.09956347379044 12
    vertex 111.2370367928178 57.11272068598517 12
    vertex 111.6548827620865 55.14714261541863 12
  endloop
endfacet
facet normal 0 0 1
  outer loop
    vertex 111.2367843299085 53.19931557089777 12
    vertex 112.9043955020826 54.13415943289089 12
    vertex 111.6548827620865 55.14714261541863 12
  endloop
endfacet
facet normal 0 0 1
  outer loop
    vertex 112.9043955020829 71.82279580098682 12
    vertex 111.2369245870806 72.76634114633525 12
    vertex 111.6548950686065 70.81654176558719 12
  endloop
endfacet
facet normal 0 0 1
  outer loop
    vertex 111.2371209471211 68.85293603124779 12
    vertex 112.9043955020829 69.85739176008728 12
    vertex 111.6548950686065 70.81654176558719 12
  endloop
endfacet
facet normal 0 0 1
  outer loop
    vertex 112.9043955020827 60.03037155558954 12
    vertex 111.2165535638423 61.01814732726702 12
    vertex 111.6507796012666 59.0628967081996 12
  endloop
endfacet
facet normal 0 0 1
  outer loop
    vertex 111.2370367928178 57.11272068598517 12
    vertex 112.9043955020827 58.06496751468999 12
    vertex 111.6507796012666 59.0628967081996 12
  endloop
endfacet
facet normal 0 0 1
  outer loop
    vertex 112.9043955020829 67.89198771918772 12
    vertex 111.2371209471211 68.85293603124779 12
    vertex 111.6519228378214 66.89970696379473 12
  endloop
endfacet
facet normal 0 0 1
  outer loop
    vertex 111.2222670317504 64.9421058449086 12
    vertex 112.9043955020828 65.92658367828818 12
    vertex 111.6519228378214 66.89970696379473 12
  endloop
endfacet
facet normal 0 0 1
  outer loop
    vertex 112.9043955020828 63.96117963738863 12
    vertex 111.2222670317504 64.9421058449086 12
    vertex 111.6537159845447 62.98197968916112 12
  endloop
endfacet
facet normal 0 0 1
  outer loop
    vertex 111.2165535638423 61.01814732726702 12
    vertex 112.9043955020827 61.99577559648908 12
    vertex 111.6537159845447 62.98197968916112 12
  endloop
endfacet
facet normal -0 0 1
  outer loop
    vertex 108.3434951332586 44.59138768468131 12
    vertex 109.8663674967302 43.92119915171672 12
    vertex 109.5572131679028 45.56500819955468 12
  endloop
endfacet
facet normal 0 0 1
  outer loop
    vertex 111.5046824736359 41.2404169663413 12
    vertex 112.9043955020823 42.3417351874936 12
    vertex 111.5098119626331 43.26159295048014 12
  endloop
endfacet
facet normal -0 0 1
  outer loop
    vertex 109.5386022163958 39.4991381228104 12
    vertex 110.7337092995331 38.28084695148078 12
    vertex 111.231570603216 39.70355383748669 12
  endloop
endfacet
facet normal 0 0 1
  outer loop
    vertex 109.9928603962368 47.39330882565378 12
    vertex 108.3434951332587 46.52836687995195 12
    vertex 109.5572131679028 45.56500819955468 12
  endloop
endfacet
facet normal 0 0 1
  outer loop
    vertex 110.0209683229656 82.3624819924589 12
    vertex 108.3434951332593 81.39399239482341 12
    vertex 109.5856058093671 80.4578250881561 12
  endloop
endfacet
facet normal -0 0 1
  outer loop
    vertex 108.3434951332592 79.45701319955278 12
    vertex 109.9925346384848 78.57988917715359 12
    vertex 109.5856058093671 80.4578250881561 12
  endloop
endfacet
facet normal 0 0 1
  outer loop
    vertex 109.9922496004508 51.29163136959133 12
    vertex 108.3434951332587 50.40232527049325 12
    vertex 109.5817039848933 49.36770439935423 12
  endloop
endfacet
facet normal -0 0 1
  outer loop
    vertex 108.3434951332587 48.46534607522261 12
    vertex 109.9928603962368 47.39330882565378 12
    vertex 109.5817039848933 49.36770439935423 12
  endloop
endfacet
facet normal 0 0 1
  outer loop
    vertex 109.9925346384848 78.57988917715359 12
    vertex 108.3434951332592 77.52003400428214 12
    vertex 109.5816292416886 76.60885817701723 12
  endloop
endfacet
facet normal -0 0 1
  outer loop
    vertex 108.3434951332592 75.58305480901151 12
    vertex 109.9920052821368 74.68156663321614 12
    vertex 109.5816292416886 76.60885817701723 12
  endloop
endfacet
facet normal -0 0 1
  outer loop
    vertex 108.3434951332588 52.3393044657639 12
    vertex 109.9922496004508 51.29163136959133 12
    vertex 109.5815651760836 53.25929779616328 12
  endloop
endfacet
facet normal 0 0 1
  outer loop
    vertex 109.9918016835411 55.18995391352883 12
    vertex 108.3434951332588 54.27628366103454 12
    vertex 109.5815651760836 53.25929779616328 12
  endloop
endfacet
facet normal -0 0 1
  outer loop
    vertex 108.3434951332591 71.70909641847024 12
    vertex 109.9916388046651 70.78324408927874 12
    vertex 109.5815117880801 72.71726478020825 12
  endloop
endfacet
facet normal 0 0 1
  outer loop
    vertex 109.9920052821368 74.68156663321614 12
    vertex 108.3434951332591 73.64607561374088 12
    vertex 109.5815117880801 72.71726478020825 12
  endloop
endfacet
facet normal -0 0 1
  outer loop
    vertex 108.3434951332588 56.21326285630518 12
    vertex 109.9918016835411 55.18995391352883 12
    vertex 109.5814690776769 57.15089119297226 12
  endloop
endfacet
facet normal 0 0 1
  outer loop
    vertex 109.9915166455077 59.08827645746631 12
    vertex 108.3434951332589 58.15024205157581 12
    vertex 109.5814690776769 57.15089119297226 12
  endloop
endfacet
facet normal -0 0 1
  outer loop
    vertex 108.343495133259 67.83513802792898 12
    vertex 109.9914352060697 66.88492154534133 12
    vertex 109.5814370448748 68.8256713833993 12
  endloop
endfacet
facet normal 0 0 1
  outer loop
    vertex 109.9916388046651 70.78324408927874 12
    vertex 108.3434951332591 69.77211722319961 12
    vertex 109.5814370448748 68.8256713833993 12
  endloop
endfacet
facet normal -0 0 1
  outer loop
    vertex 108.3434951332589 60.08722124684644 12
    vertex 109.9915166455077 59.08827645746631 12
    vertex 109.5832057597666 61.04210710268982 12
  endloop
endfacet
facet normal 0 0 1
  outer loop
    vertex 110.0209683229652 62.9926900397523 12
    vertex 108.3434951332589 62.02420044211708 12
    vertex 109.5832057597666 61.04210710268982 12
  endloop
endfacet
facet normal -0 0 1
  outer loop
    vertex 108.343495133259 63.96117963738771 12
    vertex 110.0209683229652 62.9926900397523 12
    vertex 109.5843321654607 64.93581118000967 12
  endloop
endfacet
facet normal 0 0 1
  outer loop
    vertex 109.9914352060697 66.88492154534133 12
    vertex 108.343495133259 65.89815883265834 12
    vertex 109.5843321654607 64.93581118000967 12
  endloop
endfacet
facet normal 0 -0 1
  outer loop
    vertex 112.9043955020831 81.6498160054845 12
    vertex 112.9043955020832 83.61522004638404 12
    vertex 111.5967443053935 82.1957493666099 12
  endloop
endfacet
facet normal 0 0 1
  outer loop
    vertex 109.538602216396 88.42322115196792 12
    vertex 109.9518754255511 86.7473641187426 12
    vertex 111.1317922711026 88.05879213076601 12
  endloop
endfacet
facet normal 0 0 1
  outer loop
    vertex 111.4679367003517 86.247595100665 12
    vertex 110.2187503680701 84.72478323669941 12
    vertex 111.7492835119212 84.72888820626198 12
  endloop
endfacet
facet normal 0 -0 1
  outer loop
    vertex 112.9043955020823 40.37633114659405 12
    vertex 112.9043955020823 42.3417351874936 12
    vertex 111.5046824736359 41.2404169663413 12
  endloop
endfacet
facet normal 0 0 1
  outer loop
    vertex 112.9043955020832 83.61522004638404 12
    vertex 111.2509394870176 83.47621856027793 12
    vertex 111.5967443053935 82.1957493666099 12
  endloop
endfacet
facet normal 0 -0 1
  outer loop
    vertex 112.9043955020832 85.58062408728357 12
    vertex 112.9043955020833 87.54602812818311 12
    vertex 111.4679367003517 86.247595100665 12
  endloop
endfacet
facet normal 0 0 1
  outer loop
    vertex 110.0209683229656 82.3624819924589 12
    vertex 111.2275358188664 80.49574867679181 12
    vertex 111.5967443053935 82.1957493666099 12
  endloop
endfacet
facet normal 0 -0 1
  outer loop
    vertex 112.9043955020823 42.3417351874936 12
    vertex 112.9043955020824 44.30713922839315 12
    vertex 111.5098119626331 43.26159295048014 12
  endloop
endfacet
facet normal 0 0 1
  outer loop
    vertex 112.9043955020833 87.54602812818311 12
    vertex 111.1317922711026 88.05879213076601 12
    vertex 111.4679367003517 86.247595100665 12
  endloop
endfacet
facet normal 0 -0 1
  outer loop
    vertex 112.9043955020824 46.2725432692927 12
    vertex 112.9043955020824 48.23794731019225 12
    vertex 111.6555837483386 47.3160976633437 12
  endloop
endfacet
facet normal 0 0 1
  outer loop
    vertex 108.3434951332587 46.52836687995195 12
    vertex 108.3434951332586 44.59138768468131 12
    vertex 109.5572131679028 45.56500819955468 12
  endloop
endfacet
facet normal 0 -0 1
  outer loop
    vertex 112.9043955020831 77.71900792368544 12
    vertex 112.9043955020831 79.68441196458497 12
    vertex 111.653095496564 78.6317608007277 12
  endloop
endfacet
facet normal 0 0 1
  outer loop
    vertex 108.3434951332593 81.39399239482341 12
    vertex 108.3434951332592 79.45701319955278 12
    vertex 109.5856058093671 80.4578250881561 12
  endloop
endfacet
facet normal 0 -0 1
  outer loop
    vertex 112.9043955020825 50.2033513510918 12
    vertex 112.9043955020825 52.16875539199134 12
    vertex 111.6548489191572 51.22979282787649 12
  endloop
endfacet
facet normal 0 0 1
  outer loop
    vertex 108.3434951332587 50.40232527049325 12
    vertex 108.3434951332587 48.46534607522261 12
    vertex 109.5817039848933 49.36770439935423 12
  endloop
endfacet
facet normal 0 -0 1
  outer loop
    vertex 112.904395502083 73.78819984188637 12
    vertex 112.904395502083 75.7536038827859 12
    vertex 111.6548673789372 74.73389155312928 12
  endloop
endfacet
facet normal 0 -0 1
  outer loop
    vertex 112.9043955020826 54.13415943289089 12
    vertex 112.9043955020826 56.09956347379044 12
    vertex 111.6548827620865 55.14714261541863 12
  endloop
endfacet
facet normal 0 0 1
  outer loop
    vertex 108.3434951332592 77.52003400428214 12
    vertex 108.3434951332592 75.58305480901151 12
    vertex 109.5816292416886 76.60885817701723 12
  endloop
endfacet
facet normal 0 -0 1
  outer loop
    vertex 112.9043955020829 69.85739176008728 12
    vertex 112.9043955020829 71.82279580098682 12
    vertex 111.6548950686065 70.81654176558719 12
  endloop
endfacet
facet normal 0 -0 1
  outer loop
    vertex 112.9043955020827 58.06496751468999 12
    vertex 112.9043955020827 60.03037155558954 12
    vertex 111.6507796012666 59.0628967081996 12
  endloop
endfacet
facet normal 0 0 1
  outer loop
    vertex 108.3434951332588 54.27628366103454 12
    vertex 108.3434951332588 52.3393044657639 12
    vertex 109.5815651760836 53.25929779616328 12
  endloop
endfacet
facet normal 0 -0 1
  outer loop
    vertex 112.9043955020828 65.92658367828818 12
    vertex 112.9043955020829 67.89198771918772 12
    vertex 111.6519228378214 66.89970696379473 12
  endloop
endfacet
facet normal 0 -0 1
  outer loop
    vertex 112.9043955020827 61.99577559648908 12
    vertex 112.9043955020828 63.96117963738863 12
    vertex 111.6537159845447 62.98197968916112 12
  endloop
endfacet
facet normal 0 0 1
  outer loop
    vertex 108.3434951332591 73.64607561374088 12
    vertex 108.3434951332591 71.70909641847024 12
    vertex 109.5815117880801 72.71726478020825 12
  endloop
endfacet
facet normal 0 0 1
  outer loop
    vertex 108.3434951332589 58.15024205157581 12
    vertex 108.3434951332588 56.21326285630518 12
    vertex 109.5814690776769 57.15089119297226 12
  endloop
endfacet
facet normal 0 0 1
  outer loop
    vertex 108.3434951332591 69.77211722319961 12
    vertex 108.343495133259 67.83513802792898 12
    vertex 109.5814370448748 68.8256713833993 12
  endloop
endfacet
facet normal 0 0 1
  outer loop
    vertex 108.3434951332589 62.02420044211708 12
    vertex 108.3434951332589 60.08722124684644 12
    vertex 109.5832057597666 61.04210710268982 12
  endloop
endfacet
facet normal 0 0 1
  outer loop
    vertex 110.7337092995331 38.28084695148078 12
    vertex 112.0746609478578 38.58489189085572 12
    vertex 111.231570603216 39.70355383748669 12
  endloop
endfacet
facet normal 0 0 1
  outer loop
    vertex 108.343495133259 65.89815883265834 12
    vertex 108.343495133259 63.96117963738771 12
    vertex 109.5843321654607 64.93581118000967 12
  endloop
endfacet
facet normal 0 -0 1
  outer loop
    vertex 112.9043955020832 83.61522004638404 12
    vertex 112.9043955020832 85.58062408728357 12
    vertex 111.7492835119212 84.72888820626198 12
  endloop
endfacet
facet normal 0 0 1
  outer loop
    vertex 111.231570603216 39.70355383748669 12
    vertex 112.9043955020823 40.37633114659405 12
    vertex 111.5046824736359 41.2404169663413 12
  endloop
endfacet
facet normal 0 0 1
  outer loop
    vertex 111.1317922711026 88.05879213076601 12
    vertex 109.9518754255511 86.7473641187426 12
    vertex 111.4679367003517 86.247595100665 12
  endloop
endfacet
facet normal 0 0 1
  outer loop
    vertex 109.5386022163958 39.4991381228104 12
    vertex 111.231570603216 39.70355383748669 12
    vertex 110.2027985663518 40.5890476290489 12
  endloop
endfacet
facet normal 0 0 1
  outer loop
    vertex 111.2275358188664 80.49574867679181 12
    vertex 112.9043955020831 81.6498160054845 12
    vertex 111.5967443053935 82.1957493666099 12
  endloop
endfacet
facet normal 0 0 1
  outer loop
    vertex 111.2509394870176 83.47621856027793 12
    vertex 112.9043955020832 83.61522004638404 12
    vertex 111.7492835119212 84.72888820626198 12
  endloop
endfacet
facet normal 0 0 1
  outer loop
    vertex 112.9043955020832 85.58062408728357 12
    vertex 111.4679367003517 86.247595100665 12
    vertex 111.7492835119212 84.72888820626198 12
  endloop
endfacet
facet normal 0 0 1
  outer loop
    vertex 111.2509394870176 83.47621856027793 12
    vertex 110.0209683229656 82.3624819924589 12
    vertex 111.5967443053935 82.1957493666099 12
  endloop
endfacet
facet normal 0 0 1
  outer loop
    vertex 112.9043955020833 89.51143216908264 12
    vertex 112.6407916051511 90.14782827215046 12
    vertex 112.0406500937704 89.2942327530193 12
  endloop
endfacet
facet normal 0 -0 1
  outer loop
    vertex 112.6407916051472 37.77453100262507 12
    vertex 112.9043955020822 38.4109271056945 12
    vertex 112.0746609478578 38.58489189085572 12
  endloop
endfacet
facet normal 0 -0 1
  outer loop
    vertex 111.231570603216 39.70355383748669 12
    vertex 111.5046824736359 41.2404169663413 12
    vertex 110.2027985663518 40.5890476290489 12
  endloop
endfacet
facet normal 0 0 1
  outer loop
    vertex 111.5046824736359 41.2404169663413 12
    vertex 110.0350697819687 42.00630579017891 12
    vertex 110.2027985663518 40.5890476290489 12
  endloop
endfacet
facet normal -0 0 1
  outer loop
    vertex 110.2187503680701 84.72478323669941 12
    vertex 111.2509394870176 83.47621856027793 12
    vertex 111.7492835119212 84.72888820626198 12
  endloop
endfacet
facet normal 0 -0 1
  outer loop
    vertex 112.9043955020822 38.4109271056945 12
    vertex 112.9043955020823 40.37633114659405 12
    vertex 112.0746609478578 38.58489189085572 12
  endloop
endfacet
facet normal 0 -0 1
  outer loop
    vertex 112.9043955020833 87.54602812818311 12
    vertex 112.9043955020833 89.51143216908264 12
    vertex 112.0406500937704 89.2942327530193 12
  endloop
endfacet
facet normal -0 -0 -1
  outer loop
    vertex 113.90439550208 89.51143216908321 8
    vertex 113.904395502082 88.64158368810058 8
    vertex 113.5999136321272 90.17231741755957 8
  endloop
endfacet
facet normal 0 0 -1
  outer loop
    vertex 113.5999136321272 90.17231741755957 8
    vertex 113.3478983863364 90.85493505333798 8
    vertex 113.90439550208 89.51143216908321 8
  endloop
endfacet
facet normal -0 -0 -1
  outer loop
    vertex 113.3478983863364 90.85493505333798 8
    vertex 113.5999136321272 90.17231741755957 8
    vertex 112.7328226268296 91.47001081284478 8
  endloop
endfacet
facet normal 0.830756 0.556637 -5.8186e-13
  outer loop
    vertex 113.3478983863378 90.85493505333625 11.00000000000037
    vertex 113.7578935617532 90.24303626607019 10.2500000000009
    vertex 113.3478983863365 90.85493505333655 9.500000000000187
  endloop
endfacet
facet normal 0.980785 0.19509 -7.69579e-13
  outer loop
    vertex 113.90439550208 89.51143216908321 8
    vertex 113.7597666138525 90.23853069057576 8.764077120419056
    vertex 113.9043955020812 89.51143216908291 9.500000000000423
  endloop
endfacet
facet normal 0.83147 0.55557 4.76464e-13
  outer loop
    vertex 113.3478983863365 90.85493505333655 9.500000000000187
    vertex 113.7597666138525 90.23853069057576 8.764077120419056
    vertex 113.3478983863364 90.85493505333798 8
  endloop
endfacet
facet normal 0.980534 0.19635 -7.7841e-13
  outer loop
    vertex 113.9043955020812 89.51143216908291 9.500000000000423
    vertex 113.7578935617532 90.24303626607019 10.2500000000009
    vertex 113.9043955020825 89.51143216908261 11.00000000000085
  endloop
endfacet
facet normal 0.831117 0.556097 -0.000638534
  outer loop
    vertex 113.7578935617532 90.24303626607019 10.2500000000009
    vertex 113.7597666138525 90.23853069057576 8.764077120419056
    vertex 113.3478983863365 90.85493505333655 9.500000000000187
  endloop
endfacet
facet normal 0.98066 0.195716 0.000642708
  outer loop
    vertex 113.9043955020812 89.51143216908291 9.500000000000423
    vertex 113.7597666138525 90.23853069057576 8.764077120419056
    vertex 113.7578935617532 90.24303626607019 10.2500000000009
  endloop
endfacet
facet normal 0.907761 0.376007 -0.185983
  outer loop
    vertex 113.3478983863364 90.85493505333798 8
    vertex 113.7597666138525 90.23853069057576 8.764077120419056
    vertex 113.90439550208 89.51143216908321 8
  endloop
endfacet
facet normal 0.907168 0.375761 0.189342
  outer loop
    vertex 113.9043955020825 89.51143216908261 11.00000000000085
    vertex 113.7578935617532 90.24303626607019 10.2500000000009
    vertex 113.3478983863378 90.85493505333625 11.00000000000037
  endloop
endfacet
facet normal 0.830756 -0.556637 -5.26527e-13
  outer loop
    vertex 113.3478983863308 37.06742422143584 9.500000000000057
    vertex 113.757893561751 37.6793230087043 10.25000000000096
    vertex 113.347898386332 37.06742422143627 11.00000000000011
  endloop
endfacet
facet normal 0.980785 -0.19509 -3.83948e-14
  outer loop
    vertex 113.9043955020801 38.41092710569406 9.500000000000423
    vertex 113.7597666138502 37.68382858419827 8.764077120419337
    vertex 113.90439550208 38.41092710569364 8
  endloop
endfacet
facet normal 0.83147 -0.55557 9.23319e-13
  outer loop
    vertex 113.3478983863311 37.06742422143384 8
    vertex 113.7597666138502 37.68382858419827 8.764077120419337
    vertex 113.3478983863308 37.06742422143584 9.500000000000057
  endloop
endfacet
facet normal 0.980534 -0.19635 -7.62599e-13
  outer loop
    vertex 113.9043955020814 38.41092710569448 11.00000000000085
    vertex 113.757893561751 37.6793230087043 10.25000000000096
    vertex 113.9043955020801 38.41092710569406 9.500000000000423
  endloop
endfacet
facet normal 0.831117 -0.556097 -0.000638534
  outer loop
    vertex 113.3478983863308 37.06742422143584 9.500000000000057
    vertex 113.7597666138502 37.68382858419827 8.764077120419337
    vertex 113.757893561751 37.6793230087043 10.25000000000096
  endloop
endfacet
facet normal 0.98066 -0.195716 0.000642708
  outer loop
    vertex 113.757893561751 37.6793230087043 10.25000000000096
    vertex 113.7597666138502 37.68382858419827 8.764077120419337
    vertex 113.9043955020801 38.41092710569406 9.500000000000423
  endloop
endfacet
facet normal 0.907761 -0.376007 -0.185983
  outer loop
    vertex 113.90439550208 38.41092710569364 8
    vertex 113.7597666138502 37.68382858419827 8.764077120419337
    vertex 113.3478983863311 37.06742422143384 8
  endloop
endfacet
facet normal 0.907168 -0.375761 0.189342
  outer loop
    vertex 113.347898386332 37.06742422143627 11.00000000000011
    vertex 113.757893561751 37.6793230087043 10.25000000000096
    vertex 113.9043955020814 38.41092710569448 11.00000000000085
  endloop
endfacet
facet normal 0.5 0.5 0.707107
  outer loop
    vertex 112.7400624060819 90.95907429556281 11.35616737912284
    vertex 112.3915209879035 90.7338872528406 11.76185466438543
    vertex 112.6407916051511 90.14782827215046 12
  endloop
endfacet
facet normal 0.5 0.5 0.707107
  outer loop
    vertex 112.6359231638561 91.5669102758188 11.00000000000047
    vertex 112.7400624060819 90.95907429556281 11.35616737912284
    vertex 113.3478983863378 90.85493505333625 11.00000000000037
  endloop
endfacet
facet normal 0.5 0.5 0.707107
  outer loop
    vertex 111.9288163826694 90.85980349463314 12
    vertex 112.1722029509342 91.1356037889182 11.63287944878798
    vertex 111.672465552938 91.29677514370954 11.87228179381795
  endloop
endfacet
facet normal 0.5 0.5 0.707107
  outer loop
    vertex 112.7400624060819 90.95907429556281 11.35616737912284
    vertex 112.3257500659012 91.42050460294907 11.32284994499644
    vertex 112.1722029509342 91.1356037889182 11.63287944878798
  endloop
endfacet
facet normal 0.5 0.5 0.707107
  outer loop
    vertex 111.6469532090207 91.73601212815258 11.57973429495846
    vertex 111.9867080446062 91.4834972880802 11.51804630254018
    vertex 112.1161684442368 91.82859077667159 11.18248603014006
  endloop
endfacet
facet normal 0.5 0.5 0.707107
  outer loop
    vertex 112.6359231638561 91.5669102758188 11.00000000000047
    vertex 112.3257500659012 91.42050460294907 11.32284994499644
    vertex 112.7400624060819 90.95907429556281 11.35616737912284
  endloop
endfacet
facet normal 0.5 0.5 0.707107
  outer loop
    vertex 111.672465552938 91.29677514370954 11.87228179381795
    vertex 111.9867080446062 91.4834972880802 11.51804630254018
    vertex 111.6469532090207 91.73601212815258 11.57973429495846
  endloop
endfacet
facet normal 0.5 0.5 0.707107
  outer loop
    vertex 112.1722029509342 91.1356037889182 11.63287944878798
    vertex 111.9867080446062 91.4834972880802 11.51804630254018
    vertex 111.672465552938 91.29677514370954 11.87228179381795
  endloop
endfacet
facet normal 0.5 0.5 0.707107
  outer loop
    vertex 112.1722029509342 91.1356037889182 11.63287944878798
    vertex 112.3915209879035 90.7338872528406 11.76185466438543
    vertex 112.7400624060819 90.95907429556281 11.35616737912284
  endloop
endfacet
facet normal 0.5 0.5 0.707107
  outer loop
    vertex 112.1161684442368 91.82859077667159 11.18248603014006
    vertex 112.3257500659012 91.42050460294907 11.32284994499644
    vertex 112.6359231638561 91.5669102758188 11.00000000000047
  endloop
endfacet
facet normal 0.5 0.5 0.707107
  outer loop
    vertex 111.9288163826694 90.85980349463314 12
    vertex 112.3915209879035 90.7338872528406 11.76185466438543
    vertex 112.1722029509342 91.1356037889182 11.63287944878798
  endloop
endfacet
facet normal 0.5 0.5 0.707107
  outer loop
    vertex 112.1161684442368 91.82859077667159 11.18248603014006
    vertex 111.9867080446062 91.4834972880802 11.51804630254018
    vertex 112.3257500659012 91.42050460294907 11.32284994499644
  endloop
endfacet
facet normal 0.5 0.5 0.707107
  outer loop
    vertex 112.3257500659012 91.42050460294907 11.32284994499644
    vertex 111.9867080446062 91.4834972880802 11.51804630254018
    vertex 112.1722029509342 91.1356037889182 11.63287944878798
  endloop
endfacet
facet normal 0.5 0.5 0.707107
  outer loop
    vertex 113.3478983863378 90.85493505333625 11.00000000000037
    vertex 112.7400624060819 90.95907429556281 11.35616737912284
    vertex 112.6407916051511 90.14782827215046 12
  endloop
endfacet
facet normal 0.5 0.5 0.707107
  outer loop
    vertex 112.6407916051511 90.14782827215046 12
    vertex 112.3915209879035 90.7338872528406 11.76185466438543
    vertex 111.9288163826694 90.85980349463314 12
  endloop
endfacet
facet normal 0.593613 0.39664 0.700215
  outer loop
    vertex 112.6407916051511 90.14782827215046 12
    vertex 113.3485315633279 90.06819155532472 11.44511761117661
    vertex 113.3478983863378 90.85493505333625 11.00000000000037
  endloop
endfacet
facet normal 0.700215 0.139281 0.700215
  outer loop
    vertex 113.9043955020825 89.51143216908261 11.00000000000085
    vertex 113.3485315633279 90.06819155532472 11.44511761117661
    vertex 112.9043955020833 89.51143216908264 12
  endloop
endfacet
facet normal 0.765729 0.317175 0.559517
  outer loop
    vertex 113.3478983863378 90.85493505333625 11.00000000000037
    vertex 113.3485315633279 90.06819155532472 11.44511761117661
    vertex 113.9043955020825 89.51143216908261 11.00000000000085
  endloop
endfacet
facet normal 0.61426 0.254435 0.746959
  outer loop
    vertex 112.9043955020833 89.51143216908264 12
    vertex 113.3485315633279 90.06819155532472 11.44511761117661
    vertex 112.6407916051511 90.14782827215046 12
  endloop
endfacet
facet normal 0.707107 -8.94729e-15 0.707107
  outer loop
    vertex 112.9043955020829 69.85739176008728 12
    vertex 113.4043955020825 68.87468973963743 11.50000000000042
    vertex 113.9043955020821 69.85739176008713 11.00000000000085
  endloop
endfacet
facet normal 0.707107 -1.406e-14 0.707107
  outer loop
    vertex 112.9043955020827 61.99577559648908 12
    vertex 113.4043955020823 61.01307357603923 11.50000000000042
    vertex 113.9043955020819 61.99577559648893 11.00000000000085
  endloop
endfacet
facet normal 0.707107 -8.94729e-15 0.707107
  outer loop
    vertex 112.904395502083 73.78819984188637 12
    vertex 113.4043955020826 72.80549782143652 11.50000000000042
    vertex 113.9043955020822 73.78819984188623 11.00000000000085
  endloop
endfacet
facet normal 0.707107 -1.15037e-14 0.707107
  outer loop
    vertex 113.9043955020818 58.06496751468984 11.00000000000085
    vertex 113.4043955020823 59.04766953513969 11.50000000000042
    vertex 112.9043955020827 58.06496751468999 12
  endloop
endfacet
facet normal 0.707107 -8.94729e-15 0.707107
  outer loop
    vertex 112.9043955020829 71.82279580098682 12
    vertex 113.4043955020825 70.84009378053698 11.50000000000042
    vertex 113.9043955020821 71.82279580098668 11.00000000000085
  endloop
endfacet
facet normal 0.707107 -1.15037e-14 0.707107
  outer loop
    vertex 113.9043955020817 54.13415943289075 11.00000000000085
    vertex 113.4043955020822 55.1168614533406 11.50000000000042
    vertex 112.9043955020826 54.13415943289089 12
  endloop
endfacet
facet normal 0.707107 -1.15037e-14 0.707107
  outer loop
    vertex 113.9043955020817 52.16875539199123 11.00000000000085
    vertex 113.4043955020821 53.15145741244105 11.50000000000042
    vertex 112.9043955020825 52.16875539199134 12
  endloop
endfacet
facet normal 0.707107 -8.94729e-15 0.707107
  outer loop
    vertex 112.904395502083 75.7536038827859 12
    vertex 113.4043955020826 74.77090186233606 11.50000000000042
    vertex 113.9043955020822 75.75360388278577 11.00000000000085
  endloop
endfacet
facet normal 0.707107 -1.66164e-14 0.707107
  outer loop
    vertex 113.9043955020818 56.0995634737903 11.00000000000085
    vertex 113.4043955020822 57.08226549424019 11.50000000000045
    vertex 112.9043955020826 56.09956347379044 12
  endloop
endfacet
facet normal 0.707107 -1.66164e-14 0.707107
  outer loop
    vertex 113.904395502082 65.92658367828803 11.00000000000085
    vertex 113.4043955020824 66.90928569873788 11.50000000000042
    vertex 112.9043955020828 65.92658367828818 12
  endloop
endfacet
facet normal 0.707107 -1.406e-14 0.707107
  outer loop
    vertex 112.9043955020828 65.92658367828818 12
    vertex 113.4043955020824 64.94388165783833 11.50000000000042
    vertex 113.904395502082 65.92658367828803 11.00000000000085
  endloop
endfacet
facet normal 0.707107 -1.406e-14 0.707107
  outer loop
    vertex 112.9043955020828 63.96117963738863 12
    vertex 113.4043955020823 62.97847761693878 11.50000000000042
    vertex 113.9043955020819 63.96117963738848 11.00000000000085
  endloop
endfacet
facet normal 0.707107 -1.15037e-14 0.707107
  outer loop
    vertex 113.9043955020816 46.27254326929262 11.00000000000085
    vertex 113.404395502082 47.25524528974243 11.50000000000042
    vertex 112.9043955020824 46.2725432692927 12
  endloop
endfacet
facet normal 0.707107 -2.17291e-14 0.707107
  outer loop
    vertex 113.9043955020814 38.41092710569448 11.00000000000085
    vertex 113.4043955020818 39.39362912614427 11.50000000000042
    vertex 112.9043955020822 38.4109271056945 12
  endloop
endfacet
facet normal 0.707107 -1.15037e-14 0.707107
  outer loop
    vertex 113.9043955020816 48.23794731019215 11.00000000000085
    vertex 113.404395502082 49.22064933064198 11.50000000000042
    vertex 112.9043955020824 48.23794731019225 12
  endloop
endfacet
facet normal 0.707107 -2.17291e-14 0.707107
  outer loop
    vertex 113.9043955020822 75.75360388278577 11.00000000000085
    vertex 113.4043955020826 76.7363059032356 11.50000000000042
    vertex 112.904395502083 75.7536038827859 12
  endloop
endfacet
facet normal 0.707107 -1.91728e-14 0.707107
  outer loop
    vertex 113.9043955020822 77.71900792368533 11.00000000000085
    vertex 113.4043955020827 78.70170994413516 11.50000000000044
    vertex 112.9043955020831 77.71900792368544 12
  endloop
endfacet
facet normal 0.707107 -1.91728e-14 0.707107
  outer loop
    vertex 112.9043955020833 89.51143216908264 12
    vertex 113.4043955020829 88.52873014863286 11.50000000000042
    vertex 113.9043955020825 89.51143216908261 11.00000000000085
  endloop
endfacet
facet normal 0.707107 -1.53382e-14 0.707107
  outer loop
    vertex 112.9043955020832 83.61522004638404 12
    vertex 113.4043955020828 82.63251802593422 11.50000000000042
    vertex 113.9043955020824 83.61522004638397 11.00000000000085
  endloop
endfacet
facet normal 0.707107 -1.53382e-14 0.707107
  outer loop
    vertex 112.9043955020825 52.16875539199134 12
    vertex 113.4043955020821 51.1860533715415 11.50000000000042
    vertex 113.9043955020817 52.16875539199123 11.00000000000085
  endloop
endfacet
facet normal 0.707107 -2.30073e-14 0.707107
  outer loop
    vertex 113.9043955020823 79.68441196458487 11.00000000000085
    vertex 113.4043955020827 80.6671139850347 11.50000000000044
    vertex 112.9043955020831 79.68441196458497 12
  endloop
endfacet
facet normal 0.707107 -1.15037e-14 0.707107
  outer loop
    vertex 113.9043955020824 85.58062408728351 11.00000000000085
    vertex 113.4043955020828 86.56332610773332 11.50000000000042
    vertex 112.9043955020832 85.58062408728357 12
  endloop
endfacet
facet normal 0.707107 -2.04509e-14 0.707107
  outer loop
    vertex 113.9043955020824 83.61522004638397 11.00000000000085
    vertex 113.4043955020828 84.59792206683379 11.50000000000044
    vertex 112.9043955020832 83.61522004638404 12
  endloop
endfacet
facet normal 0.707107 -2.17291e-14 0.707107
  outer loop
    vertex 113.9043955020815 44.30713922839308 11.00000000000085
    vertex 113.404395502082 45.28984124884289 11.50000000000042
    vertex 112.9043955020824 44.30713922839315 12
  endloop
endfacet
facet normal 0.707107 -2.17291e-14 0.707107
  outer loop
    vertex 113.9043955020815 42.34173518749355 11.00000000000085
    vertex 113.4043955020819 43.32443720794335 11.50000000000042
    vertex 112.9043955020823 42.3417351874936 12
  endloop
endfacet
facet normal 0.707107 -8.94729e-15 0.707107
  outer loop
    vertex 112.9043955020824 46.2725432692927 12
    vertex 113.404395502082 45.28984124884289 11.50000000000042
    vertex 113.9043955020816 46.27254326929262 11.00000000000085
  endloop
endfacet
facet normal 0.707107 -8.94729e-15 0.707107
  outer loop
    vertex 112.9043955020823 42.3417351874936 12
    vertex 113.4043955020819 41.35903316704381 11.50000000000042
    vertex 113.9043955020815 42.34173518749355 11.00000000000085
  endloop
endfacet
facet normal 0.707107 -8.94729e-15 0.707107
  outer loop
    vertex 112.9043955020823 40.37633114659405 12
    vertex 113.4043955020818 39.39362912614427 11.50000000000042
    vertex 113.9043955020814 40.37633114659401 11.00000000000085
  endloop
endfacet
facet normal 0.707107 -1.53382e-14 0.707107
  outer loop
    vertex 113.9043955020817 50.20335135109168 11.00000000000085
    vertex 113.4043955020821 51.1860533715415 11.50000000000042
    vertex 112.9043955020825 50.2033513510918 12
  endloop
endfacet
facet normal 0.707107 -2.17291e-14 0.707107
  outer loop
    vertex 113.9043955020814 40.37633114659401 11.00000000000085
    vertex 113.4043955020819 41.35903316704381 11.50000000000042
    vertex 112.9043955020823 40.37633114659405 12
  endloop
endfacet
facet normal 0.707107 -1.15037e-14 0.707107
  outer loop
    vertex 113.9043955020825 87.54602812818305 11.00000000000085
    vertex 113.4043955020829 88.52873014863286 11.50000000000042
    vertex 112.9043955020833 87.54602812818311 12
  endloop
endfacet
facet normal 0.707107 -8.94729e-15 0.707107
  outer loop
    vertex 112.9043955020824 44.30713922839315 12
    vertex 113.4043955020819 43.32443720794335 11.50000000000042
    vertex 113.9043955020815 44.30713922839308 11.00000000000085
  endloop
endfacet
facet normal 0.707107 -1.406e-14 0.707107
  outer loop
    vertex 112.9043955020827 58.06496751468999 12
    vertex 113.4043955020822 57.08226549424019 11.50000000000045
    vertex 113.9043955020818 58.06496751468984 11.00000000000085
  endloop
endfacet
facet normal 0.707107 -1.53382e-14 0.707107
  outer loop
    vertex 113.9043955020823 81.64981600548441 11.00000000000085
    vertex 113.4043955020828 82.63251802593422 11.50000000000042
    vertex 112.9043955020831 81.6498160054845 12
  endloop
endfacet
facet normal 0.707107 -1.15037e-14 0.707107
  outer loop
    vertex 112.9043955020831 79.68441196458497 12
    vertex 113.4043955020827 78.70170994413516 11.50000000000044
    vertex 113.9043955020823 79.68441196458487 11.00000000000085
  endloop
endfacet
facet normal 0.707107 -1.02255e-14 0.707107
  outer loop
    vertex 112.9043955020832 85.58062408728357 12
    vertex 113.4043955020828 84.59792206683379 11.50000000000044
    vertex 113.9043955020824 85.58062408728351 11.00000000000085
  endloop
endfacet
facet normal 0.707107 -8.94729e-15 0.707107
  outer loop
    vertex 112.9043955020831 77.71900792368544 12
    vertex 113.4043955020826 76.7363059032356 11.50000000000042
    vertex 113.9043955020822 77.71900792368533 11.00000000000085
  endloop
endfacet
facet normal 0.707107 -1.91728e-14 0.707107
  outer loop
    vertex 112.9043955020826 56.09956347379044 12
    vertex 113.4043955020822 55.1168614533406 11.50000000000042
    vertex 113.9043955020818 56.0995634737903 11.00000000000085
  endloop
endfacet
facet normal 0.707107 -1.91728e-14 0.707107
  outer loop
    vertex 112.9043955020833 87.54602812818311 12
    vertex 113.4043955020828 86.56332610773332 11.50000000000042
    vertex 113.9043955020825 87.54602812818305 11.00000000000085
  endloop
endfacet
facet normal 0.707107 -2.17291e-14 0.707107
  outer loop
    vertex 113.9043955020822 73.78819984188623 11.00000000000085
    vertex 113.4043955020826 74.77090186233606 11.50000000000042
    vertex 112.904395502083 73.78819984188637 12
  endloop
endfacet
facet normal 0.707107 -7.6691e-15 0.707107
  outer loop
    vertex 112.9043955020831 81.6498160054845 12
    vertex 113.4043955020827 80.6671139850347 11.50000000000044
    vertex 113.9043955020823 81.64981600548441 11.00000000000085
  endloop
endfacet
facet normal 0.707107 -1.66164e-14 0.707107
  outer loop
    vertex 113.9043955020819 63.96117963738848 11.00000000000085
    vertex 113.4043955020824 64.94388165783833 11.50000000000042
    vertex 112.9043955020828 63.96117963738863 12
  endloop
endfacet
facet normal 0.707107 -2.17291e-14 0.707107
  outer loop
    vertex 113.9043955020821 71.82279580098668 11.00000000000085
    vertex 113.4043955020826 72.80549782143652 11.50000000000042
    vertex 112.9043955020829 71.82279580098682 12
  endloop
endfacet
facet normal 0.707107 -1.91728e-14 0.707107
  outer loop
    vertex 112.9043955020825 50.2033513510918 12
    vertex 113.404395502082 49.22064933064198 11.50000000000042
    vertex 113.9043955020817 50.20335135109168 11.00000000000085
  endloop
endfacet
facet normal 0.707107 -1.66164e-14 0.707107
  outer loop
    vertex 113.9043955020819 61.99577559648893 11.00000000000085
    vertex 113.4043955020823 62.97847761693878 11.50000000000042
    vertex 112.9043955020827 61.99577559648908 12
  endloop
endfacet
facet normal 0.707107 -1.91728e-14 0.707107
  outer loop
    vertex 112.9043955020826 54.13415943289089 12
    vertex 113.4043955020821 53.15145741244105 11.50000000000042
    vertex 113.9043955020817 54.13415943289075 11.00000000000085
  endloop
endfacet
facet normal 0.707107 -1.406e-14 0.707107
  outer loop
    vertex 112.9043955020827 60.03037155558954 12
    vertex 113.4043955020823 59.04766953513969 11.50000000000042
    vertex 113.9043955020819 60.03037155558938 11.00000000000085
  endloop
endfacet
facet normal 0.707107 -1.406e-14 0.707107
  outer loop
    vertex 112.9043955020829 67.89198771918772 12
    vertex 113.4043955020824 66.90928569873788 11.50000000000042
    vertex 113.904395502082 67.89198771918758 11.00000000000085
  endloop
endfacet
facet normal 0.707107 -2.17291e-14 0.707107
  outer loop
    vertex 113.9043955020821 69.85739176008713 11.00000000000085
    vertex 113.4043955020825 70.84009378053698 11.50000000000042
    vertex 112.9043955020829 69.85739176008728 12
  endloop
endfacet
facet normal 0.707107 -1.66164e-14 0.707107
  outer loop
    vertex 113.904395502082 67.89198771918758 11.00000000000085
    vertex 113.4043955020825 68.87468973963743 11.50000000000042
    vertex 112.9043955020829 67.89198771918772 12
  endloop
endfacet
facet normal 0.707107 -1.66164e-14 0.707107
  outer loop
    vertex 113.9043955020819 60.03037155558938 11.00000000000085
    vertex 113.4043955020823 61.01307357603923 11.50000000000042
    vertex 112.9043955020827 60.03037155558954 12
  endloop
endfacet
facet normal 0.707107 -1.91728e-14 0.707107
  outer loop
    vertex 112.9043955020824 48.23794731019225 12
    vertex 113.404395502082 47.25524528974243 11.50000000000042
    vertex 113.9043955020816 48.23794731019215 11.00000000000085
  endloop
endfacet
facet normal 0.707107 -1.53382e-14 0.707107
  outer loop
    vertex 113.9043955020825 89.51143216908261 11.00000000000085
    vertex 113.4043955020829 88.52873014863286 11.50000000000042
    vertex 113.9043955020825 87.54602812818305 11.00000000000085
  endloop
endfacet
facet normal 0.707107 -1.53382e-14 0.707107
  outer loop
    vertex 113.9043955020814 40.37633114659401 11.00000000000085
    vertex 113.4043955020818 39.39362912614427 11.50000000000042
    vertex 113.9043955020814 38.41092710569448 11.00000000000085
  endloop
endfacet
facet normal 0.707107 -1.53382e-14 0.707107
  outer loop
    vertex 112.9043955020822 38.4109271056945 12
    vertex 113.4043955020818 39.39362912614427 11.50000000000042
    vertex 112.9043955020823 40.37633114659405 12
  endloop
endfacet
facet normal 0.707107 -1.53382e-14 0.707107
  outer loop
    vertex 112.9043955020833 87.54602812818311 12
    vertex 113.4043955020829 88.52873014863286 11.50000000000042
    vertex 112.9043955020833 89.51143216908264 12
  endloop
endfacet
facet normal 0.707107 -1.53382e-14 0.707107
  outer loop
    vertex 113.9043955020825 87.54602812818305 11.00000000000085
    vertex 113.4043955020828 86.56332610773332 11.50000000000042
    vertex 113.9043955020824 85.58062408728351 11.00000000000085
  endloop
endfacet
facet normal 0.707107 -1.53382e-14 0.707107
  outer loop
    vertex 113.9043955020824 85.58062408728351 11.00000000000085
    vertex 113.4043955020828 84.59792206683379 11.50000000000044
    vertex 113.9043955020824 83.61522004638397 11.00000000000085
  endloop
endfacet
facet normal 0.707107 -1.53382e-14 0.707107
  outer loop
    vertex 113.9043955020824 83.61522004638397 11.00000000000085
    vertex 113.4043955020828 82.63251802593422 11.50000000000042
    vertex 113.9043955020823 81.64981600548441 11.00000000000085
  endloop
endfacet
facet normal 0.707107 -1.53382e-14 0.707107
  outer loop
    vertex 113.9043955020823 81.64981600548441 11.00000000000085
    vertex 113.4043955020827 80.6671139850347 11.50000000000044
    vertex 113.9043955020823 79.68441196458487 11.00000000000085
  endloop
endfacet
facet normal 0.707107 -1.53382e-14 0.707107
  outer loop
    vertex 113.9043955020823 79.68441196458487 11.00000000000085
    vertex 113.4043955020827 78.70170994413516 11.50000000000044
    vertex 113.9043955020822 77.71900792368533 11.00000000000085
  endloop
endfacet
facet normal 0.707107 -1.53382e-14 0.707107
  outer loop
    vertex 113.9043955020822 77.71900792368533 11.00000000000085
    vertex 113.4043955020826 76.7363059032356 11.50000000000042
    vertex 113.9043955020822 75.75360388278577 11.00000000000085
  endloop
endfacet
facet normal 0.707107 -1.53382e-14 0.707107
  outer loop
    vertex 113.9043955020822 75.75360388278577 11.00000000000085
    vertex 113.4043955020826 74.77090186233606 11.50000000000042
    vertex 113.9043955020822 73.78819984188623 11.00000000000085
  endloop
endfacet
facet normal 0.707107 -1.53382e-14 0.707107
  outer loop
    vertex 113.9043955020822 73.78819984188623 11.00000000000085
    vertex 113.4043955020826 72.80549782143652 11.50000000000042
    vertex 113.9043955020821 71.82279580098668 11.00000000000085
  endloop
endfacet
facet normal 0.707107 -1.53382e-14 0.707107
  outer loop
    vertex 113.9043955020821 71.82279580098668 11.00000000000085
    vertex 113.4043955020825 70.84009378053698 11.50000000000042
    vertex 113.9043955020821 69.85739176008713 11.00000000000085
  endloop
endfacet
facet normal 0.707107 -1.53382e-14 0.707107
  outer loop
    vertex 113.9043955020821 69.85739176008713 11.00000000000085
    vertex 113.4043955020825 68.87468973963743 11.50000000000042
    vertex 113.904395502082 67.89198771918758 11.00000000000085
  endloop
endfacet
facet normal 0.707107 -1.53382e-14 0.707107
  outer loop
    vertex 113.904395502082 67.89198771918758 11.00000000000085
    vertex 113.4043955020824 66.90928569873788 11.50000000000042
    vertex 113.904395502082 65.92658367828803 11.00000000000085
  endloop
endfacet
facet normal 0.707107 -1.53382e-14 0.707107
  outer loop
    vertex 113.904395502082 65.92658367828803 11.00000000000085
    vertex 113.4043955020824 64.94388165783833 11.50000000000042
    vertex 113.9043955020819 63.96117963738848 11.00000000000085
  endloop
endfacet
facet normal 0.707107 -1.53382e-14 0.707107
  outer loop
    vertex 113.9043955020819 63.96117963738848 11.00000000000085
    vertex 113.4043955020823 62.97847761693878 11.50000000000042
    vertex 113.9043955020819 61.99577559648893 11.00000000000085
  endloop
endfacet
facet normal 0.707107 -1.53382e-14 0.707107
  outer loop
    vertex 113.9043955020819 61.99577559648893 11.00000000000085
    vertex 113.4043955020823 61.01307357603923 11.50000000000042
    vertex 113.9043955020819 60.03037155558938 11.00000000000085
  endloop
endfacet
facet normal 0.707107 -1.02255e-14 0.707107
  outer loop
    vertex 113.9043955020819 60.03037155558938 11.00000000000085
    vertex 113.4043955020823 59.04766953513969 11.50000000000042
    vertex 113.9043955020818 58.06496751468984 11.00000000000085
  endloop
endfacet
facet normal 0.707107 -1.53382e-14 0.707107
  outer loop
    vertex 113.9043955020818 58.06496751468984 11.00000000000085
    vertex 113.4043955020822 57.08226549424019 11.50000000000045
    vertex 113.9043955020818 56.0995634737903 11.00000000000085
  endloop
endfacet
facet normal 0.707107 -1.53382e-14 0.707107
  outer loop
    vertex 113.9043955020818 56.0995634737903 11.00000000000085
    vertex 113.4043955020822 55.1168614533406 11.50000000000042
    vertex 113.9043955020817 54.13415943289075 11.00000000000085
  endloop
endfacet
facet normal 0.707107 -1.53382e-14 0.707107
  outer loop
    vertex 113.9043955020817 54.13415943289075 11.00000000000085
    vertex 113.4043955020821 53.15145741244105 11.50000000000042
    vertex 113.9043955020817 52.16875539199123 11.00000000000085
  endloop
endfacet
facet normal 0.707107 -1.53382e-14 0.707107
  outer loop
    vertex 113.9043955020817 52.16875539199123 11.00000000000085
    vertex 113.4043955020821 51.1860533715415 11.50000000000042
    vertex 113.9043955020817 50.20335135109168 11.00000000000085
  endloop
endfacet
facet normal 0.707107 -1.53382e-14 0.707107
  outer loop
    vertex 113.9043955020817 50.20335135109168 11.00000000000085
    vertex 113.404395502082 49.22064933064198 11.50000000000042
    vertex 113.9043955020816 48.23794731019215 11.00000000000085
  endloop
endfacet
facet normal 0.707107 -1.53382e-14 0.707107
  outer loop
    vertex 113.9043955020816 48.23794731019215 11.00000000000085
    vertex 113.404395502082 47.25524528974243 11.50000000000042
    vertex 113.9043955020816 46.27254326929262 11.00000000000085
  endloop
endfacet
facet normal 0.707107 -1.53382e-14 0.707107
  outer loop
    vertex 113.9043955020816 46.27254326929262 11.00000000000085
    vertex 113.404395502082 45.28984124884289 11.50000000000042
    vertex 113.9043955020815 44.30713922839308 11.00000000000085
  endloop
endfacet
facet normal 0.707107 -1.53382e-14 0.707107
  outer loop
    vertex 113.9043955020815 44.30713922839308 11.00000000000085
    vertex 113.4043955020819 43.32443720794335 11.50000000000042
    vertex 113.9043955020815 42.34173518749355 11.00000000000085
  endloop
endfacet
facet normal 0.707107 -1.53382e-14 0.707107
  outer loop
    vertex 113.9043955020815 42.34173518749355 11.00000000000085
    vertex 113.4043955020819 41.35903316704381 11.50000000000042
    vertex 113.9043955020814 40.37633114659401 11.00000000000085
  endloop
endfacet
facet normal 0.707107 -1.53382e-14 0.707107
  outer loop
    vertex 112.9043955020823 40.37633114659405 12
    vertex 113.4043955020819 41.35903316704381 11.50000000000042
    vertex 112.9043955020823 42.3417351874936 12
  endloop
endfacet
facet normal 0.707107 -1.53382e-14 0.707107
  outer loop
    vertex 112.9043955020823 42.3417351874936 12
    vertex 113.4043955020819 43.32443720794335 11.50000000000042
    vertex 112.9043955020824 44.30713922839315 12
  endloop
endfacet
facet normal 0.707107 -1.53382e-14 0.707107
  outer loop
    vertex 112.9043955020824 44.30713922839315 12
    vertex 113.404395502082 45.28984124884289 11.50000000000042
    vertex 112.9043955020824 46.2725432692927 12
  endloop
endfacet
facet normal 0.707107 -1.53382e-14 0.707107
  outer loop
    vertex 112.9043955020824 46.2725432692927 12
    vertex 113.404395502082 47.25524528974243 11.50000000000042
    vertex 112.9043955020824 48.23794731019225 12
  endloop
endfacet
facet normal 0.707107 -1.53382e-14 0.707107
  outer loop
    vertex 112.9043955020824 48.23794731019225 12
    vertex 113.404395502082 49.22064933064198 11.50000000000042
    vertex 112.9043955020825 50.2033513510918 12
  endloop
endfacet
facet normal 0.707107 -1.53382e-14 0.707107
  outer loop
    vertex 112.9043955020825 50.2033513510918 12
    vertex 113.4043955020821 51.1860533715415 11.50000000000042
    vertex 112.9043955020825 52.16875539199134 12
  endloop
endfacet
facet normal 0.707107 -1.53382e-14 0.707107
  outer loop
    vertex 112.9043955020825 52.16875539199134 12
    vertex 113.4043955020821 53.15145741244105 11.50000000000042
    vertex 112.9043955020826 54.13415943289089 12
  endloop
endfacet
facet normal 0.707107 -1.53382e-14 0.707107
  outer loop
    vertex 112.9043955020826 54.13415943289089 12
    vertex 113.4043955020822 55.1168614533406 11.50000000000042
    vertex 112.9043955020826 56.09956347379044 12
  endloop
endfacet
facet normal 0.707107 -1.53382e-14 0.707107
  outer loop
    vertex 112.9043955020826 56.09956347379044 12
    vertex 113.4043955020822 57.08226549424019 11.50000000000045
    vertex 112.9043955020827 58.06496751468999 12
  endloop
endfacet
facet normal 0.707107 -1.53382e-14 0.707107
  outer loop
    vertex 112.9043955020827 58.06496751468999 12
    vertex 113.4043955020823 59.04766953513969 11.50000000000042
    vertex 112.9043955020827 60.03037155558954 12
  endloop
endfacet
facet normal 0.707107 -1.53382e-14 0.707107
  outer loop
    vertex 112.9043955020827 60.03037155558954 12
    vertex 113.4043955020823 61.01307357603923 11.50000000000042
    vertex 112.9043955020827 61.99577559648908 12
  endloop
endfacet
facet normal 0.707107 -1.53382e-14 0.707107
  outer loop
    vertex 112.9043955020827 61.99577559648908 12
    vertex 113.4043955020823 62.97847761693878 11.50000000000042
    vertex 112.9043955020828 63.96117963738863 12
  endloop
endfacet
facet normal 0.707107 -1.53382e-14 0.707107
  outer loop
    vertex 112.9043955020828 63.96117963738863 12
    vertex 113.4043955020824 64.94388165783833 11.50000000000042
    vertex 112.9043955020828 65.92658367828818 12
  endloop
endfacet
facet normal 0.707107 -1.53382e-14 0.707107
  outer loop
    vertex 112.9043955020828 65.92658367828818 12
    vertex 113.4043955020824 66.90928569873788 11.50000000000042
    vertex 112.9043955020829 67.89198771918772 12
  endloop
endfacet
facet normal 0.707107 -1.02255e-14 0.707107
  outer loop
    vertex 112.9043955020829 67.89198771918772 12
    vertex 113.4043955020825 68.87468973963743 11.50000000000042
    vertex 112.9043955020829 69.85739176008728 12
  endloop
endfacet
facet normal 0.707107 -1.53382e-14 0.707107
  outer loop
    vertex 112.9043955020829 69.85739176008728 12
    vertex 113.4043955020825 70.84009378053698 11.50000000000042
    vertex 112.9043955020829 71.82279580098682 12
  endloop
endfacet
facet normal 0.707107 -1.53382e-14 0.707107
  outer loop
    vertex 112.9043955020829 71.82279580098682 12
    vertex 113.4043955020826 72.80549782143652 11.50000000000042
    vertex 112.904395502083 73.78819984188637 12
  endloop
endfacet
facet normal 0.707107 -1.53382e-14 0.707107
  outer loop
    vertex 112.904395502083 73.78819984188637 12
    vertex 113.4043955020826 74.77090186233606 11.50000000000042
    vertex 112.904395502083 75.7536038827859 12
  endloop
endfacet
facet normal 0.707107 -1.53382e-14 0.707107
  outer loop
    vertex 112.904395502083 75.7536038827859 12
    vertex 113.4043955020826 76.7363059032356 11.50000000000042
    vertex 112.9043955020831 77.71900792368544 12
  endloop
endfacet
facet normal 0.707107 -1.53382e-14 0.707107
  outer loop
    vertex 112.9043955020831 77.71900792368544 12
    vertex 113.4043955020827 78.70170994413516 11.50000000000044
    vertex 112.9043955020831 79.68441196458497 12
  endloop
endfacet
facet normal 0.707107 -1.53382e-14 0.707107
  outer loop
    vertex 112.9043955020831 79.68441196458497 12
    vertex 113.4043955020827 80.6671139850347 11.50000000000044
    vertex 112.9043955020831 81.6498160054845 12
  endloop
endfacet
facet normal 0.707107 -1.53382e-14 0.707107
  outer loop
    vertex 112.9043955020831 81.6498160054845 12
    vertex 113.4043955020828 82.63251802593422 11.50000000000042
    vertex 112.9043955020832 83.61522004638404 12
  endloop
endfacet
facet normal 0.707107 -1.53382e-14 0.707107
  outer loop
    vertex 112.9043955020832 83.61522004638404 12
    vertex 113.4043955020828 84.59792206683379 11.50000000000044
    vertex 112.9043955020832 85.58062408728357 12
  endloop
endfacet
facet normal 0.707107 -1.53382e-14 0.707107
  outer loop
    vertex 112.9043955020832 85.58062408728357 12
    vertex 113.4043955020828 86.56332610773332 11.50000000000042
    vertex 112.9043955020833 87.54602812818311 12
  endloop
endfacet
facet normal 0.593613 -0.39664 0.700215
  outer loop
    vertex 113.347898386332 37.06742422143627 11.00000000000011
    vertex 113.3485315633259 37.85416771945017 11.4451176111762
    vertex 112.6407916051472 37.77453100262507 12
  endloop
endfacet
facet normal 0.700215 -0.139281 0.700215
  outer loop
    vertex 112.9043955020822 38.4109271056945 12
    vertex 113.3485315633259 37.85416771945017 11.4451176111762
    vertex 113.9043955020814 38.41092710569448 11.00000000000085
  endloop
endfacet
facet normal 0.765729 -0.317175 0.559517
  outer loop
    vertex 113.9043955020814 38.41092710569448 11.00000000000085
    vertex 113.3485315633259 37.85416771945017 11.4451176111762
    vertex 113.347898386332 37.06742422143627 11.00000000000011
  endloop
endfacet
facet normal 0.61426 -0.254435 0.746959
  outer loop
    vertex 112.6407916051472 37.77453100262507 12
    vertex 113.3485315633259 37.85416771945017 11.4451176111762
    vertex 112.9043955020822 38.4109271056945 12
  endloop
endfacet
facet normal 0.5 -0.5 0.707107
  outer loop
    vertex 112.6407916051472 37.77453100262507 12
    vertex 112.3961618858385 37.17924281450195 11.7520470188199
    vertex 112.7400624060798 36.9632849792146 11.35616737912191
  endloop
endfacet
facet normal 0.5 -0.5 0.707107
  outer loop
    vertex 113.347898386332 37.06742422143627 11.00000000000011
    vertex 112.7400624060798 36.9632849792146 11.35616737912191
    vertex 112.6359231638547 36.35544899896299 11.00000000000041
  endloop
endfacet
facet normal 0.5 -0.5 0.707107
  outer loop
    vertex 111.6724655529376 36.62558413107477 11.87228179381726
    vertex 112.1772193921398 36.79068243484879 11.63210906144977
    vertex 111.9288163826703 37.06255578015117 12
  endloop
endfacet
facet normal 0.5 -0.5 0.707107
  outer loop
    vertex 112.1772193921398 36.79068243484879 11.63210906144977
    vertex 112.3275413262229 36.50965418390943 11.32709842055404
    vertex 112.7400624060798 36.9632849792146 11.35616737912191
  endloop
endfacet
facet normal 0.5 -0.5 0.707107
  outer loop
    vertex 112.1161684442357 36.09376849811214 11.18248603013921
    vertex 111.9880695849113 36.44120727891535 11.51874192018332
    vertex 111.6469532090205 36.18634714663158 11.5797342949563
  endloop
endfacet
facet normal 0.5 -0.5 0.707107
  outer loop
    vertex 112.7400624060798 36.9632849792146 11.35616737912191
    vertex 112.3275413262229 36.50965418390943 11.32709842055404
    vertex 112.6359231638547 36.35544899896299 11.00000000000041
  endloop
endfacet
facet normal 0.5 -0.5 0.707107
  outer loop
    vertex 111.6469532090205 36.18634714663158 11.5797342949563
    vertex 111.9880695849113 36.44120727891535 11.51874192018332
    vertex 111.6724655529376 36.62558413107477 11.87228179381726
  endloop
endfacet
facet normal 0.5 -0.5 0.707107
  outer loop
    vertex 111.6724655529376 36.62558413107477 11.87228179381726
    vertex 111.9880695849113 36.44120727891535 11.51874192018332
    vertex 112.1772193921398 36.79068243484879 11.63210906144977
  endloop
endfacet
facet normal 0.5 -0.5 0.707107
  outer loop
    vertex 112.1772193921398 36.79068243484879 11.63210906144977
    vertex 112.3961618858385 37.17924281450195 11.7520470188199
    vertex 111.9288163826703 37.06255578015117 12
  endloop
endfacet
facet normal 0.5 -0.5 0.707107
  outer loop
    vertex 112.7400624060798 36.9632849792146 11.35616737912191
    vertex 112.3961618858385 37.17924281450195 11.7520470188199
    vertex 112.1772193921398 36.79068243484879 11.63210906144977
  endloop
endfacet
facet normal 0.5 -0.5 0.707107
  outer loop
    vertex 112.6359231638547 36.35544899896299 11.00000000000041
    vertex 112.3275413262229 36.50965418390943 11.32709842055404
    vertex 112.1161684442357 36.09376849811214 11.18248603013921
  endloop
endfacet
facet normal 0.5 -0.5 0.707107
  outer loop
    vertex 112.3275413262229 36.50965418390943 11.32709842055404
    vertex 111.9880695849113 36.44120727891535 11.51874192018332
    vertex 112.1161684442357 36.09376849811214 11.18248603013921
  endloop
endfacet
facet normal 0.5 -0.5 0.707107
  outer loop
    vertex 112.1772193921398 36.79068243484879 11.63210906144977
    vertex 111.9880695849113 36.44120727891535 11.51874192018332
    vertex 112.3275413262229 36.50965418390943 11.32709842055404
  endloop
endfacet
facet normal 0.5 -0.5 0.707107
  outer loop
    vertex 112.6407916051472 37.77453100262507 12
    vertex 112.7400624060798 36.9632849792146 11.35616737912191
    vertex 113.347898386332 37.06742422143627 11.00000000000011
  endloop
endfacet
facet normal 0.5 -0.5 0.707107
  outer loop
    vertex 111.9288163826703 37.06255578015117 12
    vertex 112.3961618858385 37.17924281450195 11.7520470188199
    vertex 112.6407916051472 37.77453100262507 12
  endloop
endfacet
facet normal -0.413902 0.895445 0.163902
  outer loop
    vertex 111.2258785399892 91.54936442600901 11.17431038766562
    vertex 111.7848289456881 91.91956021506162 10.56333968551691
    vertex 111.0272014263877 91.7480415396097 9.587155193832809
  endloop
endfacet
facet normal 0.38502 0.920471 0.0670267
  outer loop
    vertex 112.2603887844076 91.94244465526586 8
    vertex 111.62248912713 92.16217216100623 8.646781561090016
    vertex 112.4481559741319 91.75467746554231 9.500000000000236
  endloop
endfacet
facet normal -0.0480041 0.983825 0.17258
  outer loop
    vertex 112.1161684442368 91.82859077667159 11.18248603014006
    vertex 111.6577960272208 91.79532080371152 11.2446490121565
    vertex 111.6469532090207 91.73601212815258 11.57973429495846
  endloop
endfacet
facet normal -0.0483173 0.984179 0.17046
  outer loop
    vertex 111.7848289456881 91.91956021506162 10.56333968551691
    vertex 111.6577960272208 91.79532080371152 11.2446490121565
    vertex 112.1161684442368 91.82859077667159 11.18248603014006
  endloop
endfacet
facet normal -0.50166 0.862711 0.0637822
  outer loop
    vertex 111.2258785399892 91.54936442600901 11.17431038766562
    vertex 111.6577960272208 91.79532080371152 11.2446490121565
    vertex 111.7848289456881 91.91956021506162 10.56333968551691
  endloop
endfacet
facet normal 0.0211514 0.909971 0.414131
  outer loop
    vertex 112.4481559741319 91.75467746554231 9.500000000000236
    vertex 111.62248912713 92.16217216100623 8.646781561090016
    vertex 111.0272014263877 91.7480415396097 9.587155193832809
  endloop
endfacet
facet normal -0.494601 0.869118 -0.00196869
  outer loop
    vertex 111.4215235632151 91.6611777632268 11.3840142986682
    vertex 111.6577960272208 91.79532080371152 11.2446490121565
    vertex 111.2258785399892 91.54936442600901 11.17431038766562
  endloop
endfacet
facet normal -0.0145485 0.986672 -0.16207
  outer loop
    vertex 111.0272014263877 91.7480415396097 9.587155193832809
    vertex 111.7848289456881 91.91956021506162 10.56333968551691
    vertex 112.4481559741319 91.75467746554231 9.500000000000236
  endloop
endfacet
facet normal 0.386396 0.919777 0.0686192
  outer loop
    vertex 111.5446652835641 92.24311836174309 8
    vertex 111.62248912713 92.16217216100623 8.646781561090016
    vertex 112.2603887844076 91.94244465526586 8
  endloop
endfacet
facet normal -0.422616 0.894686 0.144681
  outer loop
    vertex 111.6469532090207 91.73601212815258 11.57973429495846
    vertex 111.6577960272208 91.79532080371152 11.2446490121565
    vertex 111.4215235632151 91.6611777632268 11.3840142986682
  endloop
endfacet
facet normal 0.34949 0.934078 0.0731777
  outer loop
    vertex 112.4481559741319 91.75467746554231 9.500000000000236
    vertex 111.7848289456881 91.91956021506162 10.56333968551691
    vertex 112.6359231638561 91.5669102758188 11.00000000000047
  endloop
endfacet
facet normal 0.421491 0.902048 -0.0930279
  outer loop
    vertex 112.6359231638561 91.5669102758188 11.00000000000047
    vertex 111.7848289456881 91.91956021506162 10.56333968551691
    vertex 112.1161684442368 91.82859077667159 11.18248603014006
  endloop
endfacet
facet normal -0.37884 0.911263 0.161493
  outer loop
    vertex 111.0272014263877 91.7480415396097 9.587155193832809
    vertex 111.62248912713 92.16217216100623 8.646781561090016
    vertex 110.8285243127863 91.94671865321041 8
  endloop
endfacet
facet normal -0.377523 0.912146 0.159583
  outer loop
    vertex 110.8285243127863 91.94671865321041 8
    vertex 111.62248912713 92.16217216100623 8.646781561090016
    vertex 111.5446652835641 92.24311836174309 8
  endloop
endfacet
facet normal -0.964586 0.189093 0.183893
  outer loop
    vertex 107.0788874797477 87.32082689417285 9.586824088833467
    vertex 107.0163227921917 87.74931280124919 8.818048832336085
    vertex 106.7990875792482 87.43672380771038 8
  endloop
endfacet
facet normal -0.821026 0.540347 0.184234
  outer loop
    vertex 107.3606990073352 88.01041200847378 9.58715519383281
    vertex 107.2942769541735 87.63439797532216 10.39397418440749
    vertex 107.6405572905795 87.89449091201152 11.17431038766562
  endloop
endfacet
facet normal -0.964566 0.189191 0.183897
  outer loop
    vertex 107.3586873802471 87.20492998063531 11.17364817766693
    vertex 107.2942769541735 87.63439797532216 10.39397418440749
    vertex 107.0788874797477 87.32082689417285 9.586824088833467
  endloop
endfacet
facet normal -0.9211 0.376376 0.0995781
  outer loop
    vertex 107.0788874797477 87.32082689417285 9.586824088833467
    vertex 107.2942769541735 87.63439797532216 10.39397418440749
    vertex 107.3606990073352 88.01041200847378 9.58715519383281
  endloop
endfacet
facet normal -0.890018 0.36359 0.275083
  outer loop
    vertex 107.3606990073352 88.01041200847378 9.58715519383281
    vertex 107.0163227921917 87.74931280124919 8.818048832336085
    vertex 107.0788874797477 87.32082689417285 9.586824088833467
  endloop
endfacet
facet normal -0.89035 0.363683 0.273881
  outer loop
    vertex 107.6405572905795 87.89449091201152 11.17431038766562
    vertex 107.2942769541735 87.63439797532216 10.39397418440749
    vertex 107.3586873802471 87.20492998063531 11.17364817766693
  endloop
endfacet
facet normal -0.964575 0.189187 0.183855
  outer loop
    vertex 106.7990875792482 87.43672380771038 8
    vertex 107.0163227921917 87.74931280124919 8.818048832336085
    vertex 106.8721501886272 87.80923565486071 8
  endloop
endfacet
facet normal -0.82108 0.540262 0.184238
  outer loop
    vertex 107.0808407240909 88.12633310493602 8
    vertex 107.0163227921917 87.74931280124919 8.818048832336085
    vertex 107.3606990073352 88.01041200847378 9.58715519383281
  endloop
endfacet
facet normal -0.821022 0.540337 0.184277
  outer loop
    vertex 106.8721501886272 87.80923565486071 8
    vertex 107.0163227921917 87.74931280124919 8.818048832336085
    vertex 107.0808407240909 88.12633310493602 8
  endloop
endfacet
facet normal -0.63665 0.624535 0.452363
  outer loop
    vertex 110.0307714568526 90.33107325467653 11.17431038766562
    vertex 110.8156107803399 90.75649710796138 11.69154150778774
    vertex 111.2258785399892 91.54936442600901 11.17431038766562
  endloop
endfacet
facet normal -0.28035 0.275015 0.919658
  outer loop
    vertex 111.9288163826694 90.85980349463314 12
    vertex 110.8156107803399 90.75649710796138 11.69154150778774
    vertex 110.7337092995327 89.64151232330053 12
  endloop
endfacet
facet normal -0.244044 0.2394 0.93975
  outer loop
    vertex 109.538602216396 88.42322115196792 12
    vertex 108.4838855833402 88.26557463662171 11.7662605260829
    vertex 108.3434951332594 87.20492998063531 12
  endloop
endfacet
facet normal -0.672391 0.615828 0.410667
  outer loop
    vertex 110.8156107803399 90.75649710796138 11.69154150778774
    vertex 111.2531888752937 91.26905914075809 11.63936646309276
    vertex 111.2258785399892 91.54936442600901 11.17431038766562
  endloop
endfacet
facet normal -0.280379 0.331075 0.900987
  outer loop
    vertex 111.9288163826694 90.85980349463314 12
    vertex 111.2531888752937 91.26905914075809 11.63936646309276
    vertex 110.8156107803399 90.75649710796138 11.69154150778774
  endloop
endfacet
facet normal -0.244044 0.2394 0.93975
  outer loop
    vertex 110.7337092995327 89.64151232330053 12
    vertex 109.6774750490197 89.48231874997468 11.76626052608287
    vertex 109.538602216396 88.42322115196792 12
  endloop
endfacet
facet normal -0.618047 0.606285 0.500437
  outer loop
    vertex 108.835664373716 89.11278208334402 11.17431038766562
    vertex 109.6774750490197 89.48231874997468 11.76626052608287
    vertex 110.0307714568526 90.33107325467653 11.17431038766562
  endloop
endfacet
facet normal -0.410009 0.488984 0.769927
  outer loop
    vertex 111.6469532090207 91.73601212815258 11.57973429495846
    vertex 111.4686045451561 91.4759012762437 11.64995596567843
    vertex 111.672465552938 91.29677514370954 11.87228179381795
  endloop
endfacet
facet normal -0.623761 0.250633 0.740341
  outer loop
    vertex 110.7337092995327 89.64151232330053 12
    vertex 110.8156107803399 90.75649710796138 11.69154150778774
    vertex 110.0307714568526 90.33107325467653 11.17431038766562
  endloop
endfacet
facet normal -0.25686 0.622932 0.738904
  outer loop
    vertex 108.835664373716 89.11278208334402 11.17431038766562
    vertex 108.4838855833402 88.26557463662171 11.7662605260829
    vertex 109.538602216396 88.42322115196792 12
  endloop
endfacet
facet normal -0.627392 0.245369 0.739036
  outer loop
    vertex 109.538602216396 88.42322115196792 12
    vertex 109.6774750490197 89.48231874997468 11.76626052608287
    vertex 108.835664373716 89.11278208334402 11.17431038766562
  endloop
endfacet
facet normal -0.636757 0.575224 0.513476
  outer loop
    vertex 111.4215235632151 91.6611777632268 11.3840142986682
    vertex 111.4686045451561 91.4759012762437 11.64995596567843
    vertex 111.6469532090207 91.73601212815258 11.57973429495846
  endloop
endfacet
facet normal -0.257376 0.622562 0.739036
  outer loop
    vertex 110.0307714568526 90.33107325467653 11.17431038766562
    vertex 109.6774750490197 89.48231874997468 11.76626052608287
    vertex 110.7337092995327 89.64151232330053 12
  endloop
endfacet
facet normal -0.602672 0.600763 0.525234
  outer loop
    vertex 111.2531888752937 91.26905914075809 11.63936646309276
    vertex 111.4686045451561 91.4759012762437 11.64995596567843
    vertex 111.4215235632151 91.6611777632268 11.3840142986682
  endloop
endfacet
facet normal -0.458522 0.437938 0.773284
  outer loop
    vertex 111.672465552938 91.29677514370954 11.87228179381795
    vertex 111.4686045451561 91.4759012762437 11.64995596567843
    vertex 111.2531888752937 91.26905914075809 11.63936646309276
  endloop
endfacet
facet normal -0.732169 0.563491 0.382632
  outer loop
    vertex 111.2258785399892 91.54936442600901 11.17431038766562
    vertex 111.2531888752937 91.26905914075809 11.63936646309276
    vertex 111.4215235632151 91.6611777632268 11.3840142986682
  endloop
endfacet
facet normal -0.618047 0.606285 0.500437
  outer loop
    vertex 107.6405572905795 87.89449091201152 11.17431038766562
    vertex 108.4838855833402 88.26557463662171 11.7662605260829
    vertex 108.835664373716 89.11278208334402 11.17431038766562
  endloop
endfacet
facet normal -0.618047 0.606285 0.500437
  outer loop
    vertex 107.8848144243148 87.65488199297585 11.76626052608288
    vertex 108.4838855833402 88.26557463662171 11.7662605260829
    vertex 107.6405572905795 87.89449091201152 11.17431038766562
  endloop
endfacet
facet normal -0.244044 0.2394 0.93975
  outer loop
    vertex 108.3434951332594 87.20492998063531 12
    vertex 108.4838855833402 88.26557463662171 11.7662605260829
    vertex 107.8848144243148 87.65488199297585 11.76626052608288
  endloop
endfacet
facet normal -0.483992 -0.028303 0.874614
  outer loop
    vertex 111.672465552938 91.29677514370954 11.87228179381795
    vertex 111.2531888752937 91.26905914075809 11.63936646309276
    vertex 111.9288163826694 90.85980349463314 12
  endloop
endfacet
facet normal -0.33874 0.138155 0.930681
  outer loop
    vertex 107.7007075235728 87.20492998063531 11.76604444311898
    vertex 108.3434951332594 87.20492998063531 12
    vertex 107.8848144243148 87.65488199297585 11.76626052608288
  endloop
endfacet
facet normal -0.601665 0.622653 0.500303
  outer loop
    vertex 107.6405572905795 87.89449091201152 11.17431038766562
    vertex 107.5465339444351 87.5397339689942 11.50275158168507
    vertex 107.8848144243148 87.65488199297585 11.76626052608288
  endloop
endfacet
facet normal -0.866012 -0.00559066 0.499992
  outer loop
    vertex 107.7007075235728 87.20492998063531 11.76604444311898
    vertex 107.5465339444351 87.5397339689942 11.50275158168507
    vertex 107.3586873802471 87.20492998063531 11.17364817766693
  endloop
endfacet
facet normal -0.916306 0.374419 0.142107
  outer loop
    vertex 107.3586873802471 87.20492998063531 11.17364817766693
    vertex 107.5465339444351 87.5397339689942 11.50275158168507
    vertex 107.6405572905795 87.89449091201152 11.17431038766562
  endloop
endfacet
facet normal -0.64706 0.264414 0.715122
  outer loop
    vertex 107.8848144243148 87.65488199297585 11.76626052608288
    vertex 107.5465339444351 87.5397339689942 11.50275158168507
    vertex 107.7007075235728 87.20492998063531 11.76604444311898
  endloop
endfacet
facet normal -0.82108 -0.540262 0.184238
  outer loop
    vertex 107.3606990073354 39.91194726630051 9.587155193832761
    vertex 107.0163227921911 40.17304647352545 8.818048832336137
    vertex 107.0808407240911 39.79602616983827 8
  endloop
endfacet
facet normal -0.821026 -0.540347 0.184234
  outer loop
    vertex 107.6405572905797 40.02786836276275 11.17431038766552
    vertex 107.294276954173 40.28796129945249 10.3939741844075
    vertex 107.3606990073354 39.91194726630051 9.587155193832761
  endloop
endfacet
facet normal -0.964566 -0.189191 0.183897
  outer loop
    vertex 107.0788874797469 40.6015323806025 9.58682408883347
    vertex 107.294276954173 40.28796129945249 10.3939741844075
    vertex 107.3586873802463 40.71742929414003 11.17364817766693
  endloop
endfacet
facet normal -0.9211 -0.376376 0.0995781
  outer loop
    vertex 107.3606990073354 39.91194726630051 9.587155193832761
    vertex 107.294276954173 40.28796129945249 10.3939741844075
    vertex 107.0788874797469 40.6015323806025 9.58682408883347
  endloop
endfacet
facet normal -0.890018 -0.36359 0.275083
  outer loop
    vertex 107.0788874797469 40.6015323806025 9.58682408883347
    vertex 107.0163227921911 40.17304647352545 8.818048832336137
    vertex 107.3606990073354 39.91194726630051 9.587155193832761
  endloop
endfacet
facet normal -0.89035 -0.363683 0.273881
  outer loop
    vertex 107.3586873802463 40.71742929414003 11.17364817766693
    vertex 107.294276954173 40.28796129945249 10.3939741844075
    vertex 107.6405572905797 40.02786836276275 11.17431038766552
  endloop
endfacet
facet normal -0.821022 -0.540337 0.184277
  outer loop
    vertex 107.0808407240911 39.79602616983827 8
    vertex 107.0163227921911 40.17304647352545 8.818048832336137
    vertex 106.8721501886267 40.11312361991395 8
  endloop
endfacet
facet normal -0.964586 -0.189093 0.183893
  outer loop
    vertex 106.7990875792474 40.48563546706497 8
    vertex 107.0163227921911 40.17304647352545 8.818048832336137
    vertex 107.0788874797469 40.6015323806025 9.58682408883347
  endloop
endfacet
facet normal -0.964575 -0.189187 0.183855
  outer loop
    vertex 106.8721501886267 40.11312361991395 8
    vertex 107.0163227921911 40.17304647352545 8.818048832336137
    vertex 106.7990875792474 40.48563546706497 8
  endloop
endfacet
facet normal -0.866025 1.27074e-14 0.5
  outer loop
    vertex 107.3586873802471 85.26795078536468 11.17364817766693
    vertex 107.7007075235728 86.25741796203337 11.76604444311897
    vertex 107.3586873802471 87.20492998063531 11.17364817766693
  endloop
endfacet
facet normal -0.34202 7.5278e-15 0.939693
  outer loop
    vertex 108.3434951332586 42.65440848941066 12
    vertex 107.700707523572 41.66494131274199 11.76604444311898
    vertex 108.3434951332585 40.71742929414001 12
  endloop
endfacet
facet normal -0.34202 7.5278e-15 0.939693
  outer loop
    vertex 108.3434951332592 79.45701319955278 12
    vertex 107.7007075235727 78.48852360191744 11.76604444311897
    vertex 108.3434951332592 77.52003400428214 12
  endloop
endfacet
facet normal -0.34202 5.01853e-15 0.939693
  outer loop
    vertex 108.3434951332591 71.70909641847024 12
    vertex 107.7007075235725 70.74060682083488 11.76604444311897
    vertex 108.3434951332591 69.77211722319961 12
  endloop
endfacet
facet normal -0.34202 5.01853e-15 0.939693
  outer loop
    vertex 108.3434951332588 56.21326285630518 12
    vertex 107.7007075235723 55.24477325866981 11.76604444311897
    vertex 108.3434951332588 54.27628366103454 12
  endloop
endfacet
facet normal -0.34202 5.01853e-15 0.939693
  outer loop
    vertex 108.3434951332589 62.02420044211708 12
    vertex 107.7007075235724 61.05571084448171 11.76604444311897
    vertex 108.3434951332589 60.08722124684644 12
  endloop
endfacet
facet normal -0.34202 7.5278e-15 0.939693
  outer loop
    vertex 108.3434951332589 58.15024205157581 12
    vertex 107.7007075235723 57.18175245394045 11.76604444311897
    vertex 108.3434951332588 56.21326285630518 12
  endloop
endfacet
facet normal -0.34202 5.01853e-15 0.939693
  outer loop
    vertex 108.343495133259 65.89815883265834 12
    vertex 107.7007075235724 64.92966923502297 11.76604444311897
    vertex 108.343495133259 63.96117963738771 12
  endloop
endfacet
facet normal -0.34202 5.01853e-15 0.939693
  outer loop
    vertex 108.3434951332586 44.59138768468131 12
    vertex 107.700707523572 43.62289808704598 11.76604444311897
    vertex 108.3434951332586 42.65440848941066 12
  endloop
endfacet
facet normal -0.34202 5.01853e-15 0.939693
  outer loop
    vertex 108.3434951332592 77.52003400428214 12
    vertex 107.7007075235726 76.5515444066468 11.76604444311897
    vertex 108.3434951332592 75.58305480901151 12
  endloop
endfacet
facet normal -0.866025 1.27074e-14 0.5
  outer loop
    vertex 107.3586873802471 83.33097159009402 11.17364817766693
    vertex 107.7007075235728 84.29946118772935 11.76604444311897
    vertex 107.3586873802471 85.26795078536468 11.17364817766693
  endloop
endfacet
facet normal -0.866025 1.27074e-14 0.5
  outer loop
    vertex 107.3586873802465 50.40232527049319 11.17364817766693
    vertex 107.7007075235722 51.37081486812853 11.76604444311897
    vertex 107.3586873802465 52.33930446576383 11.17364817766693
  endloop
endfacet
facet normal -0.866025 1.27074e-14 0.5
  outer loop
    vertex 107.3586873802468 65.89815883265825 11.17364817766693
    vertex 107.7007075235725 66.86664843029361 11.76604444311897
    vertex 107.3586873802468 67.83513802792889 11.17364817766693
  endloop
endfacet
facet normal -0.866025 1.27074e-14 0.5
  outer loop
    vertex 107.3586873802469 71.70909641847015 11.17364817766693
    vertex 107.7007075235726 72.67758601610552 11.76604444311897
    vertex 107.3586873802469 73.64607561374079 11.17364817766693
  endloop
endfacet
facet normal -0.34202 5.01853e-15 0.939693
  outer loop
    vertex 108.3434951332587 50.40232527049325 12
    vertex 107.7007075235721 49.4338356728579 11.76604444311897
    vertex 108.3434951332587 48.46534607522261 12
  endloop
endfacet
facet normal -0.34202 7.5278e-15 0.939693
  outer loop
    vertex 108.343495133259 63.96117963738771 12
    vertex 107.7007075235724 62.99269003975235 11.76604444311897
    vertex 108.3434951332589 62.02420044211708 12
  endloop
endfacet
facet normal -0.34202 5.01853e-15 0.939693
  outer loop
    vertex 108.3434951332587 48.46534607522261 12
    vertex 107.7007075235721 47.49685647758726 11.76604444311897
    vertex 108.3434951332587 46.52836687995195 12
  endloop
endfacet
facet normal -0.34202 5.01853e-15 0.939693
  outer loop
    vertex 108.3434951332588 54.27628366103454 12
    vertex 107.7007075235722 53.30779406339918 11.76604444311897
    vertex 108.3434951332588 52.3393044657639 12
  endloop
endfacet
facet normal -0.866025 1.27074e-14 0.5
  outer loop
    vertex 107.3586873802468 67.83513802792889 11.17364817766693
    vertex 107.7007075235725 68.80362762556425 11.76604444311897
    vertex 107.3586873802468 69.77211722319953 11.17364817766693
  endloop
endfacet
facet normal -0.34202 5.01853e-15 0.939693
  outer loop
    vertex 108.3434951332592 75.58305480901151 12
    vertex 107.7007075235726 74.61456521137615 11.76604444311897
    vertex 108.3434951332591 73.64607561374088 12
  endloop
endfacet
facet normal -0.34202 5.01853e-15 0.939693
  outer loop
    vertex 108.3434951332589 60.08722124684644 12
    vertex 107.7007075235723 59.11873164921108 11.76604444311897
    vertex 108.3434951332589 58.15024205157581 12
  endloop
endfacet
facet normal -0.866025 1.27074e-14 0.5
  outer loop
    vertex 107.3586873802464 44.59138768468129 11.17364817766693
    vertex 107.7007075235721 45.55987728231662 11.76604444311897
    vertex 107.3586873802464 46.52836687995193 11.17364817766693
  endloop
endfacet
facet normal -0.34202 5.01853e-15 0.939693
  outer loop
    vertex 108.3434951332593 81.39399239482341 12
    vertex 107.7007075235727 80.42550279718807 11.76604444311897
    vertex 108.3434951332592 79.45701319955278 12
  endloop
endfacet
facet normal -0.34202 5.01853e-15 0.939693
  outer loop
    vertex 108.3434951332593 83.33097159009404 12
    vertex 107.7007075235727 82.36248199245873 11.76604444311897
    vertex 108.3434951332593 81.39399239482341 12
  endloop
endfacet
facet normal -0.866025 1.90611e-14 0.5
  outer loop
    vertex 107.358687380247 81.39399239482337 11.17364817766693
    vertex 107.7007075235727 82.36248199245873 11.76604444311897
    vertex 107.3586873802471 83.33097159009402 11.17364817766693
  endloop
endfacet
facet normal -0.34202 7.5278e-15 0.939693
  outer loop
    vertex 108.3434951332587 46.52836687995195 12
    vertex 107.7007075235721 45.55987728231662 11.76604444311897
    vertex 108.3434951332586 44.59138768468131 12
  endloop
endfacet
facet normal -0.866025 1.27074e-14 0.5
  outer loop
    vertex 107.358687380247 79.45701319955273 11.17364817766693
    vertex 107.7007075235727 80.42550279718807 11.76604444311897
    vertex 107.358687380247 81.39399239482337 11.17364817766693
  endloop
endfacet
facet normal -0.866025 1.90611e-14 0.5
  outer loop
    vertex 107.3586873802465 48.46534607522256 11.17364817766693
    vertex 107.7007075235721 49.4338356728579 11.76604444311897
    vertex 107.3586873802465 50.40232527049319 11.17364817766693
  endloop
endfacet
facet normal -0.34202 7.5278e-15 0.939693
  outer loop
    vertex 108.3434951332591 73.64607561374088 12
    vertex 107.7007075235726 72.67758601610552 11.76604444311897
    vertex 108.3434951332591 71.70909641847024 12
  endloop
endfacet
facet normal -0.34202 7.5278e-15 0.939693
  outer loop
    vertex 108.343495133259 67.83513802792898 12
    vertex 107.7007075235725 66.86664843029361 11.76604444311897
    vertex 108.343495133259 65.89815883265834 12
  endloop
endfacet
facet normal -0.866025 1.27074e-14 0.5
  outer loop
    vertex 107.3586873802464 46.52836687995193 11.17364817766693
    vertex 107.7007075235721 47.49685647758726 11.76604444311897
    vertex 107.3586873802465 48.46534607522256 11.17364817766693
  endloop
endfacet
facet normal -0.866025 1.27074e-14 0.5
  outer loop
    vertex 107.3586873802469 73.64607561374079 11.17364817766693
    vertex 107.7007075235726 74.61456521137615 11.76604444311897
    vertex 107.3586873802469 75.58305480901143 11.17364817766693
  endloop
endfacet
facet normal -0.866025 1.27074e-14 0.5
  outer loop
    vertex 107.3586873802465 52.33930446576383 11.17364817766693
    vertex 107.7007075235722 53.30779406339918 11.76604444311897
    vertex 107.3586873802466 54.27628366103446 11.17364817766693
  endloop
endfacet
facet normal -0.866025 1.27074e-14 0.5
  outer loop
    vertex 107.3586873802466 58.15024205157572 11.17364817766693
    vertex 107.7007075235723 59.11873164921108 11.76604444311897
    vertex 107.3586873802467 60.08722124684635 11.17364817766693
  endloop
endfacet
facet normal -0.866025 1.27074e-14 0.5
  outer loop
    vertex 107.3586873802467 62.02420044211699 11.17364817766693
    vertex 107.7007075235724 62.99269003975235 11.76604444311897
    vertex 107.3586873802467 63.96117963738762 11.17364817766693
  endloop
endfacet
facet normal -0.34202 5.01853e-15 0.939693
  outer loop
    vertex 108.3434951332591 69.77211722319961 12
    vertex 107.7007075235725 68.80362762556425 11.76604444311897
    vertex 108.343495133259 67.83513802792898 12
  endloop
endfacet
facet normal -0.34202 7.5278e-15 0.939693
  outer loop
    vertex 108.3434951332588 52.3393044657639 12
    vertex 107.7007075235722 51.37081486812853 11.76604444311897
    vertex 108.3434951332587 50.40232527049325 12
  endloop
endfacet
facet normal -0.34202 7.5278e-15 0.939693
  outer loop
    vertex 108.3434951332593 85.26795078536469 12
    vertex 107.7007075235728 84.29946118772935 11.76604444311897
    vertex 108.3434951332593 83.33097159009404 12
  endloop
endfacet
facet normal -0.866025 1.90611e-14 0.5
  outer loop
    vertex 107.3586873802464 42.65440848941066 11.17364817766693
    vertex 107.700707523572 43.62289808704598 11.76604444311897
    vertex 107.3586873802464 44.59138768468129 11.17364817766693
  endloop
endfacet
facet normal -0.866025 1.90611e-14 0.5
  outer loop
    vertex 107.3586873802469 75.58305480901143 11.17364817766693
    vertex 107.7007075235726 76.5515444066468 11.76604444311897
    vertex 107.358687380247 77.52003400428208 11.17364817766693
  endloop
endfacet
facet normal -0.866025 1.90611e-14 0.5
  outer loop
    vertex 107.3586873802467 60.08722124684635 11.17364817766693
    vertex 107.7007075235724 61.05571084448171 11.76604444311897
    vertex 107.3586873802467 62.02420044211699 11.17364817766693
  endloop
endfacet
facet normal -0.866025 1.90611e-14 0.5
  outer loop
    vertex 107.3586873802466 54.27628366103446 11.17364817766693
    vertex 107.7007075235723 55.24477325866981 11.76604444311897
    vertex 107.3586873802466 56.21326285630509 11.17364817766693
  endloop
endfacet
facet normal -0.866025 1.90611e-14 0.5
  outer loop
    vertex 107.3586873802467 63.96117963738762 11.17364817766693
    vertex 107.7007075235724 64.92966923502297 11.76604444311897
    vertex 107.3586873802468 65.89815883265825 11.17364817766693
  endloop
endfacet
facet normal -0.866025 1.27074e-14 0.5
  outer loop
    vertex 107.358687380247 77.52003400428208 11.17364817766693
    vertex 107.7007075235727 78.48852360191744 11.76604444311897
    vertex 107.358687380247 79.45701319955273 11.17364817766693
  endloop
endfacet
facet normal -0.866025 1.27074e-14 0.5
  outer loop
    vertex 107.3586873802466 56.21326285630509 11.17364817766693
    vertex 107.7007075235723 57.18175245394045 11.76604444311897
    vertex 107.3586873802466 58.15024205157572 11.17364817766693
  endloop
endfacet
facet normal -0.866025 1.90611e-14 0.5
  outer loop
    vertex 107.3586873802468 69.77211722319953 11.17364817766693
    vertex 107.7007075235725 70.74060682083488 11.76604444311897
    vertex 107.3586873802469 71.70909641847015 11.17364817766693
  endloop
endfacet
facet normal -0.624816 0.234813 0.744626
  outer loop
    vertex 107.3586873802468 69.77211722319953 11.17364817766693
    vertex 107.7007075235725 68.80362762556425 11.76604444311897
    vertex 108.3434951332591 69.77211722319961 12
  endloop
endfacet
facet normal -0.624816 0.234813 0.744626
  outer loop
    vertex 107.3586873802468 67.83513802792889 11.17364817766693
    vertex 107.7007075235725 66.86664843029361 11.76604444311897
    vertex 108.343495133259 67.83513802792898 12
  endloop
endfacet
facet normal -0.624816 0.234813 0.744626
  outer loop
    vertex 107.3586873802469 73.64607561374079 11.17364817766693
    vertex 107.7007075235726 72.67758601610552 11.76604444311897
    vertex 108.3434951332591 73.64607561374088 12
  endloop
endfacet
facet normal -0.624816 -0.234813 0.744626
  outer loop
    vertex 108.3434951332589 58.15024205157581 12
    vertex 107.7007075235723 59.11873164921108 11.76604444311897
    vertex 107.3586873802466 58.15024205157572 11.17364817766693
  endloop
endfacet
facet normal -0.624816 -0.234813 0.744626
  outer loop
    vertex 108.3434951332588 52.3393044657639 12
    vertex 107.7007075235722 53.30779406339918 11.76604444311897
    vertex 107.3586873802465 52.33930446576383 11.17364817766693
  endloop
endfacet
facet normal -0.624816 0.234813 0.744626
  outer loop
    vertex 107.3586873802464 46.52836687995193 11.17364817766693
    vertex 107.7007075235721 45.55987728231662 11.76604444311897
    vertex 108.3434951332587 46.52836687995195 12
  endloop
endfacet
facet normal -0.624816 -0.234813 0.744626
  outer loop
    vertex 108.3434951332593 81.39399239482341 12
    vertex 107.7007075235727 82.36248199245873 11.76604444311897
    vertex 107.358687380247 81.39399239482337 11.17364817766693
  endloop
endfacet
facet normal -0.624816 -0.234813 0.744626
  outer loop
    vertex 108.3434951332587 46.52836687995195 12
    vertex 107.7007075235721 47.49685647758726 11.76604444311897
    vertex 107.3586873802464 46.52836687995193 11.17364817766693
  endloop
endfacet
facet normal -0.624816 -0.234813 0.744626
  outer loop
    vertex 108.3434951332592 79.45701319955278 12
    vertex 107.7007075235727 80.42550279718807 11.76604444311897
    vertex 107.358687380247 79.45701319955273 11.17364817766693
  endloop
endfacet
facet normal -0.624816 -0.234813 0.744626
  outer loop
    vertex 108.3434951332589 62.02420044211708 12
    vertex 107.7007075235724 62.99269003975235 11.76604444311897
    vertex 107.3586873802467 62.02420044211699 11.17364817766693
  endloop
endfacet
facet normal -0.624816 -0.234813 0.744626
  outer loop
    vertex 108.3434951332587 48.46534607522261 12
    vertex 107.7007075235721 49.4338356728579 11.76604444311897
    vertex 107.3586873802465 48.46534607522256 11.17364817766693
  endloop
endfacet
facet normal -0.624816 -0.234813 0.744626
  outer loop
    vertex 108.3434951332591 73.64607561374088 12
    vertex 107.7007075235726 74.61456521137615 11.76604444311897
    vertex 107.3586873802469 73.64607561374079 11.17364817766693
  endloop
endfacet
facet normal -0.625539 -0.230101 0.745489
  outer loop
    vertex 108.3434951332593 85.26795078536469 12
    vertex 107.7007075235728 86.25741796203337 11.76604444311897
    vertex 107.3586873802471 85.26795078536468 11.17364817766693
  endloop
endfacet
facet normal -0.625539 0.230101 0.745489
  outer loop
    vertex 107.3586873802464 42.65440848941066 11.17364817766693
    vertex 107.700707523572 41.66494131274199 11.76604444311898
    vertex 108.3434951332586 42.65440848941066 12
  endloop
endfacet
facet normal -0.624816 0.234813 0.744626
  outer loop
    vertex 107.3586873802467 62.02420044211699 11.17364817766693
    vertex 107.7007075235724 61.05571084448171 11.76604444311897
    vertex 108.3434951332589 62.02420044211708 12
  endloop
endfacet
facet normal -0.624816 0.234813 0.744626
  outer loop
    vertex 107.358687380247 77.52003400428208 11.17364817766693
    vertex 107.7007075235726 76.5515444066468 11.76604444311897
    vertex 108.3434951332592 77.52003400428214 12
  endloop
endfacet
facet normal -0.624816 0.234813 0.744626
  outer loop
    vertex 107.3586873802468 65.89815883265825 11.17364817766693
    vertex 107.7007075235724 64.92966923502297 11.76604444311897
    vertex 108.343495133259 65.89815883265834 12
  endloop
endfacet
facet normal -0.624816 0.234813 0.744626
  outer loop
    vertex 107.3586873802469 71.70909641847015 11.17364817766693
    vertex 107.7007075235725 70.74060682083488 11.76604444311897
    vertex 108.3434951332591 71.70909641847024 12
  endloop
endfacet
facet normal -0.624816 0.234813 0.744626
  outer loop
    vertex 107.3586873802466 56.21326285630509 11.17364817766693
    vertex 107.7007075235723 55.24477325866981 11.76604444311897
    vertex 108.3434951332588 56.21326285630518 12
  endloop
endfacet
facet normal -0.624816 0.234813 0.744626
  outer loop
    vertex 107.3586873802466 58.15024205157572 11.17364817766693
    vertex 107.7007075235723 57.18175245394045 11.76604444311897
    vertex 108.3434951332589 58.15024205157581 12
  endloop
endfacet
facet normal -0.624816 0.234813 0.744626
  outer loop
    vertex 107.358687380247 79.45701319955273 11.17364817766693
    vertex 107.7007075235727 78.48852360191744 11.76604444311897
    vertex 108.3434951332592 79.45701319955278 12
  endloop
endfacet
facet normal -0.624816 0.234813 0.744626
  outer loop
    vertex 107.3586873802464 44.59138768468129 11.17364817766693
    vertex 107.700707523572 43.62289808704598 11.76604444311897
    vertex 108.3434951332586 44.59138768468131 12
  endloop
endfacet
facet normal -0.624816 -0.234813 0.744626
  outer loop
    vertex 108.3434951332592 77.52003400428214 12
    vertex 107.7007075235727 78.48852360191744 11.76604444311897
    vertex 107.358687380247 77.52003400428208 11.17364817766693
  endloop
endfacet
facet normal -0.624816 -0.234813 0.744626
  outer loop
    vertex 108.3434951332586 42.65440848941066 12
    vertex 107.700707523572 43.62289808704598 11.76604444311897
    vertex 107.3586873802464 42.65440848941066 11.17364817766693
  endloop
endfacet
facet normal -0.624816 -0.234813 0.744626
  outer loop
    vertex 108.3434951332588 54.27628366103454 12
    vertex 107.7007075235723 55.24477325866981 11.76604444311897
    vertex 107.3586873802466 54.27628366103446 11.17364817766693
  endloop
endfacet
facet normal -0.624816 -0.234813 0.744626
  outer loop
    vertex 108.3434951332588 56.21326285630518 12
    vertex 107.7007075235723 57.18175245394045 11.76604444311897
    vertex 107.3586873802466 56.21326285630509 11.17364817766693
  endloop
endfacet
facet normal -0.624816 -0.234813 0.744626
  outer loop
    vertex 108.3434951332592 75.58305480901151 12
    vertex 107.7007075235726 76.5515444066468 11.76604444311897
    vertex 107.3586873802469 75.58305480901143 11.17364817766693
  endloop
endfacet
facet normal -0.624816 -0.234813 0.744626
  outer loop
    vertex 108.3434951332589 60.08722124684644 12
    vertex 107.7007075235724 61.05571084448171 11.76604444311897
    vertex 107.3586873802467 60.08722124684635 11.17364817766693
  endloop
endfacet
facet normal -0.624816 -0.234813 0.744626
  outer loop
    vertex 108.343495133259 63.96117963738771 12
    vertex 107.7007075235724 64.92966923502297 11.76604444311897
    vertex 107.3586873802467 63.96117963738762 11.17364817766693
  endloop
endfacet
facet normal -0.624816 -0.234813 0.744626
  outer loop
    vertex 108.3434951332591 69.77211722319961 12
    vertex 107.7007075235725 70.74060682083488 11.76604444311897
    vertex 107.3586873802468 69.77211722319953 11.17364817766693
  endloop
endfacet
facet normal -0.624816 -0.234813 0.744626
  outer loop
    vertex 108.3434951332587 50.40232527049325 12
    vertex 107.7007075235722 51.37081486812853 11.76604444311897
    vertex 107.3586873802465 50.40232527049319 11.17364817766693
  endloop
endfacet
facet normal -0.624816 -0.234813 0.744626
  outer loop
    vertex 108.3434951332593 83.33097159009404 12
    vertex 107.7007075235728 84.29946118772935 11.76604444311897
    vertex 107.3586873802471 83.33097159009402 11.17364817766693
  endloop
endfacet
facet normal -0.624816 0.234813 0.744626
  outer loop
    vertex 107.3586873802471 85.26795078536468 11.17364817766693
    vertex 107.7007075235728 84.29946118772935 11.76604444311897
    vertex 108.3434951332593 85.26795078536469 12
  endloop
endfacet
facet normal -0.624816 0.234813 0.744626
  outer loop
    vertex 107.3586873802465 52.33930446576383 11.17364817766693
    vertex 107.7007075235722 51.37081486812853 11.76604444311897
    vertex 108.3434951332588 52.3393044657639 12
  endloop
endfacet
facet normal -0.624816 0.234813 0.744626
  outer loop
    vertex 107.3586873802469 75.58305480901143 11.17364817766693
    vertex 107.7007075235726 74.61456521137615 11.76604444311897
    vertex 108.3434951332592 75.58305480901151 12
  endloop
endfacet
facet normal -0.624816 0.234813 0.744626
  outer loop
    vertex 107.3586873802467 63.96117963738762 11.17364817766693
    vertex 107.7007075235724 62.99269003975235 11.76604444311897
    vertex 108.343495133259 63.96117963738771 12
  endloop
endfacet
facet normal -0.624816 0.234813 0.744626
  outer loop
    vertex 107.3586873802465 50.40232527049319 11.17364817766693
    vertex 107.7007075235721 49.4338356728579 11.76604444311897
    vertex 108.3434951332587 50.40232527049325 12
  endloop
endfacet
facet normal -0.624816 0.234813 0.744626
  outer loop
    vertex 107.3586873802471 83.33097159009402 11.17364817766693
    vertex 107.7007075235727 82.36248199245873 11.76604444311897
    vertex 108.3434951332593 83.33097159009404 12
  endloop
endfacet
facet normal -0.624816 -0.234813 0.744626
  outer loop
    vertex 108.3434951332586 44.59138768468131 12
    vertex 107.7007075235721 45.55987728231662 11.76604444311897
    vertex 107.3586873802464 44.59138768468129 11.17364817766693
  endloop
endfacet
facet normal -0.624816 0.234813 0.744626
  outer loop
    vertex 107.358687380247 81.39399239482337 11.17364817766693
    vertex 107.7007075235727 80.42550279718807 11.76604444311897
    vertex 108.3434951332593 81.39399239482341 12
  endloop
endfacet
facet normal -0.624816 -0.234813 0.744626
  outer loop
    vertex 108.343495133259 65.89815883265834 12
    vertex 107.7007075235725 66.86664843029361 11.76604444311897
    vertex 107.3586873802468 65.89815883265825 11.17364817766693
  endloop
endfacet
facet normal -0.624816 -0.234813 0.744626
  outer loop
    vertex 108.3434951332591 71.70909641847024 12
    vertex 107.7007075235726 72.67758601610552 11.76604444311897
    vertex 107.3586873802469 71.70909641847015 11.17364817766693
  endloop
endfacet
facet normal -0.624816 0.234813 0.744626
  outer loop
    vertex 107.3586873802465 48.46534607522256 11.17364817766693
    vertex 107.7007075235721 47.49685647758726 11.76604444311897
    vertex 108.3434951332587 48.46534607522261 12
  endloop
endfacet
facet normal -0.624816 0.234813 0.744626
  outer loop
    vertex 107.3586873802466 54.27628366103446 11.17364817766693
    vertex 107.7007075235722 53.30779406339918 11.76604444311897
    vertex 108.3434951332588 54.27628366103454 12
  endloop
endfacet
facet normal -0.624816 0.234813 0.744626
  outer loop
    vertex 107.3586873802467 60.08722124684635 11.17364817766693
    vertex 107.7007075235723 59.11873164921108 11.76604444311897
    vertex 108.3434951332589 60.08722124684644 12
  endloop
endfacet
facet normal -0.624816 -0.234813 0.744626
  outer loop
    vertex 108.343495133259 67.83513802792898 12
    vertex 107.7007075235725 68.80362762556425 11.76604444311897
    vertex 107.3586873802468 67.83513802792889 11.17364817766693
  endloop
endfacet
facet normal -0.866025 1.90611e-14 0.5
  outer loop
    vertex 107.3586873802463 40.71742929414003 11.17364817766693
    vertex 107.700707523572 41.66494131274199 11.76604444311898
    vertex 107.3586873802464 42.65440848941066 11.17364817766693
  endloop
endfacet
facet normal -0.866025 1.29887e-14 0.5
  outer loop
    vertex 107.700707523572 40.71742929414003 11.76604444311898
    vertex 107.700707523572 41.66494131274199 11.76604444311898
    vertex 107.3586873802463 40.71742929414003 11.17364817766693
  endloop
endfacet
facet normal -0.866025 2.22255e-14 0.5
  outer loop
    vertex 107.3586873802471 87.20492998063531 11.17364817766693
    vertex 107.7007075235728 86.25741796203337 11.76604444311897
    vertex 107.7007075235728 87.20492998063531 11.76604444311898
  endloop
endfacet
facet normal -0.34202 5.01853e-15 0.939693
  outer loop
    vertex 108.3434951332594 87.20492998063531 12
    vertex 107.7007075235728 86.25741796203337 11.76604444311897
    vertex 108.3434951332593 85.26795078536469 12
  endloop
endfacet
facet normal -0.34202 3.2125e-15 0.939693
  outer loop
    vertex 107.7007075235728 87.20492998063531 11.76604444311898
    vertex 107.7007075235728 86.25741796203337 11.76604444311897
    vertex 108.3434951332594 87.20492998063531 12
  endloop
endfacet
facet normal -0.34202 5.13884e-15 0.939693
  outer loop
    vertex 108.3434951332585 40.71742929414001 12
    vertex 107.700707523572 41.66494131274199 11.76604444311898
    vertex 107.700707523572 40.71742929414003 11.76604444311898
  endloop
endfacet
facet normal -0.33874 -0.138155 0.930681
  outer loop
    vertex 108.3434951332585 40.71742929414001 12
    vertex 107.700707523572 40.71742929414003 11.76604444311898
    vertex 107.8848144243146 40.26747728179878 11.76626052608285
  endloop
endfacet
facet normal -0.816342 -0.333241 0.471737
  outer loop
    vertex 107.3586873802463 40.71742929414003 11.17364817766693
    vertex 107.6405572905797 40.02786836276275 11.17431038766552
    vertex 107.8848144243146 40.26747728179878 11.76626052608285
  endloop
endfacet
facet normal -0.816353 -0.333801 0.471322
  outer loop
    vertex 107.3586873802463 40.71742929414003 11.17364817766693
    vertex 107.8848144243146 40.26747728179878 11.76626052608285
    vertex 107.700707523572 40.71742929414003 11.76604444311898
  endloop
endfacet
facet normal -0.28035 -0.275015 0.919658
  outer loop
    vertex 110.7337092995331 38.28084695148078 12
    vertex 110.8156107803399 37.16586216681925 11.69154150778567
    vertex 111.9288163826703 37.06255578015117 12
  endloop
endfacet
facet normal -0.618047 -0.606285 0.500437
  outer loop
    vertex 108.8356643737169 38.80957719143323 11.17431038766552
    vertex 108.4838855833405 39.65678463815425 11.76626052608286
    vertex 107.6405572905797 40.02786836276275 11.17431038766552
  endloop
endfacet
facet normal -0.670702 -0.616295 0.412722
  outer loop
    vertex 111.2258785399912 36.37299484877418 11.17431038766552
    vertex 111.2467847261381 36.66405567507942 11.64290972966497
    vertex 110.8156107803399 37.16586216681925 11.69154150778567
  endloop
endfacet
facet normal -0.472864 0.0199347 0.88091
  outer loop
    vertex 111.9288163826703 37.06255578015117 12
    vertex 111.2467847261381 36.66405567507942 11.64290972966497
    vertex 111.6724655529376 36.62558413107477 11.87228179381726
  endloop
endfacet
facet normal -0.618047 -0.606285 0.500437
  outer loop
    vertex 110.030771456854 37.5912860201037 11.17431038766552
    vertex 109.6774750490204 38.44004052480442 11.76626052608284
    vertex 108.8356643737169 38.80957719143323 11.17431038766552
  endloop
endfacet
facet normal -0.2804 -0.328346 0.901978
  outer loop
    vertex 110.8156107803399 37.16586216681925 11.69154150778567
    vertex 111.2467847261381 36.66405567507942 11.64290972966497
    vertex 111.9288163826703 37.06255578015117 12
  endloop
endfacet
facet normal -0.244044 -0.2394 0.93975
  outer loop
    vertex 109.5386022163958 39.4991381228104 12
    vertex 109.6774750490204 38.44004052480442 11.76626052608284
    vertex 110.7337092995331 38.28084695148078 12
  endloop
endfacet
facet normal -0.417167 -0.612444 0.671478
  outer loop
    vertex 111.6724655529376 36.62558413107477 11.87228179381726
    vertex 111.2467847261381 36.66405567507942 11.64290972966497
    vertex 111.4215235632163 36.26118151155706 11.38401429866698
  endloop
endfacet
facet normal -0.623761 -0.250633 0.740341
  outer loop
    vertex 110.030771456854 37.5912860201037 11.17431038766552
    vertex 110.8156107803399 37.16586216681925 11.69154150778567
    vertex 110.7337092995331 38.28084695148078 12
  endloop
endfacet
facet normal -0.25686 -0.622932 0.738904
  outer loop
    vertex 109.5386022163958 39.4991381228104 12
    vertex 108.4838855833405 39.65678463815425 11.76626052608286
    vertex 108.8356643737169 38.80957719143323 11.17431038766552
  endloop
endfacet
facet normal -0.627392 -0.245369 0.739036
  outer loop
    vertex 108.8356643737169 38.80957719143323 11.17431038766552
    vertex 109.6774750490204 38.44004052480442 11.76626052608284
    vertex 109.5386022163958 39.4991381228104 12
  endloop
endfacet
facet normal -0.257376 -0.622562 0.739036
  outer loop
    vertex 110.7337092995331 38.28084695148078 12
    vertex 109.6774750490204 38.44004052480442 11.76626052608284
    vertex 110.030771456854 37.5912860201037 11.17431038766552
  endloop
endfacet
facet normal -0.732176 -0.563467 0.382652
  outer loop
    vertex 111.4215235632163 36.26118151155706 11.38401429866698
    vertex 111.2467847261381 36.66405567507942 11.64290972966497
    vertex 111.2258785399912 36.37299484877418 11.17431038766552
  endloop
endfacet
facet normal -0.63665 -0.624535 0.452363
  outer loop
    vertex 111.2258785399912 36.37299484877418 11.17431038766552
    vertex 110.8156107803399 37.16586216681925 11.69154150778567
    vertex 110.030771456854 37.5912860201037 11.17431038766552
  endloop
endfacet
facet normal -0.618047 -0.606285 0.500437
  outer loop
    vertex 107.6405572905797 40.02786836276275 11.17431038766552
    vertex 108.4838855833405 39.65678463815425 11.76626052608286
    vertex 107.8848144243146 40.26747728179878 11.76626052608285
  endloop
endfacet
facet normal -0.244044 -0.2394 0.93975
  outer loop
    vertex 108.3434951332585 40.71742929414001 12
    vertex 108.4838855833405 39.65678463815425 11.76626052608286
    vertex 109.5386022163958 39.4991381228104 12
  endloop
endfacet
facet normal -0.244044 -0.2394 0.93975
  outer loop
    vertex 107.8848144243146 40.26747728179878 11.76626052608285
    vertex 108.4838855833405 39.65678463815425 11.76626052608286
    vertex 108.3434951332585 40.71742929414001 12
  endloop
endfacet
facet normal -0.674976 -0.381453 0.631585
  outer loop
    vertex 111.6724655529376 36.62558413107477 11.87228179381726
    vertex 111.4215235632163 36.26118151155706 11.38401429866698
    vertex 111.6469532090205 36.18634714663158 11.5797342949563
  endloop
endfacet
facet normal -0.364602 -0.917234 0.160458
  outer loop
    vertex 111.0272014263893 36.17431773517425 9.587155193832761
    vertex 111.8703980402423 35.97750805001663 10.37808240511434
    vertex 111.2258785399912 36.37299484877418 11.17431038766552
  endloop
endfacet
facet normal 0.387378 -0.919511 0.0666115
  outer loop
    vertex 112.44815597413 36.16768180924021 9.500000000000458
    vertex 111.6638083220329 35.79634126672875 8.935339833378316
    vertex 112.2603887844074 35.97991461951947 8
  endloop
endfacet
facet normal -0.0299993 -0.980716 0.193122
  outer loop
    vertex 111.6469532090205 36.18634714663158 11.5797342949563
    vertex 111.6955210922556 36.10768028152035 11.18779033909092
    vertex 112.1161684442357 36.09376849811214 11.18248603013921
  endloop
endfacet
facet normal -0.0307524 -0.987875 0.152173
  outer loop
    vertex 112.1161684442357 36.09376849811214 11.18248603013921
    vertex 111.6955210922556 36.10768028152035 11.18779033909092
    vertex 111.8703980402423 35.97750805001663 10.37808240511434
  endloop
endfacet
facet normal 0.392059 -0.918037 0.059139
  outer loop
    vertex 111.8703980402423 35.97750805001663 10.37808240511434
    vertex 111.6638083220329 35.79634126672875 8.935339833378316
    vertex 112.44815597413 36.16768180924021 9.500000000000458
  endloop
endfacet
facet normal -0.3706 -0.913513 0.167778
  outer loop
    vertex 111.0272014263893 36.17431773517425 9.587155193832761
    vertex 111.6638083220329 35.79634126672875 8.935339833378316
    vertex 111.8703980402423 35.97750805001663 10.37808240511434
  endloop
endfacet
facet normal -0.492319 -0.86977 0.0334992
  outer loop
    vertex 111.8703980402423 35.97750805001663 10.37808240511434
    vertex 111.6955210922556 36.10768028152035 11.18779033909092
    vertex 111.2258785399912 36.37299484877418 11.17431038766552
  endloop
endfacet
facet normal 0.386466 -0.919943 0.065945
  outer loop
    vertex 112.2603887844074 35.97991461951947 8
    vertex 111.6638083220329 35.79634126672875 8.935339833378316
    vertex 111.5446652835647 35.67924091304262 8
  endloop
endfacet
facet normal -0.49174 -0.870725 -0.00549447
  outer loop
    vertex 111.2258785399912 36.37299484877418 11.17431038766552
    vertex 111.6955210922556 36.10768028152035 11.18779033909092
    vertex 111.4215235632163 36.26118151155706 11.38401429866698
  endloop
endfacet
facet normal -0.412166 -0.901797 0.129926
  outer loop
    vertex 111.4215235632163 36.26118151155706 11.38401429866698
    vertex 111.6955210922556 36.10768028152035 11.18779033909092
    vertex 111.6469532090205 36.18634714663158 11.5797342949563
  endloop
endfacet
facet normal 0.399127 -0.914622 0.0645287
  outer loop
    vertex 112.6359231638547 36.35544899896299 11.00000000000041
    vertex 111.8703980402423 35.97750805001663 10.37808240511434
    vertex 112.44815597413 36.16768180924021 9.500000000000458
  endloop
endfacet
facet normal 0.447574 -0.894215 -0.00750695
  outer loop
    vertex 112.1161684442357 36.09376849811214 11.18248603013921
    vertex 111.8703980402423 35.97750805001663 10.37808240511434
    vertex 112.6359231638547 36.35544899896299 11.00000000000041
  endloop
endfacet
facet normal -0.376473 -0.912274 0.161323
  outer loop
    vertex 110.8285243127873 35.97564062157431 8
    vertex 111.6638083220329 35.79634126672875 8.935339833378316
    vertex 111.0272014263893 36.17431773517425 9.587155193832761
  endloop
endfacet
facet normal -0.377359 -0.911749 0.162215
  outer loop
    vertex 111.5446652835647 35.67924091304262 8
    vertex 111.6638083220329 35.79634126672875 8.935339833378316
    vertex 110.8285243127873 35.97564062157431 8
  endloop
endfacet
facet normal -1 1.77768e-14 8.3334e-13
  outer loop
    vertex 113.1043955020802 86.32235365540191 8.363055912557375
    vertex 113.1043955020808 84.84454182339179 9.025537752378785
    vertex 113.1043955020813 86.55265538625662 9.603004473610151
  endloop
endfacet
facet normal -1 1.75734e-14 8.23527e-13
  outer loop
    vertex 113.1043955020799 43.05908557486559 9.036344134475756
    vertex 113.1043955020793 41.44888969222445 8.380461077723478
    vertex 113.1043955020804 41.35903316704371 9.659328759058774
  endloop
endfacet
facet normal -1 -0 -4.65546e-13
  outer loop
    vertex 113.10439550208 86.61117963738994 6
    vertex 113.10439550208 84.64161441999862 6
    vertex 113.1043955020794 85.45868712351944 7.343104941637009
  endloop
endfacet
facet normal -1 -0 -1.13499e-12
  outer loop
    vertex 113.10439550208 43.28074485478093 6
    vertex 113.10439550208 41.31117963738961 6
    vertex 113.1043955020785 42.42767048996011 7.352238938664358
  endloop
endfacet
facet normal -1 -3.32603e-13 1.24113e-12
  outer loop
    vertex 113.1043955020818 38.4109271056943 10.66862915010194
    vertex 113.1043955020812 40.37633114659386 10.66862915010263
    vertex 113.1043955020804 39.2842827247244 9.757677717246922
  endloop
endfacet
facet normal -1 2.16915e-14 8.24373e-13
  outer loop
    vertex 113.1043955020822 87.54602812818337 10.66862915010263
    vertex 113.1043955020822 89.51143216908292 10.66862915010214
    vertex 113.1043955020814 88.66948710179499 9.690957417521089
  endloop
endfacet
facet normal -1 1.75482e-14 8.23525e-13
  outer loop
    vertex 113.1043955020793 41.44888969222445 8.380461077723478
    vertex 113.1043955020798 40.06854522418126 8.962070132794874
    vertex 113.1043955020804 41.35903316704371 9.659328759058774
  endloop
endfacet
facet normal -1 1.89049e-14 8.21845e-13
  outer loop
    vertex 113.1043955020816 61.99577559648905 10.66862915010263
    vertex 113.1043955020803 63.15498649577627 9.06844677069417
    vertex 113.1043955020803 60.83393734444259 9.069963673516977
  endloop
endfacet
facet normal -1 1.82685e-14 8.34436e-13
  outer loop
    vertex 113.1043955020808 84.84454182339179 9.025537752378785
    vertex 113.1043955020802 86.32235365540191 8.363055912557375
    vertex 113.1043955020794 85.45868712351944 7.343104941637009
  endloop
endfacet
facet normal -1 1.50408e-14 8.29745e-13
  outer loop
    vertex 113.1043955020793 41.44888969222445 8.380461077723478
    vertex 113.1043955020799 43.05908557486559 9.036344134475756
    vertex 113.1043955020785 42.42767048996011 7.352238938664358
  endloop
endfacet
facet normal -1 2.61766e-14 8.23928e-13
  outer loop
    vertex 113.1043955020821 83.61522004638424 10.66862915010263
    vertex 113.1043955020808 84.84454182339179 9.025537752378785
    vertex 113.1043955020807 82.66250554955005 9.008623588208811
  endloop
endfacet
facet normal -1 1.86961e-14 8.26591e-13
  outer loop
    vertex 113.1043955020812 42.34173518749342 10.66862915010263
    vertex 113.1043955020799 43.05908557486559 9.036344134475756
    vertex 113.1043955020804 41.35903316704371 9.659328759058774
  endloop
endfacet
facet normal -1 2.21648e-14 8.2036e-13
  outer loop
    vertex 113.1043955020808 84.84454182339179 9.025537752378785
    vertex 113.1043955020821 85.58062408728379 10.66862915010263
    vertex 113.1043955020813 86.55265538625662 9.603004473610151
  endloop
endfacet
facet normal -1 2.16915e-14 8.27907e-13
  outer loop
    vertex 113.1043955020812 42.34173518749342 10.66862915010263
    vertex 113.1043955020812 44.30713922839298 10.66862915010263
    vertex 113.1043955020799 43.05908557486559 9.036344134475756
  endloop
endfacet
facet normal -1 2.16915e-14 8.20572e-13
  outer loop
    vertex 113.1043955020821 83.61522004638424 10.66862915010263
    vertex 113.1043955020821 85.58062408728379 10.66862915010263
    vertex 113.1043955020808 84.84454182339179 9.025537752378785
  endloop
endfacet
facet normal -1 2.43486e-14 8.26761e-13
  outer loop
    vertex 113.1043955020813 46.27254326929255 10.66862915010263
    vertex 113.1043955020799 47.24819188905619 8.989792031070188
    vertex 113.1043955020799 45.20488027732002 9.015591561762404
  endloop
endfacet
facet normal -1 1.89095e-14 8.28884e-13
  outer loop
    vertex 113.1043955020803 63.15498649577627 9.06844677069417
    vertex 113.104395502079 61.99395614084472 7.517634110923035
    vertex 113.1043955020803 60.83393734444259 9.069963673516977
  endloop
endfacet
facet normal -1 2.12555e-14 8.28241e-13
  outer loop
    vertex 113.1043955020799 43.05908557486559 9.036344134475756
    vertex 113.1043955020812 44.30713922839298 10.66862915010263
    vertex 113.1043955020799 45.20488027732002 9.015591561762404
  endloop
endfacet
facet normal -1 2.61235e-14 8.30771e-13
  outer loop
    vertex 113.1043955020807 82.66250554955005 9.008623588208811
    vertex 113.1043955020808 84.84454182339179 9.025537752378785
    vertex 113.1043955020794 83.72125356754579 7.470035984885892
  endloop
endfacet
facet normal -1 2.19827e-14 8.27921e-13
  outer loop
    vertex 113.1043955020807 82.66250554955005 9.008623588208811
    vertex 113.1043955020794 83.72125356754579 7.470035984885892
    vertex 113.1043955020794 81.68496970908984 7.489773782250097
  endloop
endfacet
facet normal -1 2.16915e-14 8.26502e-13
  outer loop
    vertex 113.104395502082 81.64981600548467 10.66862915010263
    vertex 113.1043955020821 83.61522004638424 10.66862915010263
    vertex 113.1043955020807 82.66250554955005 9.008623588208811
  endloop
endfacet
facet normal -1 1.82223e-14 8.24386e-13
  outer loop
    vertex 113.1043955020806 80.66711398503489 8.966539321983026
    vertex 113.104395502082 81.64981600548467 10.66862915010263
    vertex 113.1043955020807 82.66250554955005 9.008623588208811
  endloop
endfacet
facet normal -1 1.7392e-14 8.29985e-13
  outer loop
    vertex 113.1043955020786 44.15494354311042 7.496628419786916
    vertex 113.1043955020799 45.20488027732002 9.015591561762404
    vertex 113.1043955020787 46.19492617636001 7.522368592900825
  endloop
endfacet
facet normal -1 2.16915e-14 8.28478e-13
  outer loop
    vertex 113.1043955020812 44.30713922839298 10.66862915010263
    vertex 113.1043955020813 46.27254326929255 10.66862915010263
    vertex 113.1043955020799 45.20488027732002 9.015591561762404
  endloop
endfacet
facet normal -1 -0 -6.46104e-13
  outer loop
    vertex 113.10439550208 62.97639702869409 6
    vertex 113.10439550208 61.00683181130277 6
    vertex 113.104395502079 61.99395614084472 7.517634110923035
  endloop
endfacet
facet normal -1 2.16915e-14 8.22383e-13
  outer loop
    vertex 113.1043955020819 75.75360388278598 10.66862915010263
    vertex 113.104395502082 77.71900792368555 10.66862915010263
    vertex 113.1043955020805 76.73630590323576 8.966539321983026
  endloop
endfacet
facet normal -1 2.16915e-14 8.22383e-13
  outer loop
    vertex 113.1043955020817 63.96117963738861 10.66862915010263
    vertex 113.1043955020817 65.92658367828817 10.66862915010263
    vertex 113.1043955020803 64.9438816578384 8.966539321983026
  endloop
endfacet
facet normal -1 2.16915e-14 8.30732e-13
  outer loop
    vertex 113.1043955020815 58.06496751468993 10.66862915010263
    vertex 113.1043955020816 60.03037155558948 10.66862915010263
    vertex 113.1043955020802 59.04766953513972 8.966539321983026
  endloop
endfacet
facet normal -1 2.16915e-14 8.22383e-13
  outer loop
    vertex 113.104395502082 79.68441196458511 10.66862915010263
    vertex 113.104395502082 81.64981600548467 10.66862915010263
    vertex 113.1043955020806 80.66711398503489 8.966539321983026
  endloop
endfacet
facet normal -1 2.16915e-14 8.22383e-13
  outer loop
    vertex 113.1043955020819 73.78819984188642 10.66862915010263
    vertex 113.1043955020819 75.75360388278598 10.66862915010263
    vertex 113.1043955020805 74.77090186233622 8.966539321983026
  endloop
endfacet
facet normal -1 2.16915e-14 8.22383e-13
  outer loop
    vertex 113.1043955020817 67.89198771918774 10.66862915010263
    vertex 113.1043955020818 69.8573917600873 10.66862915010263
    vertex 113.1043955020804 68.87468973963752 8.966539321983026
  endloop
endfacet
facet normal -1 2.16915e-14 8.2411e-13
  outer loop
    vertex 113.1043955020813 48.23794731019211 10.66862915010263
    vertex 113.1043955020814 50.20335135109167 10.66862915010263
    vertex 113.10439550208 49.22034332096337 8.987359802011667
  endloop
endfacet
facet normal -1 2.16915e-14 8.22383e-13
  outer loop
    vertex 113.104395502082 77.71900792368555 10.66862915010263
    vertex 113.104395502082 79.68441196458511 10.66862915010263
    vertex 113.1043955020806 78.70170994413533 8.966539321983028
  endloop
endfacet
facet normal -1 2.16915e-14 8.22383e-13
  outer loop
    vertex 113.1043955020814 50.20335135109167 10.66862915010263
    vertex 113.1043955020814 52.16875539199123 10.66862915010263
    vertex 113.10439550208 51.18605337154145 8.966539321983023
  endloop
endfacet
facet normal -1 2.16915e-14 8.25217e-13
  outer loop
    vertex 113.1043955020813 46.27254326929255 10.66862915010263
    vertex 113.1043955020813 48.23794731019211 10.66862915010263
    vertex 113.1043955020799 47.24819188905619 8.989792031070188
  endloop
endfacet
facet normal -1 2.16915e-14 8.30732e-13
  outer loop
    vertex 113.1043955020815 56.09956347379036 10.66862915010263
    vertex 113.1043955020815 58.06496751468993 10.66862915010263
    vertex 113.1043955020801 57.08226549424014 8.966539321983023
  endloop
endfacet
facet normal -1 2.16915e-14 8.22383e-13
  outer loop
    vertex 113.1043955020818 71.82279580098685 10.66862915010263
    vertex 113.1043955020819 73.78819984188642 10.66862915010263
    vertex 113.1043955020805 72.80549782143665 8.966539321983026
  endloop
endfacet
facet normal -1 2.16915e-14 8.30732e-13
  outer loop
    vertex 113.1043955020814 52.16875539199123 10.66862915010263
    vertex 113.1043955020815 54.1341594328908 10.66862915010263
    vertex 113.10439550208 53.15145741244103 8.966539321983021
  endloop
endfacet
facet normal -1 2.16915e-14 8.22383e-13
  outer loop
    vertex 113.1043955020818 69.8573917600873 10.66862915010263
    vertex 113.1043955020818 71.82279580098685 10.66862915010263
    vertex 113.1043955020804 70.84009378053707 8.966539321983035
  endloop
endfacet
facet normal -1 2.16915e-14 8.30732e-13
  outer loop
    vertex 113.1043955020815 54.1341594328908 10.66862915010263
    vertex 113.1043955020815 56.09956347379036 10.66862915010263
    vertex 113.1043955020801 55.11686145334056 8.966539321983021
  endloop
endfacet
facet normal -1 2.16915e-14 8.22383e-13
  outer loop
    vertex 113.1043955020817 65.92658367828817 10.66862915010263
    vertex 113.1043955020817 67.89198771918774 10.66862915010263
    vertex 113.1043955020803 66.90928569873795 8.966539321983054
  endloop
endfacet
facet normal -1 1.4461e-14 8.26557e-13
  outer loop
    vertex 113.10439550208 51.18605337154145 8.966539321983023
    vertex 113.1043955020814 52.16875539199123 10.66862915010263
    vertex 113.10439550208 53.15145741244103 8.966539321983021
  endloop
endfacet
facet normal -1 2.16915e-14 8.30732e-13
  outer loop
    vertex 113.1043955020815 58.06496751468993 10.66862915010263
    vertex 113.1043955020802 59.04766953513972 8.966539321983026
    vertex 113.1043955020801 57.08226549424014 8.966539321983023
  endloop
endfacet
facet normal -1 2.16915e-14 8.30732e-13
  outer loop
    vertex 113.1043955020801 55.11686145334056 8.966539321983021
    vertex 113.1043955020815 56.09956347379036 10.66862915010263
    vertex 113.1043955020801 57.08226549424014 8.966539321983023
  endloop
endfacet
facet normal -1 2.16915e-14 8.22383e-13
  outer loop
    vertex 113.1043955020818 71.82279580098685 10.66862915010263
    vertex 113.1043955020805 72.80549782143665 8.966539321983026
    vertex 113.1043955020804 70.84009378053707 8.966539321983035
  endloop
endfacet
facet normal -1 2.31784e-14 8.23241e-13
  outer loop
    vertex 113.1043955020814 50.20335135109167 10.66862915010263
    vertex 113.10439550208 51.18605337154145 8.966539321983023
    vertex 113.10439550208 49.22034332096337 8.987359802011667
  endloop
endfacet
facet normal -1 2.26343e-14 8.24661e-13
  outer loop
    vertex 113.1043955020799 47.24819188905619 8.989792031070188
    vertex 113.1043955020813 48.23794731019211 10.66862915010263
    vertex 113.10439550208 49.22034332096337 8.987359802011667
  endloop
endfacet
facet normal -1 2.16915e-14 8.22383e-13
  outer loop
    vertex 113.1043955020804 68.87468973963752 8.966539321983026
    vertex 113.1043955020818 69.8573917600873 10.66862915010263
    vertex 113.1043955020804 70.84009378053707 8.966539321983035
  endloop
endfacet
facet normal -1 2.16915e-14 8.22383e-13
  outer loop
    vertex 113.1043955020817 67.89198771918774 10.66862915010263
    vertex 113.1043955020804 68.87468973963752 8.966539321983026
    vertex 113.1043955020803 66.90928569873795 8.966539321983054
  endloop
endfacet
facet normal -1 2.16915e-14 8.22383e-13
  outer loop
    vertex 113.104395502082 79.68441196458511 10.66862915010263
    vertex 113.1043955020806 80.66711398503489 8.966539321983026
    vertex 113.1043955020806 78.70170994413533 8.966539321983028
  endloop
endfacet
facet normal -1 2.16915e-14 8.22383e-13
  outer loop
    vertex 113.1043955020805 76.73630590323576 8.966539321983026
    vertex 113.104395502082 77.71900792368555 10.66862915010263
    vertex 113.1043955020806 78.70170994413533 8.966539321983028
  endloop
endfacet
facet normal -1 2.16915e-14 8.22383e-13
  outer loop
    vertex 113.1043955020805 72.80549782143665 8.966539321983026
    vertex 113.1043955020819 73.78819984188642 10.66862915010263
    vertex 113.1043955020805 74.77090186233622 8.966539321983026
  endloop
endfacet
facet normal -1 2.16915e-14 8.22383e-13
  outer loop
    vertex 113.1043955020819 75.75360388278598 10.66862915010263
    vertex 113.1043955020805 76.73630590323576 8.966539321983026
    vertex 113.1043955020805 74.77090186233622 8.966539321983026
  endloop
endfacet
facet normal -1 2.16915e-14 8.22383e-13
  outer loop
    vertex 113.1043955020803 64.9438816578384 8.966539321983026
    vertex 113.1043955020817 65.92658367828817 10.66862915010263
    vertex 113.1043955020803 66.90928569873795 8.966539321983054
  endloop
endfacet
facet normal -1 2.16915e-14 8.30732e-13
  outer loop
    vertex 113.1043955020815 54.1341594328908 10.66862915010263
    vertex 113.1043955020801 55.11686145334056 8.966539321983021
    vertex 113.10439550208 53.15145741244103 8.966539321983021
  endloop
endfacet
facet normal -1 1.02324e-14 -3.84317e-13
  outer loop
    vertex 113.1043955020794 83.72125356754579 7.470035984885892
    vertex 113.10439550208 82.6720492026073 6
    vertex 113.1043955020794 81.68496970908984 7.489773782250097
  endloop
endfacet
facet normal -1 1.58388e-14 8.28273e-13
  outer loop
    vertex 113.1043955020813 86.55265538625662 9.603004473610151
    vertex 113.1043955020809 87.7921740064652 9.116056924824079
    vertex 113.1043955020806 87.01959067137841 8.770529327747902
  endloop
endfacet
facet normal -1 2.12466e-14 8.27321e-13
  outer loop
    vertex 113.1043955020799 43.05908557486559 9.036344134475756
    vertex 113.1043955020799 45.20488027732002 9.015591561762404
    vertex 113.1043955020786 44.15494354311042 7.496628419786916
  endloop
endfacet
facet normal -1 2.0436e-14 8.41374e-13
  outer loop
    vertex 113.1043955020811 89.51143216908322 9.334314575051067
    vertex 113.10439550208 89.51143216908325 8
    vertex 113.1043955020807 88.78916626993264 8.828265783479246
  endloop
endfacet
facet normal -1 3.1793e-14 8.30724e-13
  outer loop
    vertex 113.1043955020789 38.41092710569369 8
    vertex 113.10439550208 38.4109271056945 9.334314575050968
    vertex 113.1043955020796 39.12714710636713 8.810812485018554
  endloop
endfacet
facet normal -1 2.01142e-14 8.3511e-13
  outer loop
    vertex 113.1043955020808 84.84454182339179 9.025537752378785
    vertex 113.1043955020794 85.45868712351944 7.343104941637009
    vertex 113.1043955020794 83.72125356754579 7.470035984885892
  endloop
endfacet
facet normal -1 3.91249e-14 -8.92404e-13
  outer loop
    vertex 113.10439550208 45.25031007217225 6
    vertex 113.1043955020786 44.15494354311042 7.496628419786916
    vertex 113.1043955020787 46.19492617636001 7.522368592900825
  endloop
endfacet
facet normal -1 2.44484e-14 8.34663e-13
  outer loop
    vertex 113.1043955020799 45.20488027732002 9.015591561762404
    vertex 113.1043955020799 47.24819188905619 8.989792031070188
    vertex 113.1043955020787 46.19492617636001 7.522368592900825
  endloop
endfacet
facet normal -1 2.13364e-14 8.27384e-13
  outer loop
    vertex 113.1043955020785 42.42767048996011 7.352238938664358
    vertex 113.1043955020799 43.05908557486559 9.036344134475756
    vertex 113.1043955020786 44.15494354311042 7.496628419786916
  endloop
endfacet
facet normal -1 2.16915e-14 8.23864e-13
  outer loop
    vertex 113.1043955020816 61.99577559648905 10.66862915010263
    vertex 113.1043955020817 63.96117963738861 10.66862915010263
    vertex 113.1043955020803 63.15498649577627 9.06844677069417
  endloop
endfacet
facet normal -1 1.4461e-14 8.25075e-13
  outer loop
    vertex 113.1043955020816 60.03037155558948 10.66862915010263
    vertex 113.1043955020816 61.99577559648905 10.66862915010263
    vertex 113.1043955020803 60.83393734444259 9.069963673516977
  endloop
endfacet
facet normal -1 -4.3373e-15 -6.48911e-13
  outer loop
    vertex 113.10439550208 62.97639702869409 6
    vertex 113.104395502079 61.99395614084472 7.517634110923035
    vertex 113.104395502079 63.96199516647383 7.482580283337747
  endloop
endfacet
facet normal -1 4.74825e-14 -6.76988e-13
  outer loop
    vertex 113.104395502079 61.99395614084472 7.517634110923035
    vertex 113.10439550208 61.00683181130277 6
    vertex 113.1043955020789 60.02958899837877 7.484813937989319
  endloop
endfacet
facet normal -1 1.50082e-14 8.26159e-13
  outer loop
    vertex 113.1043955020822 87.54602812818337 10.66862915010263
    vertex 113.1043955020809 87.7921740064652 9.116056924824079
    vertex 113.1043955020813 86.55265538625662 9.603004473610151
  endloop
endfacet
facet normal -1 1.89237e-14 8.2098e-13
  outer loop
    vertex 113.1043955020798 40.06854522418126 8.962070132794874
    vertex 113.1043955020812 40.37633114659386 10.66862915010263
    vertex 113.1043955020804 41.35903316704371 9.659328759058774
  endloop
endfacet
facet normal -1 1.63639e-15 -8.67025e-13
  outer loop
    vertex 113.10439550208 47.21987528956356 6
    vertex 113.1043955020787 46.19492617636001 7.522368592900825
    vertex 113.1043955020787 48.23794731019213 7.493443798422128
  endloop
endfacet
facet normal -1 1.8095e-14 8.30423e-13
  outer loop
    vertex 113.1043955020806 80.66711398503489 8.966539321983026
    vertex 113.1043955020807 82.66250554955005 9.008623588208811
    vertex 113.1043955020794 81.68496970908984 7.489773782250097
  endloop
endfacet
facet normal -1 -0 -9.21039e-13
  outer loop
    vertex 113.10439550208 45.25031007217225 6
    vertex 113.10439550208 43.28074485478093 6
    vertex 113.1043955020786 44.15494354311042 7.496628419786916
  endloop
endfacet
facet normal -1 2.57158e-14 8.33754e-13
  outer loop
    vertex 113.1043955020787 46.19492617636001 7.522368592900825
    vertex 113.1043955020799 47.24819188905619 8.989792031070188
    vertex 113.1043955020787 48.23794731019213 7.493443798422128
  endloop
endfacet
facet normal -1 -2.23313e-13 1.52259e-13
  outer loop
    vertex 113.1043955020799 87.41117963738994 8
    vertex 113.10439550208 86.61117963738926 7.199999999999995
    vertex 113.1043955020802 86.32235365540191 8.363055912557375
  endloop
endfacet
facet normal -1 6.48921e-13 -6.65583e-13
  outer loop
    vertex 113.10439550208 41.31117963738961 7.199999999999995
    vertex 113.1043955020789 40.51117963738992 8
    vertex 113.1043955020793 41.44888969222445 8.380461077723478
  endloop
endfacet
facet normal -1 -0 -3.77013e-13
  outer loop
    vertex 113.10439550208 84.64161441999862 6
    vertex 113.10439550208 82.6720492026073 6
    vertex 113.1043955020794 83.72125356754579 7.470035984885892
  endloop
endfacet
facet normal -1 -0 -3.91096e-13
  outer loop
    vertex 113.10439550208 82.6720492026073 6
    vertex 113.10439550208 80.70248398521598 6
    vertex 113.1043955020794 81.68496970908984 7.489773782250097
  endloop
endfacet
facet normal -1 2.25557e-14 -4.05971e-13
  outer loop
    vertex 113.1043955020794 81.68496970908984 7.489773782250097
    vertex 113.10439550208 80.70248398521598 6
    vertex 113.1043955020794 79.70325378652446 7.484683893661984
  endloop
endfacet
facet normal -1 -0 -8.68127e-13
  outer loop
    vertex 113.10439550208 47.21987528956356 6
    vertex 113.10439550208 45.25031007217225 6
    vertex 113.1043955020787 46.19492617636001 7.522368592900825
  endloop
endfacet
facet normal -1 -7.17199e-14 -4.21916e-13
  outer loop
    vertex 113.1043955020794 85.45868712351944 7.343104941637009
    vertex 113.10439550208 84.64161441999862 6
    vertex 113.1043955020794 83.72125356754579 7.470035984885892
  endloop
endfacet
facet normal -1 1.93778e-14 8.31308e-13
  outer loop
    vertex 113.1043955020806 80.66711398503489 8.966539321983026
    vertex 113.1043955020794 81.68496970908984 7.489773782250097
    vertex 113.1043955020794 79.70325378652446 7.484683893661984
  endloop
endfacet
facet normal -1 2.45635e-14 8.27674e-13
  outer loop
    vertex 113.1043955020809 87.7921740064652 9.116056924824079
    vertex 113.1043955020822 87.54602812818337 10.66862915010263
    vertex 113.1043955020814 88.66948710179499 9.690957417521089
  endloop
endfacet
facet normal -1 1.7682e-14 8.21204e-13
  outer loop
    vertex 113.1043955020812 40.37633114659386 10.66862915010263
    vertex 113.1043955020798 40.06854522418126 8.962070132794874
    vertex 113.1043955020804 39.2842827247244 9.757677717246922
  endloop
endfacet
facet normal -1 2.19441e-14 8.26612e-13
  outer loop
    vertex 113.104395502079 61.99395614084472 7.517634110923035
    vertex 113.1043955020803 63.15498649577627 9.06844677069417
    vertex 113.104395502079 63.96199516647383 7.482580283337747
  endloop
endfacet
facet normal -1 2.30617e-14 8.23174e-13
  outer loop
    vertex 113.1043955020817 63.96117963738861 10.66862915010263
    vertex 113.1043955020803 64.9438816578384 8.966539321983026
    vertex 113.1043955020803 63.15498649577627 9.06844677069417
  endloop
endfacet
facet normal -1 2.3564e-14 8.29651e-13
  outer loop
    vertex 113.1043955020802 59.04766953513972 8.966539321983026
    vertex 113.1043955020816 60.03037155558948 10.66862915010263
    vertex 113.1043955020803 60.83393734444259 9.069963673516977
  endloop
endfacet
facet normal -1 -0 -4.21152e-13
  outer loop
    vertex 113.10439550208 80.70248398521598 6
    vertex 113.10439550208 78.73291876782464 6
    vertex 113.1043955020794 79.70325378652446 7.484683893661984
  endloop
endfacet
facet normal -1 -0 -8.6591e-13
  outer loop
    vertex 113.10439550208 49.18944050695488 6
    vertex 113.10439550208 47.21987528956356 6
    vertex 113.1043955020787 48.23794731019213 7.493443798422128
  endloop
endfacet
facet normal -1 2.22807e-14 8.31403e-13
  outer loop
    vertex 113.1043955020803 60.83393734444259 9.069963673516977
    vertex 113.104395502079 61.99395614084472 7.517634110923035
    vertex 113.1043955020789 60.02958899837877 7.484813937989319
  endloop
endfacet
facet normal -1 -0 -4.49695e-13
  outer loop
    vertex 113.10439550208 78.73291876782464 6
    vertex 113.10439550208 76.76335355043332 6
    vertex 113.1043955020793 77.73032632784603 7.485250935755751
  endloop
endfacet
facet normal -1 -0 -8.49565e-13
  outer loop
    vertex 113.10439550208 51.15900572434619 6
    vertex 113.10439550208 49.18944050695488 6
    vertex 113.1043955020787 50.1919822340781 7.488721135984635
  endloop
endfacet
facet normal -1 -0 -4.78485e-13
  outer loop
    vertex 113.10439550208 76.76335355043332 6
    vertex 113.10439550208 74.793788333042 6
    vertex 113.1043955020793 75.76325783686201 7.484983172145595
  endloop
endfacet
facet normal -1 -0 -8.22994e-13
  outer loop
    vertex 113.10439550208 53.12857094173751 6
    vertex 113.10439550208 51.15900572434619 6
    vertex 113.1043955020788 52.15910317047054 7.484983893490989
  endloop
endfacet
facet normal -1 -0 -5.07286e-13
  outer loop
    vertex 113.10439550208 74.793788333042 6
    vertex 113.10439550208 72.82422311565068 6
    vertex 113.1043955020792 73.79618944843922 7.484714172221047
  endloop
endfacet
facet normal -1 -0 -7.94427e-13
  outer loop
    vertex 113.10439550208 55.09813615912883 6
    vertex 113.10439550208 53.12857094173751 6
    vertex 113.1043955020788 54.12618022166534 7.484718500294132
  endloop
endfacet
facet normal -1 2.14837e-14 -4.35193e-13
  outer loop
    vertex 113.10439550208 78.73291876782464 6
    vertex 113.1043955020793 77.73032632784603 7.485250935755751
    vertex 113.1043955020794 79.70325378652446 7.484683893661984
  endloop
endfacet
facet normal -1 1.24715e-14 -8.57964e-13
  outer loop
    vertex 113.1043955020787 50.1919822340781 7.488721135984635
    vertex 113.10439550208 49.18944050695488 6
    vertex 113.1043955020787 48.23794731019213 7.493443798422128
  endloop
endfacet
facet normal -1 -0 -5.36098e-13
  outer loop
    vertex 113.10439550208 72.82422311565068 6
    vertex 113.10439550208 70.85465789825936 6
    vertex 113.1043955020792 71.8291216753838 7.484443591308935
  endloop
endfacet
facet normal -1 -0 -7.65841e-13
  outer loop
    vertex 113.10439550208 57.06770137652015 6
    vertex 113.10439550208 55.09813615912883 6
    vertex 113.1043955020789 56.09329997135288 7.484469559748195
  endloop
endfacet
facet normal -1 2.17363e-14 -4.63847e-13
  outer loop
    vertex 113.10439550208 76.76335355043332 6
    vertex 113.1043955020793 75.76325783686201 7.484983172145595
    vertex 113.1043955020793 77.73032632784603 7.485250935755751
  endloop
endfacet
facet normal -1 2.00833e-14 -8.3652e-13
  outer loop
    vertex 113.1043955020788 52.15910317047054 7.484983893490989
    vertex 113.10439550208 51.15900572434619 6
    vertex 113.1043955020787 50.1919822340781 7.488721135984635
  endloop
endfacet
facet normal -1 -0 -5.64922e-13
  outer loop
    vertex 113.10439550208 70.85465789825936 6
    vertex 113.10439550208 68.88509268086804 6
    vertex 113.1043955020792 69.86205759453262 7.484169361370204
  endloop
endfacet
facet normal -1 -0 -7.37194e-13
  outer loop
    vertex 113.10439550208 59.03726659391146 6
    vertex 113.10439550208 57.06770137652015 6
    vertex 113.1043955020789 58.06067591199677 7.484325172006533
  endloop
endfacet
facet normal -1 2.17405e-14 -4.92679e-13
  outer loop
    vertex 113.10439550208 74.793788333042 6
    vertex 113.1043955020792 73.79618944843922 7.484714172221047
    vertex 113.1043955020793 75.76325783686201 7.484983172145595
  endloop
endfacet
facet normal -1 2.15639e-14 -8.08917e-13
  outer loop
    vertex 113.1043955020788 54.12618022166534 7.484718500294132
    vertex 113.10439550208 53.12857094173751 6
    vertex 113.1043955020788 52.15910317047054 7.484983893490989
  endloop
endfacet
facet normal -1 -0 -5.93763e-13
  outer loop
    vertex 113.10439550208 68.88509268086804 6
    vertex 113.10439550208 66.91552746347672 6
    vertex 113.1043955020791 67.89501566690681 7.483879074170586
  endloop
endfacet
facet normal -1 2.17449e-14 -5.21522e-13
  outer loop
    vertex 113.10439550208 72.82422311565068 6
    vertex 113.1043955020792 71.8291216753838 7.484443591308935
    vertex 113.1043955020792 73.79618944843922 7.484714172221047
  endloop
endfacet
facet normal -1 2.15738e-14 -7.80304e-13
  outer loop
    vertex 113.1043955020789 56.09329997135288 7.484469559748195
    vertex 113.10439550208 55.09813615912883 6
    vertex 113.1043955020788 54.12618022166534 7.484718500294132
  endloop
endfacet
facet normal -1 -0 -7.08239e-13
  outer loop
    vertex 113.10439550208 61.00683181130277 6
    vertex 113.10439550208 59.03726659391146 6
    vertex 113.1043955020789 60.02958899837877 7.484813937989319
  endloop
endfacet
facet normal -1 -0 -6.22654e-13
  outer loop
    vertex 113.10439550208 66.91552746347672 6
    vertex 113.10439550208 64.9459622460854 6
    vertex 113.1043955020791 65.92810665863334 7.483498280304418
  endloop
endfacet
facet normal -1 2.17499e-14 -5.50376e-13
  outer loop
    vertex 113.10439550208 70.85465789825936 6
    vertex 113.1043955020792 69.86205759453262 7.484169361370204
    vertex 113.1043955020792 71.8291216753838 7.484443591308935
  endloop
endfacet
facet normal -1 2.16146e-14 -7.51654e-13
  outer loop
    vertex 113.1043955020789 58.06067591199677 7.484325172006533
    vertex 113.10439550208 57.06770137652015 6
    vertex 113.1043955020789 56.09329997135288 7.484469559748195
  endloop
endfacet
facet normal -1 -0 -6.51795e-13
  outer loop
    vertex 113.10439550208 64.9459622460854 6
    vertex 113.10439550208 62.97639702869409 6
    vertex 113.104395502079 63.96199516647383 7.482580283337747
  endloop
endfacet
facet normal -1 2.17589e-14 -5.79245e-13
  outer loop
    vertex 113.10439550208 68.88509268086804 6
    vertex 113.1043955020791 67.89501566690681 7.483879074170586
    vertex 113.1043955020792 69.86205759453262 7.484169361370204
  endloop
endfacet
facet normal -1 2.16915e-14 8.28886e-13
  outer loop
    vertex 113.1043955020803 64.9438816578384 8.966539321983026
    vertex 113.1043955020803 66.90928569873795 8.966539321983054
    vertex 113.1043955020791 65.92810665863334 7.483498280304418
  endloop
endfacet
facet normal -1 2.18323e-14 -7.2283e-13
  outer loop
    vertex 113.1043955020789 60.02958899837877 7.484813937989319
    vertex 113.10439550208 59.03726659391146 6
    vertex 113.1043955020789 58.06067591199677 7.484325172006533
  endloop
endfacet
facet normal -1 1.76092e-13 -1.0239e-12
  outer loop
    vertex 113.10439550208 43.28074485478093 6
    vertex 113.1043955020785 42.42767048996011 7.352238938664358
    vertex 113.1043955020786 44.15494354311042 7.496628419786916
  endloop
endfacet
facet normal -1 2.17926e-14 -6.08148e-13
  outer loop
    vertex 113.10439550208 66.91552746347672 6
    vertex 113.1043955020791 65.92810665863334 7.483498280304418
    vertex 113.1043955020791 67.89501566690681 7.483879074170586
  endloop
endfacet
facet normal -1 2.12968e-14 8.28624e-13
  outer loop
    vertex 113.104395502079 63.96199516647383 7.482580283337747
    vertex 113.1043955020803 64.9438816578384 8.966539321983026
    vertex 113.1043955020791 65.92810665863334 7.483498280304418
  endloop
endfacet
facet normal -1 2.16915e-14 8.29121e-13
  outer loop
    vertex 113.1043955020803 66.90928569873795 8.966539321983054
    vertex 113.1043955020804 68.87468973963752 8.966539321983026
    vertex 113.1043955020791 67.89501566690681 7.483879074170586
  endloop
endfacet
facet normal -1 2.15144e-14 8.29003e-13
  outer loop
    vertex 113.1043955020791 65.92810665863334 7.483498280304418
    vertex 113.1043955020803 66.90928569873795 8.966539321983054
    vertex 113.1043955020791 67.89501566690681 7.483879074170586
  endloop
endfacet
facet normal -1 2.16915e-14 8.29263e-13
  outer loop
    vertex 113.1043955020801 57.08226549424014 8.966539321983023
    vertex 113.1043955020802 59.04766953513972 8.966539321983026
    vertex 113.1043955020789 58.06067591199677 7.484325172006533
  endloop
endfacet
facet normal -1 2.16915e-14 8.29307e-13
  outer loop
    vertex 113.1043955020804 68.87468973963752 8.966539321983026
    vertex 113.1043955020804 70.84009378053707 8.966539321983035
    vertex 113.1043955020792 69.86205759453262 7.484169361370204
  endloop
endfacet
facet normal -1 2.19812e-14 -6.37206e-13
  outer loop
    vertex 113.10439550208 64.9459622460854 6
    vertex 113.104395502079 63.96199516647383 7.482580283337747
    vertex 113.1043955020791 65.92810665863334 7.483498280304418
  endloop
endfacet
facet normal -1 2.15511e-14 8.29214e-13
  outer loop
    vertex 113.1043955020791 67.89501566690681 7.483879074170586
    vertex 113.1043955020804 68.87468973963752 8.966539321983026
    vertex 113.1043955020792 69.86205759453262 7.484169361370204
  endloop
endfacet
facet normal -1 2.14469e-14 8.29426e-13
  outer loop
    vertex 113.1043955020802 59.04766953513972 8.966539321983026
    vertex 113.1043955020789 60.02958899837877 7.484813937989319
    vertex 113.1043955020789 58.06067591199677 7.484325172006533
  endloop
endfacet
facet normal -1 2.16915e-14 8.29315e-13
  outer loop
    vertex 113.1043955020801 55.11686145334056 8.966539321983021
    vertex 113.1043955020801 57.08226549424014 8.966539321983023
    vertex 113.1043955020789 56.09329997135288 7.484469559748195
  endloop
endfacet
facet normal -1 2.16915e-14 8.29485e-13
  outer loop
    vertex 113.1043955020804 70.84009378053707 8.966539321983035
    vertex 113.1043955020805 72.80549782143665 8.966539321983026
    vertex 113.1043955020792 71.8291216753838 7.484443591308935
  endloop
endfacet
facet normal -1 2.17306e-14 8.29289e-13
  outer loop
    vertex 113.1043955020801 57.08226549424014 8.966539321983023
    vertex 113.1043955020789 58.06067591199677 7.484325172006533
    vertex 113.1043955020789 56.09329997135288 7.484469559748195
  endloop
endfacet
facet normal -1 2.15576e-14 8.29396e-13
  outer loop
    vertex 113.1043955020792 69.86205759453262 7.484169361370204
    vertex 113.1043955020804 70.84009378053707 8.966539321983035
    vertex 113.1043955020792 71.8291216753838 7.484443591308935
  endloop
endfacet
facet normal -1 2.16915e-14 8.29429e-13
  outer loop
    vertex 113.10439550208 53.15145741244103 8.966539321983021
    vertex 113.1043955020801 55.11686145334056 8.966539321983021
    vertex 113.1043955020788 54.12618022166534 7.484718500294132
  endloop
endfacet
facet normal -1 2.16915e-14 8.29661e-13
  outer loop
    vertex 113.1043955020805 72.80549782143665 8.966539321983026
    vertex 113.1043955020805 74.77090186233622 8.966539321983026
    vertex 113.1043955020792 73.79618944843922 7.484714172221047
  endloop
endfacet
facet normal -1 2.17775e-14 8.29372e-13
  outer loop
    vertex 113.1043955020801 55.11686145334056 8.966539321983021
    vertex 113.1043955020789 56.09329997135288 7.484469559748195
    vertex 113.1043955020788 54.12618022166534 7.484718500294132
  endloop
endfacet
facet normal -1 2.1559e-14 8.29572e-13
  outer loop
    vertex 113.1043955020792 71.8291216753838 7.484443591308935
    vertex 113.1043955020805 72.80549782143665 8.966539321983026
    vertex 113.1043955020792 73.79618944843922 7.484714172221047
  endloop
endfacet
facet normal -1 1.4461e-14 8.34397e-13
  outer loop
    vertex 113.10439550208 51.18605337154145 8.966539321983023
    vertex 113.10439550208 53.15145741244103 8.966539321983021
    vertex 113.1043955020788 52.15910317047054 7.484983893490989
  endloop
endfacet
facet normal -1 2.16915e-14 8.29836e-13
  outer loop
    vertex 113.1043955020805 74.77090186233622 8.966539321983026
    vertex 113.1043955020805 76.73630590323576 8.966539321983026
    vertex 113.1043955020793 75.76325783686201 7.484983172145595
  endloop
endfacet
facet normal -1 2.1785e-14 8.29491e-13
  outer loop
    vertex 113.10439550208 53.15145741244103 8.966539321983021
    vertex 113.1043955020788 54.12618022166534 7.484718500294132
    vertex 113.1043955020788 52.15910317047054 7.484983893490989
  endloop
endfacet
facet normal -1 2.15597e-14 8.29748e-13
  outer loop
    vertex 113.1043955020792 73.79618944843922 7.484714172221047
    vertex 113.1043955020805 74.77090186233622 8.966539321983026
    vertex 113.1043955020793 75.76325783686201 7.484983172145595
  endloop
endfacet
facet normal -1 2.33572e-14 8.40122e-13
  outer loop
    vertex 113.10439550208 49.22034332096337 8.987359802011667
    vertex 113.10439550208 51.18605337154145 8.966539321983023
    vertex 113.1043955020787 50.1919822340781 7.488721135984635
  endloop
endfacet
facet normal -1 2.16915e-14 8.3001e-13
  outer loop
    vertex 113.1043955020805 76.73630590323576 8.966539321983026
    vertex 113.1043955020806 78.70170994413533 8.966539321983028
    vertex 113.1043955020793 77.73032632784603 7.485250935755751
  endloop
endfacet
facet normal -1 2.32688e-14 8.40181e-13
  outer loop
    vertex 113.10439550208 51.18605337154145 8.966539321983023
    vertex 113.1043955020788 52.15910317047054 7.484983893490989
    vertex 113.1043955020787 50.1919822340781 7.488721135984635
  endloop
endfacet
facet normal -1 2.15602e-14 8.29922e-13
  outer loop
    vertex 113.1043955020793 75.76325783686201 7.484983172145595
    vertex 113.1043955020805 76.73630590323576 8.966539321983026
    vertex 113.1043955020793 77.73032632784603 7.485250935755751
  endloop
endfacet
facet normal -1 2.2643e-14 8.31721e-13
  outer loop
    vertex 113.1043955020799 47.24819188905619 8.989792031070188
    vertex 113.10439550208 49.22034332096337 8.987359802011667
    vertex 113.1043955020787 48.23794731019213 7.493443798422128
  endloop
endfacet
facet normal -1 2.16915e-14 8.29803e-13
  outer loop
    vertex 113.1043955020806 78.70170994413533 8.966539321983028
    vertex 113.1043955020806 80.66711398503489 8.966539321983026
    vertex 113.1043955020794 79.70325378652446 7.484683893661984
  endloop
endfacet
facet normal -1 1.6565e-14 8.35718e-13
  outer loop
    vertex 113.10439550208 49.22034332096337 8.987359802011667
    vertex 113.1043955020787 50.1919822340781 7.488721135984635
    vertex 113.1043955020787 48.23794731019213 7.493443798422128
  endloop
endfacet
facet normal -1 2.18473e-14 8.29908e-13
  outer loop
    vertex 113.1043955020793 77.73032632784603 7.485250935755751
    vertex 113.1043955020806 78.70170994413533 8.966539321983028
    vertex 113.1043955020794 79.70325378652446 7.484683893661984
  endloop
endfacet
facet normal -1 2.7065e-14 8.54406e-13
  outer loop
    vertex 113.1043955020789 40.51117963738992 8
    vertex 113.1043955020789 39.46105337154181 8
    vertex 113.1043955020798 40.06854522418126 8.962070132794874
  endloop
endfacet
facet normal -1 2.7065e-14 8.43878e-13
  outer loop
    vertex 113.10439550208 88.46130590323659 8
    vertex 113.1043955020799 87.41117963738994 8
    vertex 113.1043955020809 87.7921740064652 9.116056924824079
  endloop
endfacet
facet normal -1 2.16915e-14 8.19929e-13
  outer loop
    vertex 113.1043955020821 85.58062408728379 10.66862915010263
    vertex 113.1043955020822 87.54602812818337 10.66862915010263
    vertex 113.1043955020813 86.55265538625662 9.603004473610151
  endloop
endfacet
facet normal -1 2.16915e-14 8.23675e-13
  outer loop
    vertex 113.1043955020812 40.37633114659386 10.66862915010263
    vertex 113.1043955020812 42.34173518749342 10.66862915010263
    vertex 113.1043955020804 41.35903316704371 9.659328759058774
  endloop
endfacet
facet normal -1 2.32968e-14 8.27301e-13
  outer loop
    vertex 113.1043955020803 63.15498649577627 9.06844677069417
    vertex 113.1043955020803 64.9438816578384 8.966539321983026
    vertex 113.104395502079 63.96199516647383 7.482580283337747
  endloop
endfacet
facet normal -1 2.34983e-14 8.30786e-13
  outer loop
    vertex 113.1043955020802 59.04766953513972 8.966539321983026
    vertex 113.1043955020803 60.83393734444259 9.069963673516977
    vertex 113.1043955020789 60.02958899837877 7.484813937989319
  endloop
endfacet
facet normal -1 2.49428e-14 8.27095e-13
  outer loop
    vertex 113.1043955020809 87.7921740064652 9.116056924824079
    vertex 113.1043955020814 88.66948710179499 9.690957417521089
    vertex 113.1043955020807 88.78916626993264 8.828265783479246
  endloop
endfacet
facet normal -1 3.18593e-14 8.35179e-13
  outer loop
    vertex 113.1043955020804 39.2842827247244 9.757677717246922
    vertex 113.1043955020798 40.06854522418126 8.962070132794874
    vertex 113.1043955020796 39.12714710636713 8.810812485018554
  endloop
endfacet
facet normal -1 2.99534e-14 8.2779e-13
  outer loop
    vertex 113.1043955020814 88.66948710179499 9.690957417521089
    vertex 113.1043955020811 89.51143216908322 9.334314575051067
    vertex 113.1043955020807 88.78916626993264 8.828265783479246
  endloop
endfacet
facet normal -1 3.47042e-14 8.34707e-13
  outer loop
    vertex 113.10439550208 38.4109271056945 9.334314575050968
    vertex 113.1043955020804 39.2842827247244 9.757677717246922
    vertex 113.1043955020796 39.12714710636713 8.810812485018554
  endloop
endfacet
facet normal -1 -2.16341e-13 1.35259e-12
  outer loop
    vertex 113.10439550208 38.4109271056945 9.334314575050968
    vertex 113.1043955020818 38.4109271056943 10.66862915010194
    vertex 113.1043955020804 39.2842827247244 9.757677717246922
  endloop
endfacet
facet normal -1 2.66847e-14 8.20073e-13
  outer loop
    vertex 113.1043955020822 89.51143216908292 10.66862915010214
    vertex 113.1043955020811 89.51143216908322 9.334314575051067
    vertex 113.1043955020814 88.66948710179499 9.690957417521089
  endloop
endfacet
facet normal -1 5.86418e-13 3.53343e-13
  outer loop
    vertex 113.1043955020802 86.32235365540191 8.363055912557375
    vertex 113.10439550208 86.61117963738926 7.199999999999995
    vertex 113.1043955020794 85.45868712351944 7.343104941637009
  endloop
endfacet
facet normal -1 -1.31513e-12 -4.36462e-13
  outer loop
    vertex 113.10439550208 41.31117963738961 7.199999999999995
    vertex 113.1043955020793 41.44888969222445 8.380461077723478
    vertex 113.1043955020785 42.42767048996011 7.352238938664358
  endloop
endfacet
facet normal -1 2.7065e-14 8.47155e-13
  outer loop
    vertex 113.10439550208 89.51143216908325 8
    vertex 113.10439550208 88.46130590323659 8
    vertex 113.1043955020807 88.78916626993264 8.828265783479246
  endloop
endfacet
facet normal -1 1.35325e-14 8.46854e-13
  outer loop
    vertex 113.1043955020789 39.46105337154181 8
    vertex 113.1043955020789 38.41092710569369 8
    vertex 113.1043955020796 39.12714710636713 8.810812485018554
  endloop
endfacet
facet normal -1 2.31069e-14 8.3235e-13
  outer loop
    vertex 113.1043955020802 86.32235365540191 8.363055912557375
    vertex 113.1043955020813 86.55265538625662 9.603004473610151
    vertex 113.1043955020806 87.01959067137841 8.770529327747902
  endloop
endfacet
facet normal -1 2.89624e-14 8.53208e-13
  outer loop
    vertex 113.1043955020798 40.06854522418126 8.962070132794874
    vertex 113.1043955020789 39.46105337154181 8
    vertex 113.1043955020796 39.12714710636713 8.810812485018554
  endloop
endfacet
facet normal -1 3.03571e-14 8.45852e-13
  outer loop
    vertex 113.10439550208 88.46130590323659 8
    vertex 113.1043955020809 87.7921740064652 9.116056924824079
    vertex 113.1043955020807 88.78916626993264 8.828265783479246
  endloop
endfacet
facet normal -1 1.0594e-14 8.53761e-13
  outer loop
    vertex 113.1043955020799 87.41117963738994 8
    vertex 113.1043955020802 86.32235365540191 8.363055912557375
    vertex 113.1043955020806 87.01959067137841 8.770529327747902
  endloop
endfacet
facet normal -1 5.57941e-15 8.51212e-13
  outer loop
    vertex 113.1043955020809 87.7921740064652 9.116056924824079
    vertex 113.1043955020799 87.41117963738994 8
    vertex 113.1043955020806 87.01959067137841 8.770529327747902
  endloop
endfacet
facet normal -1 5.42544e-13 3.084e-25
  outer loop
    vertex 113.10439550208 86.61117963738926 7.199999999999995
    vertex 113.10439550208 86.61117963738994 6
    vertex 113.1043955020794 85.45868712351944 7.343104941637009
  endloop
endfacet
facet normal -1 -1.37464e-12 0
  outer loop
    vertex 113.10439550208 41.31117963738961 6
    vertex 113.10439550208 41.31117963738961 7.199999999999995
    vertex 113.1043955020785 42.42767048996011 7.352238938664358
  endloop
endfacet
facet normal -1 3.14002e-14 8.56401e-13
  outer loop
    vertex 113.1043955020793 41.44888969222445 8.380461077723478
    vertex 113.1043955020789 40.51117963738992 8
    vertex 113.1043955020798 40.06854522418126 8.962070132794874
  endloop
endfacet
facet normal -0.707107 0.707107 3.80437e-13
  outer loop
    vertex 112.782212961382 37.63310964638637 8
    vertex 111.6947033594576 36.54560004446817 8
    vertex 112.2802149100808 37.13111159508772 8.667157287525495
  endloop
endfacet
facet normal -0.707107 0.707107 3.87841e-13
  outer loop
    vertex 112.7822129613835 37.63310964638637 10.6686291501019
    vertex 112.7822129613823 37.6331096463859 9.334314575050948
    vertex 112.4054851590644 37.25638184406979 10.00147186257698
  endloop
endfacet
facet normal -0.707107 0.707107 3.9466e-13
  outer loop
    vertex 111.8617303581016 36.7126270431105 9.334314575051026
    vertex 112.0287573567456 36.87965404175283 10.66862915010205
    vertex 112.4054851590644 37.25638184406979 10.00147186257698
  endloop
endfacet
facet normal -0.707107 0.707107 3.81333e-13
  outer loop
    vertex 112.7822129613823 37.6331096463859 9.334314575050948
    vertex 111.8617303581016 36.7126270431105 9.334314575051026
    vertex 112.4054851590644 37.25638184406979 10.00147186257698
  endloop
endfacet
facet normal -0.707107 0.707107 3.87841e-13
  outer loop
    vertex 112.7822129613823 37.6331096463859 9.334314575050948
    vertex 112.782212961382 37.63310964638637 8
    vertex 112.2802149100808 37.13111159508772 8.667157287525495
  endloop
endfacet
facet normal -0.707107 0.707107 3.93784e-13
  outer loop
    vertex 111.6947033594576 36.54560004446817 8
    vertex 111.8617303581016 36.7126270431105 9.334314575051026
    vertex 112.2802149100808 37.13111159508772 8.667157287525495
  endloop
endfacet
facet normal -0.707107 0.707107 3.99678e-13
  outer loop
    vertex 111.8617303581016 36.7126270431105 9.334314575051026
    vertex 112.7822129613823 37.6331096463859 9.334314575050948
    vertex 112.2802149100808 37.13111159508772 8.667157287525495
  endloop
endfacet
facet normal -0.707107 0.707107 3.99103e-13
  outer loop
    vertex 112.0287573567456 36.87965404175283 10.66862915010205
    vertex 112.7822129613835 37.63310964638637 10.6686291501019
    vertex 112.4054851590644 37.25638184406979 10.00147186257698
  endloop
endfacet
facet normal 0.702938 0.689561 -0.17431
  outer loop
    vertex 110.5163947911503 38.2211501441765 11.0348620775331
    vertex 111.6731384043641 37.04196666233246 11.0348620775331
    vertex 111.0414286583805 37.46260359798359 10.15139270439858
  endloop
endfacet
facet normal 0.702938 0.689561 -0.17431
  outer loop
    vertex 111.0414286583805 37.46260359798359 10.15139270439858
    vertex 110.1122968720335 38.13855794279584 9.078535324029829
    vertex 109.7721922331306 38.74556797527894 10.1082959975211
  endloop
endfacet
facet normal 0.702938 0.689561 -0.17431
  outer loop
    vertex 111.7676568973122 36.90407167705411 10.87052093103996
    vertex 111.5879936812231 36.72440846096683 9.435260465519981
    vertex 111.0414286583805 37.46260359798359 10.15139270439858
  endloop
endfacet
facet normal 0.702938 0.689561 -0.17431
  outer loop
    vertex 110.5163947911503 38.2211501441765 11.0348620775331
    vertex 111.0414286583805 37.46260359798359 10.15139270439858
    vertex 109.7721922331306 38.74556797527894 10.1082959975211
  endloop
endfacet
facet normal 0.702938 0.689561 -0.17431
  outer loop
    vertex 111.6731384043641 37.04196666233246 11.0348620775331
    vertex 111.7676568973122 36.90407167705411 10.87052093103996
    vertex 111.0414286583805 37.46260359798359 10.15139270439858
  endloop
endfacet
facet normal 0.702938 0.689561 -0.17431
  outer loop
    vertex 109.5047183975608 38.48528581089566 8
    vertex 108.5862489476427 39.42157280790157 8
    vertex 109.1900066454237 39.07976774546774 9.082601667662358
  endloop
endfacet
facet normal 0.702938 0.689561 -0.17431
  outer loop
    vertex 110.4112134912205 37.56120546274791 8
    vertex 109.5047183975608 38.48528581089566 8
    vertex 110.1122968720335 38.13855794279584 9.078535324029829
  endloop
endfacet
facet normal 0.702938 0.689561 -0.17431
  outer loop
    vertex 111.408330465134 36.54474524487956 8
    vertex 110.4112134912205 37.56120546274791 8
    vertex 110.8661198150095 37.34134563614583 8.964739539124167
  endloop
endfacet
facet normal 0.702938 0.689561 -0.17431
  outer loop
    vertex 107.6677794977247 40.35785980490747 8
    vertex 107.9353435312238 40.46868845638602 9.517431038766551
    vertex 108.4563013765334 39.7934845236012 8.947222514861256
  endloop
endfacet
facet normal 0.702938 0.689561 -0.17431
  outer loop
    vertex 109.5047183975608 38.48528581089566 8
    vertex 109.1900066454237 39.07976774546774 9.082601667662358
    vertex 110.1122968720335 38.13855794279584 9.078535324029829
  endloop
endfacet
facet normal 0.702938 0.689561 -0.17431
  outer loop
    vertex 111.5879936812231 36.72440846096683 9.435260465519981
    vertex 111.408330465134 36.54474524487956 8
    vertex 110.8661198150095 37.34134563614583 8.964739539124167
  endloop
endfacet
facet normal 0.702938 0.689561 -0.17431
  outer loop
    vertex 110.1122968720335 38.13855794279584 9.078535324029829
    vertex 111.0414286583805 37.46260359798359 10.15139270439858
    vertex 110.8661198150095 37.34134563614583 8.964739539124167
  endloop
endfacet
facet normal 0.702938 0.689561 -0.17431
  outer loop
    vertex 108.5862489476427 39.42157280790157 8
    vertex 107.6677794977247 40.35785980490747 8
    vertex 108.4563013765334 39.7934845236012 8.947222514861256
  endloop
endfacet
facet normal 0.702938 0.689561 -0.17431
  outer loop
    vertex 108.2029075647228 40.57951710786456 11.0348620775331
    vertex 109.3596511779366 39.40033362602053 11.0348620775331
    vertex 108.766071381542 39.75324117800181 10.03722536964633
  endloop
endfacet
facet normal 0.702938 0.689561 -0.17431
  outer loop
    vertex 107.9353435312238 40.46868845638602 9.517431038766551
    vertex 108.2029075647228 40.57951710786456 11.0348620775331
    vertex 108.766071381542 39.75324117800181 10.03722536964633
  endloop
endfacet
facet normal 0.702938 0.689561 -0.17431
  outer loop
    vertex 109.3596511779366 39.40033362602053 11.0348620775331
    vertex 110.5163947911503 38.2211501441765 11.0348620775331
    vertex 109.7721922331306 38.74556797527894 10.1082959975211
  endloop
endfacet
facet normal 0.702938 0.689561 -0.17431
  outer loop
    vertex 109.7721922331306 38.74556797527894 10.1082959975211
    vertex 109.1900066454237 39.07976774546774 9.082601667662358
    vertex 108.766071381542 39.75324117800181 10.03722536964633
  endloop
endfacet
facet normal 0.702938 0.689561 -0.17431
  outer loop
    vertex 110.4112134912205 37.56120546274791 8
    vertex 110.1122968720335 38.13855794279584 9.078535324029829
    vertex 110.8661198150095 37.34134563614583 8.964739539124167
  endloop
endfacet
facet normal 0.702938 0.689561 -0.17431
  outer loop
    vertex 110.1122968720335 38.13855794279584 9.078535324029829
    vertex 109.1900066454237 39.07976774546774 9.082601667662358
    vertex 109.7721922331306 38.74556797527894 10.1082959975211
  endloop
endfacet
facet normal 0.702938 0.689561 -0.17431
  outer loop
    vertex 109.1900066454237 39.07976774546774 9.082601667662358
    vertex 108.5862489476427 39.42157280790157 8
    vertex 108.4563013765334 39.7934845236012 8.947222514861256
  endloop
endfacet
facet normal 0.702938 0.689561 -0.17431
  outer loop
    vertex 109.3596511779366 39.40033362602053 11.0348620775331
    vertex 109.7721922331306 38.74556797527894 10.1082959975211
    vertex 108.766071381542 39.75324117800181 10.03722536964633
  endloop
endfacet
facet normal 0.702938 0.689561 -0.17431
  outer loop
    vertex 111.0414286583805 37.46260359798359 10.15139270439858
    vertex 111.5879936812231 36.72440846096683 9.435260465519981
    vertex 110.8661198150095 37.34134563614583 8.964739539124167
  endloop
endfacet
facet normal 0.702938 0.689561 -0.17431
  outer loop
    vertex 108.766071381542 39.75324117800181 10.03722536964633
    vertex 109.1900066454237 39.07976774546774 9.082601667662358
    vertex 108.4563013765334 39.7934845236012 8.947222514861256
  endloop
endfacet
facet normal 0.702938 0.689561 -0.17431
  outer loop
    vertex 107.9353435312238 40.46868845638602 9.517431038766551
    vertex 108.766071381542 39.75324117800181 10.03722536964633
    vertex 108.4563013765334 39.7934845236012 8.947222514861256
  endloop
endfacet
facet normal 0.984808 -3.57845e-14 -0.173648
  outer loop
    vertex 107.6114288687567 85.47112777933629 8
    vertex 107.6114288687568 87.42657761042253 8
    vertex 107.9014113306097 85.80939924624641 9.64457226391468
  endloop
endfacet
facet normal 0.984808 -1.87473e-14 -0.173648
  outer loop
    vertex 107.8789812257069 87.31575379552892 9.517364817766698
    vertex 108.1465335826569 87.2049299806353 11.03472963553339
    vertex 107.9014113306097 85.80939924624641 9.64457226391468
  endloop
endfacet
facet normal 0.984808 -2.20443e-14 -0.173648
  outer loop
    vertex 108.1465335826561 40.71742929414002 11.03472963553339
    vertex 107.878981225706 40.60660547924641 9.517364817766691
    vertex 107.901411330609 42.11296002852892 9.644572263914732
  endloop
endfacet
facet normal 0.984808 -2.16754e-14 -0.173648
  outer loop
    vertex 108.1465335826569 87.2049299806353 11.03472963553339
    vertex 108.1465335826569 85.26795078536466 11.03472963553339
    vertex 107.9014113306097 85.80939924624641 9.64457226391468
  endloop
endfacet
facet normal 0.984808 -2.16754e-14 -0.173648
  outer loop
    vertex 108.1465335826561 42.65440848941066 11.03472963553339
    vertex 108.1465335826561 40.71742929414002 11.03472963553339
    vertex 107.901411330609 42.11296002852892 9.644572263914732
  endloop
endfacet
facet normal 0.984808 0 -0.173648
  outer loop
    vertex 107.611428868756 40.4957816643528 8
    vertex 107.611428868756 42.45123149543905 8
    vertex 107.7508125734568 41.41664466689179 8.790484270420354
  endloop
endfacet
facet normal 0.984808 -1.43138e-14 -0.173648
  outer loop
    vertex 107.611428868756 42.45123149543905 8
    vertex 107.611428868756 44.40668132652528 8
    vertex 107.8830180204911 43.6179725902637 9.540258618640145
  endloop
endfacet
facet normal 0.984808 -1.43138e-14 -0.173648
  outer loop
    vertex 107.6114288687567 83.51567794825006 8
    vertex 107.6114288687567 85.47112777933629 8
    vertex 107.8830180204922 84.30438668450313 9.540258618642737
  endloop
endfacet
facet normal 0.984808 -1.43138e-14 -0.173648
  outer loop
    vertex 107.6114288687567 81.56022811716382 8
    vertex 107.6114288687567 83.51567794825006 8
    vertex 107.8807718895163 82.43119275772736 9.527520176874972
  endloop
endfacet
facet normal 0.984808 -2.14707e-14 -0.173648
  outer loop
    vertex 107.611428868756 44.40668132652528 8
    vertex 107.6114288687561 46.36213115761152 8
    vertex 107.8807718895129 45.49116651699704 9.527520176859369
  endloop
endfacet
facet normal 0.984808 -1.43138e-14 -0.173648
  outer loop
    vertex 107.6114288687561 46.36213115761152 8
    vertex 107.6114288687561 48.31758098869776 8
    vertex 107.8806060396003 47.43553396616626 9.526579595264963
  endloop
endfacet
facet normal 0.984808 -2.14707e-14 -0.173648
  outer loop
    vertex 107.6114288687566 79.60477828607758 8
    vertex 107.6114288687567 81.56022811716382 8
    vertex 107.8806060396174 80.48682530830358 9.52657959535861
  endloop
endfacet
facet normal 0.984808 -1.90096e-14 -0.173648
  outer loop
    vertex 107.8807718895163 82.43119275772736 9.527520176874972
    vertex 107.6114288687567 83.51567794825006 8
    vertex 107.8830180204922 84.30438668450313 9.540258618642737
  endloop
endfacet
facet normal 0.984808 -1.42414e-14 -0.173648
  outer loop
    vertex 107.611428868756 44.40668132652528 8
    vertex 107.8807718895129 45.49116651699704 9.527520176859369
    vertex 107.8830180204911 43.6179725902637 9.540258618640145
  endloop
endfacet
facet normal 0.984808 -1.43138e-14 -0.173648
  outer loop
    vertex 107.6114288687561 48.31758098869776 8
    vertex 107.6114288687561 50.273030819784 8
    vertex 107.8804363447132 49.37990141319719 9.525617207736694
  endloop
endfacet
facet normal 0.984808 -1.43138e-14 -0.173648
  outer loop
    vertex 107.6114288687566 77.64932845499133 8
    vertex 107.6114288687566 79.60477828607758 8
    vertex 107.8804363448128 78.54245785974531 9.525617208298563
  endloop
endfacet
facet normal 0.984808 -2.35481e-14 -0.173648
  outer loop
    vertex 107.6114288687561 46.36213115761152 8
    vertex 107.8806060396003 47.43553396616626 9.526579595264963
    vertex 107.8807718895129 45.49116651699704 9.527520176859369
  endloop
endfacet
facet normal 0.984808 -1.50793e-14 -0.173648
  outer loop
    vertex 107.8806060396174 80.48682530830358 9.52657959535861
    vertex 107.6114288687567 81.56022811716382 8
    vertex 107.8807718895163 82.43119275772736 9.527520176874972
  endloop
endfacet
facet normal 0.984808 -2.14707e-14 -0.173648
  outer loop
    vertex 107.6114288687566 75.69387862390509 8
    vertex 107.6114288687566 77.64932845499133 8
    vertex 107.880262805531 76.59809041638002 9.524633018124835
  endloop
endfacet
facet normal 0.984808 -2.14707e-14 -0.173648
  outer loop
    vertex 107.6114288687561 50.273030819784 8
    vertex 107.6114288687562 52.22848065087023 8
    vertex 107.8802628049361 51.32426884739834 9.524633014753608
  endloop
endfacet
facet normal 0.984808 -1.28408e-14 -0.173648
  outer loop
    vertex 107.6114288687561 48.31758098869776 8
    vertex 107.8804363447132 49.37990141319719 9.525617207736694
    vertex 107.8806060396003 47.43553396616626 9.526579595264963
  endloop
endfacet
facet normal 0.984808 -2.05782e-14 -0.173648
  outer loop
    vertex 107.8804363448128 78.54245785974531 9.525617208298563
    vertex 107.6114288687566 79.60477828607758 8
    vertex 107.8806060396174 80.48682530830358 9.52657959535861
  endloop
endfacet
facet normal 0.984808 -1.43138e-14 -0.173648
  outer loop
    vertex 107.6114288687562 52.22848065087023 8
    vertex 107.6114288687562 54.18393048195647 8
    vertex 107.8800854207758 53.26863620462093 9.523627019189979
  endloop
endfacet
facet normal 0.984808 -1.43138e-14 -0.173648
  outer loop
    vertex 107.6114288687565 73.73842879281885 8
    vertex 107.6114288687566 75.69387862390509 8
    vertex 107.8800854243428 74.65372300417275 9.523627039417367
  endloop
endfacet
facet normal 0.984808 -1.36619e-14 -0.173648
  outer loop
    vertex 107.880262805531 76.59809041638002 9.524633018124835
    vertex 107.6114288687566 77.64932845499133 8
    vertex 107.8804363448128 78.54245785974531 9.525617208298563
  endloop
endfacet
facet normal 0.984808 -1.69784e-14 -0.173648
  outer loop
    vertex 107.6114288687561 50.273030819784 8
    vertex 107.8802628049361 51.32426884739834 9.524633014753608
    vertex 107.8804363447132 49.37990141319719 9.525617207736694
  endloop
endfacet
facet normal 0.984808 -1.43138e-14 -0.173648
  outer loop
    vertex 107.6114288687565 71.78297896173262 8
    vertex 107.6114288687565 73.73842879281885 8
    vertex 107.8799042166733 72.70935577891345 9.52259935965575
  endloop
endfacet
facet normal 0.984808 -2.14707e-14 -0.173648
  outer loop
    vertex 107.6114288687562 54.18393048195647 8
    vertex 107.6114288687562 56.13938031304271 8
    vertex 107.8799041952732 55.21300309997205 9.522599238291441
  endloop
endfacet
facet normal 0.984808 -1.57905e-14 -0.173648
  outer loop
    vertex 107.6114288687562 52.22848065087023 8
    vertex 107.8800854207758 53.26863620462093 9.523627019189979
    vertex 107.8802628049361 51.32426884739834 9.524633014753608
  endloop
endfacet
facet normal 0.984808 -1.80194e-14 -0.173648
  outer loop
    vertex 107.8800854243428 74.65372300417275 9.523627039417367
    vertex 107.6114288687566 75.69387862390509 8
    vertex 107.880262805531 76.59809041638002 9.524633018124835
  endloop
endfacet
facet normal 0.984808 -1.43138e-14 -0.173648
  outer loop
    vertex 107.6114288687562 56.13938031304271 8
    vertex 107.6114288687563 58.09483014412895 8
    vertex 107.8797191466735 57.15736722409437 9.521549775531819
  endloop
endfacet
facet normal 0.984808 -2.14707e-14 -0.173648
  outer loop
    vertex 107.6114288687565 69.82752913064638 8
    vertex 107.6114288687565 71.78297896173262 8
    vertex 107.8797192750725 70.76498967534198 9.521550503717695
  endloop
endfacet
facet normal 0.984808 -1.3322e-14 -0.173648
  outer loop
    vertex 107.8799042166733 72.70935577891345 9.52259935965575
    vertex 107.6114288687565 73.73842879281885 8
    vertex 107.8800854243428 74.65372300417275 9.523627039417367
  endloop
endfacet
facet normal 0.984808 -2.00098e-14 -0.173648
  outer loop
    vertex 107.6114288687562 54.18393048195647 8
    vertex 107.8799041952732 55.21300309997205 9.522599238291441
    vertex 107.8800854207758 53.26863620462093 9.523627019189979
  endloop
endfacet
facet normal 0.984808 -1.43138e-14 -0.173648
  outer loop
    vertex 107.6114288687563 58.09483014412895 8
    vertex 107.6114288687563 60.05027997521518 8
    vertex 107.879530384448 59.10171472084392 9.52047925175404
  endloop
endfacet
facet normal 0.984808 -1.43138e-14 -0.173648
  outer loop
    vertex 107.6114288687564 67.87207929956014 8
    vertex 107.6114288687565 69.82752913064638 8
    vertex 107.879531154841 68.82063030189758 9.520483620869298
  endloop
endfacet
facet normal 0.984808 -1.89294e-14 -0.173648
  outer loop
    vertex 107.8797192750725 70.76498967534198 9.521550503717695
    vertex 107.6114288687565 71.78297896173262 8
    vertex 107.8799042166733 72.70935577891345 9.52259935965575
  endloop
endfacet
facet normal 0.984808 -1.91923e-14 -0.173648
  outer loop
    vertex 107.6114288687562 56.13938031304271 8
    vertex 107.8797191466735 57.15736722409437 9.521549775531819
    vertex 107.8799041952732 55.21300309997205 9.522599238291441
  endloop
endfacet
facet normal 0.984808 -2.14707e-14 -0.173648
  outer loop
    vertex 107.6114288687563 60.05027997521518 8
    vertex 107.6114288687563 62.00572980630142 8
    vertex 107.8793385654249 61.0459624533568 9.51939139201569
  endloop
endfacet
facet normal 0.984808 -1.43138e-14 -0.173648
  outer loop
    vertex 107.6114288687564 65.91662946847391 8
    vertex 107.6114288687564 67.87207929956014 8
    vertex 107.8793431877824 66.87631130921567 9.519417606707233
  endloop
endfacet
facet normal 0.984808 -1.44503e-14 -0.173648
  outer loop
    vertex 108.1465335826565 65.8981588326583 11.03472963553339
    vertex 108.1465335826565 63.96117963738766 11.03472963553339
    vertex 107.8791753647177 64.93223460110848 9.518465834811519
  endloop
endfacet
facet normal 0.984808 -2.16754e-14 -0.173648
  outer loop
    vertex 108.1465335826565 63.96117963738766 11.03472963553339
    vertex 108.1465335826565 62.02420044211702 11.03472963553339
    vertex 107.8791476305732 62.98961160044974 9.518308546662256
  endloop
endfacet
facet normal 0.984808 -1.78935e-14 -0.173648
  outer loop
    vertex 107.6114288687563 58.09483014412895 8
    vertex 107.879530384448 59.10171472084392 9.52047925175404
    vertex 107.8797191466735 57.15736722409437 9.521549775531819
  endloop
endfacet
facet normal 0.984808 -2.1859e-14 -0.173648
  outer loop
    vertex 107.879531154841 68.82063030189758 9.520483620869298
    vertex 107.6114288687565 69.82752913064638 8
    vertex 107.8797192750725 70.76498967534198 9.521550503717695
  endloop
endfacet
facet normal 0.984808 -2.14707e-14 -0.173648
  outer loop
    vertex 107.6114288687564 63.96117963738767 8
    vertex 107.6114288687564 65.91662946847391 8
    vertex 107.8791753647177 64.93223460110848 9.518465834811519
  endloop
endfacet
facet normal 0.984808 -1.43138e-14 -0.173648
  outer loop
    vertex 107.6114288687563 62.00572980630142 8
    vertex 107.6114288687564 63.96117963738767 8
    vertex 107.8791476305732 62.98961160044974 9.518308546662256
  endloop
endfacet
facet normal 0.984808 -1.77235e-14 -0.173648
  outer loop
    vertex 108.1465335826565 63.96117963738766 11.03472963553339
    vertex 107.8791476305732 62.98961160044974 9.518308546662256
    vertex 107.8791753647177 64.93223460110848 9.518465834811519
  endloop
endfacet
facet normal 0.984808 -1.44503e-14 -0.173648
  outer loop
    vertex 108.1465335826565 62.02420044211702 11.03472963553339
    vertex 108.1465335826564 60.08722124684638 11.03472963553339
    vertex 107.8793385654249 61.0459624533568 9.51939139201569
  endloop
endfacet
facet normal 0.984808 -2.16754e-14 -0.173648
  outer loop
    vertex 108.1465335826566 67.83513802792893 11.03472963553339
    vertex 108.1465335826565 65.8981588326583 11.03472963553339
    vertex 107.8793431877824 66.87631130921567 9.519417606707233
  endloop
endfacet
facet normal 0.984808 -1.65113e-14 -0.173648
  outer loop
    vertex 107.8793431877824 66.87631130921567 9.519417606707233
    vertex 107.6114288687564 67.87207929956014 8
    vertex 107.879531154841 68.82063030189758 9.520483620869298
  endloop
endfacet
facet normal 0.984808 -1.26904e-14 -0.173648
  outer loop
    vertex 107.6114288687563 60.05027997521518 8
    vertex 107.8793385654249 61.0459624533568 9.51939139201569
    vertex 107.879530384448 59.10171472084392 9.52047925175404
  endloop
endfacet
facet normal 0.984808 -1.73085e-14 -0.173648
  outer loop
    vertex 108.1465335826565 65.8981588326583 11.03472963553339
    vertex 107.8791753647177 64.93223460110848 9.518465834811519
    vertex 107.8793431877824 66.87631130921567 9.519417606707233
  endloop
endfacet
facet normal 0.984808 -1.47987e-14 -0.173648
  outer loop
    vertex 107.8791476305732 62.98961160044974 9.518308546662256
    vertex 108.1465335826565 62.02420044211702 11.03472963553339
    vertex 107.8793385654249 61.0459624533568 9.51939139201569
  endloop
endfacet
facet normal 0.984808 -1.44503e-14 -0.173648
  outer loop
    vertex 108.1465335826566 69.77211722319957 11.03472963553339
    vertex 108.1465335826566 67.83513802792893 11.03472963553339
    vertex 107.879531154841 68.82063030189758 9.520483620869298
  endloop
endfacet
facet normal 0.984808 -1.44503e-14 -0.173648
  outer loop
    vertex 108.1465335826564 60.08722124684638 11.03472963553339
    vertex 108.1465335826564 58.15024205157574 11.03472963553339
    vertex 107.879530384448 59.10171472084392 9.52047925175404
  endloop
endfacet
facet normal 0.984808 -1.73091e-14 -0.173648
  outer loop
    vertex 107.8791753647177 64.93223460110848 9.518465834811519
    vertex 107.6114288687564 65.91662946847391 8
    vertex 107.8793431877824 66.87631130921567 9.519417606707233
  endloop
endfacet
facet normal 0.984808 -1.4796e-14 -0.173648
  outer loop
    vertex 107.6114288687563 62.00572980630142 8
    vertex 107.8791476305732 62.98961160044974 9.518308546662256
    vertex 107.8793385654249 61.0459624533568 9.51939139201569
  endloop
endfacet
facet normal 0.984808 -1.65197e-14 -0.173648
  outer loop
    vertex 108.1465335826566 67.83513802792893 11.03472963553339
    vertex 107.8793431877824 66.87631130921567 9.519417606707233
    vertex 107.879531154841 68.82063030189758 9.520483620869298
  endloop
endfacet
facet normal 0.984808 -1.26691e-14 -0.173648
  outer loop
    vertex 107.8793385654249 61.0459624533568 9.51939139201569
    vertex 108.1465335826564 60.08722124684638 11.03472963553339
    vertex 107.879530384448 59.10171472084392 9.52047925175404
  endloop
endfacet
facet normal 0.984808 -1.44503e-14 -0.173648
  outer loop
    vertex 108.1465335826566 71.70909641847021 11.03472963553339
    vertex 108.1465335826566 69.77211722319957 11.03472963553339
    vertex 107.8797192750725 70.76498967534198 9.521550503717695
  endloop
endfacet
facet normal 0.984808 -2.16754e-14 -0.173648
  outer loop
    vertex 108.1465335826564 58.15024205157574 11.03472963553339
    vertex 108.1465335826564 56.21326285630511 11.03472963553339
    vertex 107.8797191466735 57.15736722409437 9.521549775531819
  endloop
endfacet
facet normal 0.984808 -1.773e-14 -0.173648
  outer loop
    vertex 107.8791476305732 62.98961160044974 9.518308546662256
    vertex 107.6114288687564 63.96117963738767 8
    vertex 107.8791753647177 64.93223460110848 9.518465834811519
  endloop
endfacet
facet normal 0.984808 -1.78922e-14 -0.173648
  outer loop
    vertex 107.879530384448 59.10171472084392 9.52047925175404
    vertex 108.1465335826564 58.15024205157574 11.03472963553339
    vertex 107.8797191466735 57.15736722409437 9.521549775531819
  endloop
endfacet
facet normal 0.984808 -2.18618e-14 -0.173648
  outer loop
    vertex 108.1465335826566 69.77211722319957 11.03472963553339
    vertex 107.879531154841 68.82063030189758 9.520483620869298
    vertex 107.8797192750725 70.76498967534198 9.521550503717695
  endloop
endfacet
facet normal 0.984808 -2.16754e-14 -0.173648
  outer loop
    vertex 108.1465335826567 73.64607561374083 11.03472963553339
    vertex 108.1465335826566 71.70909641847021 11.03472963553339
    vertex 107.8799042166733 72.70935577891345 9.52259935965575
  endloop
endfacet
facet normal 0.984808 -1.44503e-14 -0.173648
  outer loop
    vertex 108.1465335826564 56.21326285630511 11.03472963553339
    vertex 108.1465335826563 54.27628366103448 11.03472963553339
    vertex 107.8799041952732 55.21300309997205 9.522599238291441
  endloop
endfacet
facet normal 0.984808 -1.89402e-14 -0.173648
  outer loop
    vertex 108.1465335826566 71.70909641847021 11.03472963553339
    vertex 107.8797192750725 70.76498967534198 9.521550503717695
    vertex 107.8799042166733 72.70935577891345 9.52259935965575
  endloop
endfacet
facet normal 0.984808 -1.91955e-14 -0.173648
  outer loop
    vertex 107.8797191466735 57.15736722409437 9.521549775531819
    vertex 108.1465335826564 56.21326285630511 11.03472963553339
    vertex 107.8799041952732 55.21300309997205 9.522599238291441
  endloop
endfacet
facet normal 0.984808 -1.44503e-14 -0.173648
  outer loop
    vertex 108.1465335826567 75.58305480901149 11.03472963553339
    vertex 108.1465335826567 73.64607561374083 11.03472963553339
    vertex 107.8800854243428 74.65372300417275 9.523627039417367
  endloop
endfacet
facet normal 0.984808 -1.44503e-14 -0.173648
  outer loop
    vertex 108.1465335826563 54.27628366103448 11.03472963553339
    vertex 108.1465335826563 52.33930446576384 11.03472963553339
    vertex 107.8800854207758 53.26863620462093 9.523627019189979
  endloop
endfacet
facet normal 0.984808 -1.3336e-14 -0.173648
  outer loop
    vertex 108.1465335826567 73.64607561374083 11.03472963553339
    vertex 107.8799042166733 72.70935577891345 9.52259935965575
    vertex 107.8800854243428 74.65372300417275 9.523627039417367
  endloop
endfacet
facet normal 0.984808 -2.00102e-14 -0.173648
  outer loop
    vertex 107.8799041952732 55.21300309997205 9.522599238291441
    vertex 108.1465335826563 54.27628366103448 11.03472963553339
    vertex 107.8800854207758 53.26863620462093 9.523627019189979
  endloop
endfacet
facet normal 0.984808 -2.16754e-14 -0.173648
  outer loop
    vertex 108.1465335826563 52.33930446576384 11.03472963553339
    vertex 108.1465335826563 50.4023252704932 11.03472963553339
    vertex 107.8802628049361 51.32426884739834 9.524633014753608
  endloop
endfacet
facet normal 0.984808 -1.44503e-14 -0.173648
  outer loop
    vertex 108.1465335826567 77.52003400428211 11.03472963553339
    vertex 108.1465335826567 75.58305480901149 11.03472963553339
    vertex 107.880262805531 76.59809041638002 9.524633018124835
  endloop
endfacet
facet normal 0.984808 -1.57843e-14 -0.173648
  outer loop
    vertex 107.8800854207758 53.26863620462093 9.523627019189979
    vertex 108.1465335826563 52.33930446576384 11.03472963553339
    vertex 107.8802628049361 51.32426884739834 9.524633014753608
  endloop
endfacet
facet normal 0.984808 -1.80166e-14 -0.173648
  outer loop
    vertex 108.1465335826567 75.58305480901149 11.03472963553339
    vertex 107.8800854243428 74.65372300417275 9.523627039417367
    vertex 107.880262805531 76.59809041638002 9.524633018124835
  endloop
endfacet
facet normal 0.984808 -2.16754e-14 -0.173648
  outer loop
    vertex 108.1465335826568 79.45701319955276 11.03472963553339
    vertex 108.1465335826567 77.52003400428211 11.03472963553339
    vertex 107.8804363448128 78.54245785974531 9.525617208298563
  endloop
endfacet
facet normal 0.984808 -1.44503e-14 -0.173648
  outer loop
    vertex 108.1465335826563 50.4023252704932 11.03472963553339
    vertex 108.1465335826562 48.46534607522257 11.03472963553339
    vertex 107.8804363447132 49.37990141319719 9.525617207736694
  endloop
endfacet
facet normal 0.984808 -1.36703e-14 -0.173648
  outer loop
    vertex 108.1465335826567 77.52003400428211 11.03472963553339
    vertex 107.880262805531 76.59809041638002 9.524633018124835
    vertex 107.8804363448128 78.54245785974531 9.525617208298563
  endloop
endfacet
facet normal 0.984808 -1.69751e-14 -0.173648
  outer loop
    vertex 107.8802628049361 51.32426884739834 9.524633014753608
    vertex 108.1465335826563 50.4023252704932 11.03472963553339
    vertex 107.8804363447132 49.37990141319719 9.525617207736694
  endloop
endfacet
facet normal 0.984808 -1.44503e-14 -0.173648
  outer loop
    vertex 108.1465335826568 81.39399239482339 11.03472963553339
    vertex 108.1465335826568 79.45701319955276 11.03472963553339
    vertex 107.8806060396174 80.48682530830358 9.52657959535861
  endloop
endfacet
facet normal 0.984808 -1.44503e-14 -0.173648
  outer loop
    vertex 108.1465335826562 48.46534607522257 11.03472963553339
    vertex 108.1465335826562 46.52836687995193 11.03472963553339
    vertex 107.8806060396003 47.43553396616626 9.526579595264963
  endloop
endfacet
facet normal 0.984808 -2.05932e-14 -0.173648
  outer loop
    vertex 108.1465335826568 79.45701319955276 11.03472963553339
    vertex 107.8804363448128 78.54245785974531 9.525617208298563
    vertex 107.8806060396174 80.48682530830358 9.52657959535861
  endloop
endfacet
facet normal 0.984808 -1.28376e-14 -0.173648
  outer loop
    vertex 107.8804363447132 49.37990141319719 9.525617207736694
    vertex 108.1465335826562 48.46534607522257 11.03472963553339
    vertex 107.8806060396003 47.43553396616626 9.526579595264963
  endloop
endfacet
facet normal 0.984808 -1.44503e-14 -0.173648
  outer loop
    vertex 108.1465335826568 83.33097159009404 11.03472963553339
    vertex 108.1465335826568 81.39399239482339 11.03472963553339
    vertex 107.8807718895163 82.43119275772736 9.527520176874972
  endloop
endfacet
facet normal 0.984808 -2.16754e-14 -0.173648
  outer loop
    vertex 108.1465335826562 46.52836687995193 11.03472963553339
    vertex 108.1465335826562 44.59138768468129 11.03472963553339
    vertex 107.8807718895129 45.49116651699704 9.527520176859369
  endloop
endfacet
facet normal 0.984808 -2.35402e-14 -0.173648
  outer loop
    vertex 107.8806060396003 47.43553396616626 9.526579595264963
    vertex 108.1465335826562 46.52836687995193 11.03472963553339
    vertex 107.8807718895129 45.49116651699704 9.527520176859369
  endloop
endfacet
facet normal 0.984808 -1.50863e-14 -0.173648
  outer loop
    vertex 108.1465335826568 81.39399239482339 11.03472963553339
    vertex 107.8806060396174 80.48682530830358 9.52657959535861
    vertex 107.8807718895163 82.43119275772736 9.527520176874972
  endloop
endfacet
facet normal 0.984808 -2.16754e-14 -0.173648
  outer loop
    vertex 108.1465335826569 85.26795078536466 11.03472963553339
    vertex 108.1465335826568 83.33097159009404 11.03472963553339
    vertex 107.8830180204922 84.30438668450313 9.540258618642737
  endloop
endfacet
facet normal 0.984808 -1.44503e-14 -0.173648
  outer loop
    vertex 108.1465335826562 44.59138768468129 11.03472963553339
    vertex 108.1465335826561 42.65440848941066 11.03472963553339
    vertex 107.8830180204911 43.6179725902637 9.540258618640145
  endloop
endfacet
facet normal 0.984808 -1.91115e-14 -0.173648
  outer loop
    vertex 108.1465335826568 83.33097159009404 11.03472963553339
    vertex 107.8807718895163 82.43119275772736 9.527520176874972
    vertex 107.8830180204922 84.30438668450313 9.540258618642737
  endloop
endfacet
facet normal 0.984808 -1.41661e-14 -0.173648
  outer loop
    vertex 107.8807718895129 45.49116651699704 9.527520176859369
    vertex 108.1465335826562 44.59138768468129 11.03472963553339
    vertex 107.8830180204911 43.6179725902637 9.540258618640145
  endloop
endfacet
facet normal 0.984808 -1.28614e-14 -0.173648
  outer loop
    vertex 107.611428868756 42.45123149543905 8
    vertex 107.8830180204911 43.6179725902637 9.540258618640145
    vertex 107.901411330609 42.11296002852892 9.644572263914732
  endloop
endfacet
facet normal 0.984808 -1.31302e-14 -0.173648
  outer loop
    vertex 107.8830180204922 84.30438668450313 9.540258618642737
    vertex 107.6114288687567 85.47112777933629 8
    vertex 107.9014113306097 85.80939924624641 9.64457226391468
  endloop
endfacet
facet normal 0.984808 -1.37898e-14 -0.173648
  outer loop
    vertex 108.1465335826569 85.26795078536466 11.03472963553339
    vertex 107.8830180204922 84.30438668450313 9.540258618642737
    vertex 107.9014113306097 85.80939924624641 9.64457226391468
  endloop
endfacet
facet normal 0.984808 -1.19707e-14 -0.173648
  outer loop
    vertex 107.8830180204911 43.6179725902637 9.540258618640145
    vertex 108.1465335826561 42.65440848941066 11.03472963553339
    vertex 107.901411330609 42.11296002852892 9.644572263914732
  endloop
endfacet
facet normal 0.984808 -2.12881e-15 -0.173648
  outer loop
    vertex 107.878981225706 40.60660547924641 9.517364817766691
    vertex 107.611428868756 40.4957816643528 8
    vertex 107.7508125734568 41.41664466689179 8.790484270420354
  endloop
endfacet
facet normal 0.984808 -1.6678e-14 -0.173648
  outer loop
    vertex 107.611428868756 42.45123149543905 8
    vertex 107.901411330609 42.11296002852892 9.644572263914732
    vertex 107.7508125734568 41.41664466689179 8.790484270420354
  endloop
endfacet
facet normal 0.984808 -2.08886e-14 -0.173648
  outer loop
    vertex 107.901411330609 42.11296002852892 9.644572263914732
    vertex 107.878981225706 40.60660547924641 9.517364817766691
    vertex 107.7508125734568 41.41664466689179 8.790484270420354
  endloop
endfacet
facet normal 0.984808 -1.71108e-14 -0.173648
  outer loop
    vertex 107.6114288687568 87.42657761042253 8
    vertex 107.8789812257069 87.31575379552892 9.517364817766698
    vertex 107.9014113306097 85.80939924624641 9.64457226391468
  endloop
endfacet
facet normal 0.702938 -0.689561 -0.17431
  outer loop
    vertex 111.6731384043638 90.88039261245214 11.03486207753312
    vertex 110.5163947911503 89.70120913060494 11.03486207753312
    vertex 111.0414286583806 90.45975567680001 10.15139270439866
  endloop
endfacet
facet normal 0.702938 -0.689561 -0.17431
  outer loop
    vertex 110.1123792389681 89.78266387468075 9.083367193002664
    vertex 111.0414286583806 90.45975567680001 10.15139270439866
    vertex 109.7667629381985 89.17135362767037 10.10791248156503
  endloop
endfacet
facet normal 0.702938 -0.689561 -0.17431
  outer loop
    vertex 111.5879936812224 91.1979508138179 9.435260465520514
    vertex 111.7676568973111 91.01828759772988 10.87052093104103
    vertex 111.0414286583806 90.45975567680001 10.15139270439866
  endloop
endfacet
facet normal 0.702938 -0.689561 -0.17431
  outer loop
    vertex 111.0414286583806 90.45975567680001 10.15139270439866
    vertex 110.5163947911503 89.70120913060494 11.03486207753312
    vertex 109.7667629381985 89.17135362767037 10.10791248156503
  endloop
endfacet
facet normal 0.702938 -0.689561 -0.17431
  outer loop
    vertex 111.7676568973111 91.01828759772988 10.87052093104103
    vertex 111.6731384043638 90.88039261245214 11.03486207753312
    vertex 111.0414286583806 90.45975567680001 10.15139270439866
  endloop
endfacet
facet normal 0.702938 -0.689561 -0.17431
  outer loop
    vertex 108.586248947643 88.50078646687594 8
    vertex 109.5047183975606 89.43707346388425 8
    vertex 109.189751431142 88.84218811820163 9.083168339361546
  endloop
endfacet
facet normal 0.702938 -0.689561 -0.17431
  outer loop
    vertex 109.5047183975606 89.43707346388425 8
    vertex 110.4112134912151 90.3611538120293 8
    vertex 110.1123792389681 89.78266387468075 9.083367193002664
  endloop
endfacet
facet normal 0.702938 -0.689561 -0.17431
  outer loop
    vertex 110.4112134912151 90.3611538120293 8
    vertex 111.4083304651337 91.37761402990593 8
    vertex 110.8658608179299 90.58054947880467 8.965531274145592
  endloop
endfacet
facet normal 0.702938 -0.689561 -0.17431
  outer loop
    vertex 107.9353435312243 87.45367081838911 9.517431038766562
    vertex 107.6677794977253 87.56449946986766 8
    vertex 108.456301376534 88.12887475117563 8.947222514861883
  endloop
endfacet
facet normal 0.702938 -0.689561 -0.17431
  outer loop
    vertex 109.189751431142 88.84218811820163 9.083168339361546
    vertex 109.5047183975606 89.43707346388425 8
    vertex 110.1123792389681 89.78266387468075 9.083367193002664
  endloop
endfacet
facet normal 0.702938 -0.689561 -0.17431
  outer loop
    vertex 111.4083304651337 91.37761402990593 8
    vertex 111.5879936812224 91.1979508138179 9.435260465520514
    vertex 110.8658608179299 90.58054947880467 8.965531274145592
  endloop
endfacet
facet normal 0.702938 -0.689561 -0.17431
  outer loop
    vertex 111.0414286583806 90.45975567680001 10.15139270439866
    vertex 110.1123792389681 89.78266387468075 9.083367193002664
    vertex 110.8658608179299 90.58054947880467 8.965531274145592
  endloop
endfacet
facet normal 0.702938 -0.689561 -0.17431
  outer loop
    vertex 107.6677794977253 87.56449946986766 8
    vertex 108.586248947643 88.50078646687594 8
    vertex 108.456301376534 88.12887475117563 8.947222514861883
  endloop
endfacet
facet normal 0.702938 -0.689561 -0.17431
  outer loop
    vertex 109.3596511779368 88.52202564875773 11.03486207753312
    vertex 108.2029075647234 87.34284216691054 11.03486207753312
    vertex 108.7660713815426 88.16911809677588 10.03722536964511
  endloop
endfacet
facet normal 0.702938 -0.689561 -0.17431
  outer loop
    vertex 108.2029075647234 87.34284216691054 11.03486207753312
    vertex 107.9353435312243 87.45367081838911 9.517431038766562
    vertex 108.7660713815426 88.16911809677588 10.03722536964511
  endloop
endfacet
facet normal 0.702938 -0.689561 -0.17431
  outer loop
    vertex 110.5163947911503 89.70120913060494 11.03486207753312
    vertex 109.3596511779368 88.52202564875773 11.03486207753312
    vertex 109.7667629381985 89.17135362767037 10.10791248156503
  endloop
endfacet
facet normal 0.702938 -0.689561 -0.17431
  outer loop
    vertex 110.1123792389681 89.78266387468075 9.083367193002664
    vertex 110.4112134912151 90.3611538120293 8
    vertex 110.8658608179299 90.58054947880467 8.965531274145592
  endloop
endfacet
facet normal 0.702938 -0.689561 -0.17431
  outer loop
    vertex 109.189751431142 88.84218811820163 9.083168339361546
    vertex 109.7667629381985 89.17135362767037 10.10791248156503
    vertex 108.7660713815426 88.16911809677588 10.03722536964511
  endloop
endfacet
facet normal 0.702938 -0.689561 -0.17431
  outer loop
    vertex 109.189751431142 88.84218811820163 9.083168339361546
    vertex 110.1123792389681 89.78266387468075 9.083367193002664
    vertex 109.7667629381985 89.17135362767037 10.10791248156503
  endloop
endfacet
facet normal 0.702938 -0.689561 -0.17431
  outer loop
    vertex 108.586248947643 88.50078646687594 8
    vertex 109.189751431142 88.84218811820163 9.083168339361546
    vertex 108.456301376534 88.12887475117563 8.947222514861883
  endloop
endfacet
facet normal 0.702938 -0.689561 -0.17431
  outer loop
    vertex 109.7667629381985 89.17135362767037 10.10791248156503
    vertex 109.3596511779368 88.52202564875773 11.03486207753312
    vertex 108.7660713815426 88.16911809677588 10.03722536964511
  endloop
endfacet
facet normal 0.702938 -0.689561 -0.17431
  outer loop
    vertex 111.5879936812224 91.1979508138179 9.435260465520514
    vertex 111.0414286583806 90.45975567680001 10.15139270439866
    vertex 110.8658608179299 90.58054947880467 8.965531274145592
  endloop
endfacet
facet normal 0.702938 -0.689561 -0.17431
  outer loop
    vertex 109.189751431142 88.84218811820163 9.083168339361546
    vertex 108.7660713815426 88.16911809677588 10.03722536964511
    vertex 108.456301376534 88.12887475117563 8.947222514861883
  endloop
endfacet
facet normal 0.702938 -0.689561 -0.17431
  outer loop
    vertex 108.7660713815426 88.16911809677588 10.03722536964511
    vertex 107.9353435312243 87.45367081838911 9.517431038766562
    vertex 108.456301376534 88.12887475117563 8.947222514861883
  endloop
endfacet
facet normal -0.707107 -0.707107 4.48279e-13
  outer loop
    vertex 111.694703359458 91.37675923031698 8
    vertex 112.782212961386 90.28924962838767 8
    vertex 112.2802149100833 90.79124767969138 8.66715728752553
  endloop
endfacet
facet normal -0.707107 -0.707107 4.81978e-13
  outer loop
    vertex 112.7822129613876 90.28924962838684 9.334314575051051
    vertex 112.7822129613877 90.28924962838767 10.6686291501021
    vertex 112.4054851590664 90.66597743070899 10.00147186257658
  endloop
endfacet
facet normal -0.707107 -0.707107 4.52314e-13
  outer loop
    vertex 112.0287573567452 91.0427052330311 10.66862915010213
    vertex 111.8617303581016 91.20973223167405 9.334314575051067
    vertex 112.4054851590664 90.66597743070899 10.00147186257658
  endloop
endfacet
facet normal -0.707107 -0.707107 4.52282e-13
  outer loop
    vertex 111.8617303581016 91.20973223167405 9.334314575051067
    vertex 112.7822129613876 90.28924962838684 9.334314575051051
    vertex 112.4054851590664 90.66597743070899 10.00147186257658
  endloop
endfacet
facet normal -0.707107 -0.707107 4.51854e-13
  outer loop
    vertex 112.782212961386 90.28924962838767 8
    vertex 112.7822129613876 90.28924962838684 9.334314575051051
    vertex 112.2802149100833 90.79124767969138 8.66715728752553
  endloop
endfacet
facet normal -0.707107 -0.707107 4.52898e-13
  outer loop
    vertex 111.8617303581016 91.20973223167405 9.334314575051067
    vertex 111.694703359458 91.37675923031698 8
    vertex 112.2802149100833 90.79124767969138 8.66715728752553
  endloop
endfacet
facet normal -0.707107 -0.707107 4.55797e-13
  outer loop
    vertex 112.7822129613876 90.28924962838684 9.334314575051051
    vertex 111.8617303581016 91.20973223167405 9.334314575051067
    vertex 112.2802149100833 90.79124767969138 8.66715728752553
  endloop
endfacet
facet normal -0.707107 -0.707107 4.82032e-13
  outer loop
    vertex 112.7822129613877 90.28924962838767 10.6686291501021
    vertex 112.0287573567452 91.0427052330311 10.66862915010213
    vertex 112.4054851590664 90.66597743070899 10.00147186257658
  endloop
endfacet
facet normal 0 0 -1
  outer loop
    vertex 112.5730246521828 38.41092710569451 11.2
    vertex 111.6953067043219 39.09978195968208 11.2
    vertex 112.5730246521838 40.37633114659406 11.2
  endloop
endfacet
facet normal 0 -0 -1
  outer loop
    vertex 110.2379436961949 85.15296093429805 11.2
    vertex 111.0140831924988 83.56519709836243 11.2
    vertex 108.3434951332594 83.33097159009404 11.2
  endloop
endfacet
facet normal 0 0 -1
  outer loop
    vertex 108.3434951332594 83.33097159009404 11.2
    vertex 111.0140831924988 83.56519709836243 11.2
    vertex 110.2949711474944 81.83876564516447 11.2
  endloop
endfacet
facet normal 0 0 -1
  outer loop
    vertex 112.5730246521848 87.54602812818311 11.2
    vertex 111.6926926243131 88.81390044185935 11.2
    vertex 112.5730246521848 89.51143216908264 11.2
  endloop
endfacet
facet normal 0 0 -1
  outer loop
    vertex 110.2949711474944 81.83876564516447 11.2
    vertex 111.0140831924988 83.56519709836243 11.2
    vertex 112.5730246521847 81.6498160054845 11.2
  endloop
endfacet
facet normal 0 -0 -1
  outer loop
    vertex 110.0973965407902 47.53095927117725 11.2
    vertex 110.3696425170761 45.08882647208617 11.2
    vertex 108.3434951332594 46.52836687995192 11.2
  endloop
endfacet
facet normal 0 0 -1
  outer loop
    vertex 112.573024652184 48.23794731019225 11.2
    vertex 111.0741057711713 46.42008864514628 11.2
    vertex 110.0973965407902 47.53095927117725 11.2
  endloop
endfacet
facet normal 0 0 -1
  outer loop
    vertex 110.0973965407902 47.53095927117725 11.2
    vertex 111.3703314779355 49.33428067032259 11.2
    vertex 112.573024652184 48.23794731019225 11.2
  endloop
endfacet
facet normal -0 0 -1
  outer loop
    vertex 112.5730246521847 81.6498160054845 11.2
    vertex 111.426269042544 80.52298839574433 11.2
    vertex 110.2949711474944 81.83876564516447 11.2
  endloop
endfacet
facet normal 0 0 -1
  outer loop
    vertex 112.5730246521848 85.58062408728357 11.2
    vertex 111.0140831924988 83.56519709836243 11.2
    vertex 110.2379436961949 85.15296093429805 11.2
  endloop
endfacet
facet normal 0 0 -1
  outer loop
    vertex 110.3696425170761 45.08882647208617 11.2
    vertex 111.0741057711713 46.42008864514628 11.2
    vertex 112.5730246521839 44.30713922839315 11.2
  endloop
endfacet
facet normal 0 0 -1
  outer loop
    vertex 108.3434951332594 44.59138768468129 11.2
    vertex 110.3696425170761 45.08882647208617 11.2
    vertex 110.2331862095254 43.00697675505751 11.2
  endloop
endfacet
facet normal 0 0 -1
  outer loop
    vertex 112.5730246521839 44.30713922839315 11.2
    vertex 111.0741057711713 46.42008864514628 11.2
    vertex 112.5730246521839 46.2725432692927 11.2
  endloop
endfacet
facet normal 0 0 -1
  outer loop
    vertex 108.3434951332594 46.52836687995192 11.2
    vertex 110.3696425170761 45.08882647208617 11.2
    vertex 108.3434951332594 44.59138768468129 11.2
  endloop
endfacet
facet normal -0 0 -1
  outer loop
    vertex 112.5730246521839 44.30713922839315 11.2
    vertex 111.4372195077423 43.68616941075761 11.2
    vertex 110.3696425170761 45.08882647208617 11.2
  endloop
endfacet
facet normal 0 0 -1
  outer loop
    vertex 110.0973965407902 47.53095927117725 11.2
    vertex 111.0741057711713 46.42008864514628 11.2
    vertex 110.3696425170761 45.08882647208617 11.2
  endloop
endfacet
facet normal -0 0 -1
  outer loop
    vertex 112.5730246521847 83.61522004638404 11.2
    vertex 111.0140831924988 83.56519709836243 11.2
    vertex 112.5730246521848 85.58062408728357 11.2
  endloop
endfacet
facet normal 0 0 -1
  outer loop
    vertex 108.3434951332594 85.26795078536468 11.2
    vertex 110.2379436961949 85.15296093429805 11.2
    vertex 108.3434951332594 83.33097159009404 11.2
  endloop
endfacet
facet normal 0 0 -1
  outer loop
    vertex 108.3434951332594 44.59138768468129 11.2
    vertex 110.2331862095254 43.00697675505751 11.2
    vertex 108.3434951332594 42.65440848941065 11.2
  endloop
endfacet
facet normal 0 0 -1
  outer loop
    vertex 108.3434951332594 87.20492998063531 11.2
    vertex 109.7916989521972 86.69310474550142 11.2
    vertex 108.3434951332594 85.26795078536468 11.2
  endloop
endfacet
facet normal 0 -0 -1
  outer loop
    vertex 108.3434951332594 42.65440848941065 11.2
    vertex 109.7916989521961 41.22925452927593 11.2
    vertex 108.3434951332585 40.71742929414001 11.2
  endloop
endfacet
facet normal 0 0 -1
  outer loop
    vertex 112.5730246521848 89.51143216908264 11.2
    vertex 111.8108090680511 89.65038247483588 11.2
    vertex 112.4064770301002 89.91351369709983 11.2
  endloop
endfacet
facet normal 0 0 -1
  outer loop
    vertex 112.4064770300977 38.00884557767597 11.2
    vertex 111.8179383771671 38.24831260020552 11.2
    vertex 112.5730246521828 38.41092710569451 11.2
  endloop
endfacet
facet normal 0 0 -1
  outer loop
    vertex 110.2379436961949 85.15296093429805 11.2
    vertex 111.2206593009618 86.57011506802537 11.2
    vertex 112.5730246521848 85.58062408728357 11.2
  endloop
endfacet
facet normal -0 0 -1
  outer loop
    vertex 112.5730246521838 42.34173518749361 11.2
    vertex 111.2208960218132 41.39581585637816 11.2
    vertex 110.2331862095254 43.00697675505751 11.2
  endloop
endfacet
facet normal 0 0 -1
  outer loop
    vertex 112.5730246521847 81.6498160054845 11.2
    vertex 111.0140831924988 83.56519709836243 11.2
    vertex 112.5730246521847 83.61522004638404 11.2
  endloop
endfacet
facet normal 0 -0 -1
  outer loop
    vertex 109.7916989521972 86.69310474550142 11.2
    vertex 110.2379436961949 85.15296093429805 11.2
    vertex 108.3434951332594 85.26795078536468 11.2
  endloop
endfacet
facet normal 0 0 -1
  outer loop
    vertex 108.3434951332594 42.65440848941065 11.2
    vertex 110.2331862095254 43.00697675505751 11.2
    vertex 109.7916989521961 41.22925452927593 11.2
  endloop
endfacet
facet normal 0 0 -1
  outer loop
    vertex 110.2331862095254 43.00697675505751 11.2
    vertex 111.4372195077423 43.68616941075761 11.2
    vertex 112.5730246521838 42.34173518749361 11.2
  endloop
endfacet
facet normal -0 0 -1
  outer loop
    vertex 112.4064770301002 89.91351369709983 11.2
    vertex 111.8108090680511 89.65038247483588 11.2
    vertex 111.6967527290169 90.62323799818408 11.2
  endloop
endfacet
facet normal 0 0 -1
  outer loop
    vertex 111.6967527290175 37.29912127659986 11.2
    vertex 111.8179383771671 38.24831260020552 11.2
    vertex 112.4064770300977 38.00884557767597 11.2
  endloop
endfacet
facet normal 0 0 -1
  outer loop
    vertex 112.5730246521839 46.2725432692927 11.2
    vertex 111.0741057711713 46.42008864514628 11.2
    vertex 112.573024652184 48.23794731019225 11.2
  endloop
endfacet
facet normal 0 0 -1
  outer loop
    vertex 111.4389805894469 76.77779515871883 11.2
    vertex 111.3428752213416 74.85109873844839 11.2
    vertex 109.8905104924617 76.19690417381969 11.2
  endloop
endfacet
facet normal 0 -0 -1
  outer loop
    vertex 109.8905104924617 76.19690417381969 11.2
    vertex 111.3428752213416 74.85109873844839 11.2
    vertex 109.7475327276728 74.33911008821289 11.2
  endloop
endfacet
facet normal 0 0 -1
  outer loop
    vertex 109.9488723861487 55.22479536321021 11.2
    vertex 111.4829919572252 55.11686145334067 11.2
    vertex 111.0330568504185 53.25360201701767 11.2
  endloop
endfacet
facet normal 0 0 -1
  outer loop
    vertex 111.0330568504185 53.25360201701767 11.2
    vertex 109.4264923771258 53.30779406339914 11.2
    vertex 109.9488723861487 55.22479536321021 11.2
  endloop
endfacet
facet normal 0 0 -1
  outer loop
    vertex 109.9147786595629 49.74035472697106 11.2
    vertex 111.3378973596243 51.11979648131168 11.2
    vertex 111.3703314779355 49.33428067032259 11.2
  endloop
endfacet
facet normal 0 0 -1
  outer loop
    vertex 111.4772932220069 78.70170994413577 11.2
    vertex 111.4389805894469 76.77779515871883 11.2
    vertex 109.947621588545 78.23201837584014 11.2
  endloop
endfacet
facet normal 0 0 -1
  outer loop
    vertex 109.7474825312481 51.6367950427495 11.2
    vertex 111.3378973596243 51.11979648131168 11.2
    vertex 109.9147786595629 49.74035472697106 11.2
  endloop
endfacet
facet normal 0 -0 -1
  outer loop
    vertex 109.947621588545 78.23201837584014 11.2
    vertex 111.4389805894469 76.77779515871883 11.2
    vertex 109.8905104924617 76.19690417381969 11.2
  endloop
endfacet
facet normal 0 -0 -1
  outer loop
    vertex 111.036223791759 72.71291329167303 11.2
    vertex 111.4842583428293 70.84009378053747 11.2
    vertex 109.9694232149545 70.75170565164596 11.2
  endloop
endfacet
facet normal 0 0 -1
  outer loop
    vertex 109.9694232149545 70.75170565164596 11.2
    vertex 109.4413298432904 72.66566238965905 11.2
    vertex 111.036223791759 72.71291329167303 11.2
  endloop
endfacet
facet normal 0 -0 -1
  outer loop
    vertex 111.426269042544 80.52298839574433 11.2
    vertex 111.4772932220069 78.70170994413577 11.2
    vertex 109.9802727792272 80.04843559075852 11.2
  endloop
endfacet
facet normal 0 0 -1
  outer loop
    vertex 109.9147786595629 49.74035472697106 11.2
    vertex 111.3703314779355 49.33428067032259 11.2
    vertex 110.0973965407902 47.53095927117725 11.2
  endloop
endfacet
facet normal 0 -0 -1
  outer loop
    vertex 109.9802727792272 80.04843559075852 11.2
    vertex 111.4772932220069 78.70170994413577 11.2
    vertex 109.947621588545 78.23201837584014 11.2
  endloop
endfacet
facet normal 0 0 -1
  outer loop
    vertex 110.0209683229657 59.11873164921099 11.2
    vertex 111.4852081320323 59.04766953514006 11.2
    vertex 110.9234115298891 57.09262140932169 11.2
  endloop
endfacet
facet normal 0 0 -1
  outer loop
    vertex 110.9234115298891 57.09262140932169 11.2
    vertex 109.4236152573801 57.18175245394041 11.2
    vertex 110.0209683229657 59.11873164921099 11.2
  endloop
endfacet
facet normal 0 -0 -1
  outer loop
    vertex 110.2949711474944 81.83876564516447 11.2
    vertex 111.426269042544 80.52298839574433 11.2
    vertex 109.9802727792272 80.04843559075852 11.2
  endloop
endfacet
facet normal 0 -0 -1
  outer loop
    vertex 110.9242107269239 68.86717473430457 11.2
    vertex 111.4858413248344 66.9092856987379 11.2
    vertex 110.0209683229657 66.86664843029374 11.2
  endloop
endfacet
facet normal 0 0 -1
  outer loop
    vertex 112.5730246521845 71.82279580098682 11.2
    vertex 111.036223791759 72.71291329167303 11.2
    vertex 112.5730246521845 73.78819984188637 11.2
  endloop
endfacet
facet normal 0 0 -1
  outer loop
    vertex 112.5730246521843 63.96117963738864 11.2
    vertex 110.9261625046988 64.94229611057951 11.2
    vertex 112.5730246521843 65.92658367828818 11.2
  endloop
endfacet
facet normal 0 0 -1
  outer loop
    vertex 112.5730246521844 67.89198771918774 11.2
    vertex 110.9242107269239 68.86717473430457 11.2
    vertex 112.5730246521844 69.85739176008728 11.2
  endloop
endfacet
facet normal 0 0 -1
  outer loop
    vertex 112.5730246521842 60.03037155558954 11.2
    vertex 110.9261508461327 61.01783021781525 11.2
    vertex 112.5730246521842 61.9957755964891 11.2
  endloop
endfacet
facet normal 0 0 -1
  outer loop
    vertex 112.573024652184 52.16875539199135 11.2
    vertex 111.0330568504185 53.25360201701767 11.2
    vertex 112.5730246521841 54.1341594328909 11.2
  endloop
endfacet
facet normal 0 0 -1
  outer loop
    vertex 112.5730246521841 56.09956347379045 11.2
    vertex 110.9234115298891 57.09262140932169 11.2
    vertex 112.5730246521842 58.06496751469 11.2
  endloop
endfacet
facet normal 0 0 -1
  outer loop
    vertex 110.0209683229657 66.86664843029374 11.2
    vertex 109.422656217465 68.8036276255642 11.2
    vertex 110.9242107269239 68.86717473430457 11.2
  endloop
endfacet
facet normal 0 0 -1
  outer loop
    vertex 108.3434951332594 63.96117963738766 11.2
    vertex 110.0209683229657 62.99269003975227 11.2
    vertex 108.3434951332594 62.02420044211702 11.2
  endloop
endfacet
facet normal 0 0 -1
  outer loop
    vertex 108.3434951332594 60.08722124684638 11.2
    vertex 110.0209683229657 59.11873164921099 11.2
    vertex 108.3434951332594 58.15024205157574 11.2
  endloop
endfacet
facet normal 0 0 -1
  outer loop
    vertex 108.3434951332594 52.33930446576384 11.2
    vertex 109.7474825312481 51.6367950427495 11.2
    vertex 108.3434951332594 50.4023252704932 11.2
  endloop
endfacet
facet normal 0 0 -1
  outer loop
    vertex 108.3434951332594 50.4023252704932 11.2
    vertex 109.9147786595629 49.74035472697106 11.2
    vertex 108.3434951332594 48.46534607522256 11.2
  endloop
endfacet
facet normal 0 0 -1
  outer loop
    vertex 108.3434951332594 48.46534607522256 11.2
    vertex 110.0973965407902 47.53095927117725 11.2
    vertex 108.3434951332594 46.52836687995192 11.2
  endloop
endfacet
facet normal 0 0 -1
  outer loop
    vertex 108.3434951332594 56.21326285630511 11.2
    vertex 109.9488723861487 55.22479536321021 11.2
    vertex 108.3434951332594 54.27628366103448 11.2
  endloop
endfacet
facet normal 0 0 -1
  outer loop
    vertex 108.3434951332594 83.33097159009404 11.2
    vertex 110.2949711474944 81.83876564516447 11.2
    vertex 108.3434951332594 81.3939923948234 11.2
  endloop
endfacet
facet normal 0 0 -1
  outer loop
    vertex 108.3434951332594 79.45701319955276 11.2
    vertex 109.947621588545 78.23201837584014 11.2
    vertex 108.3434951332594 77.52003400428212 11.2
  endloop
endfacet
facet normal 0 0 -1
  outer loop
    vertex 108.3434951332594 75.58305480901149 11.2
    vertex 109.7475327276728 74.33911008821289 11.2
    vertex 108.3434951332594 73.64607561374085 11.2
  endloop
endfacet
facet normal 0 0 -1
  outer loop
    vertex 108.3434951332594 71.70909641847021 11.2
    vertex 109.9694232149545 70.75170565164596 11.2
    vertex 108.3434951332594 69.77211722319957 11.2
  endloop
endfacet
facet normal 0 0 -1
  outer loop
    vertex 108.3434951332594 67.83513802792893 11.2
    vertex 110.0209683229657 66.86664843029374 11.2
    vertex 108.3434951332594 65.8981588326583 11.2
  endloop
endfacet
facet normal 0 0 -1
  outer loop
    vertex 108.3434951332594 81.3939923948234 11.2
    vertex 109.9802727792272 80.04843559075852 11.2
    vertex 108.3434951332594 79.45701319955276 11.2
  endloop
endfacet
facet normal 0 0 -1
  outer loop
    vertex 108.3434951332594 77.52003400428212 11.2
    vertex 109.8905104924617 76.19690417381969 11.2
    vertex 108.3434951332594 75.58305480901149 11.2
  endloop
endfacet
facet normal 0 0 -1
  outer loop
    vertex 110.0209683229657 62.99269003975227 11.2
    vertex 111.4861579212355 62.97847761693917 11.2
    vertex 110.9261508461327 61.01783021781525 11.2
  endloop
endfacet
facet normal 0 0 -1
  outer loop
    vertex 110.2949711474944 81.83876564516447 11.2
    vertex 109.9802727792272 80.04843559075852 11.2
    vertex 108.3434951332594 81.3939923948234 11.2
  endloop
endfacet
facet normal 0 0 -1
  outer loop
    vertex 108.3434951332594 75.58305480901149 11.2
    vertex 109.8905104924617 76.19690417381969 11.2
    vertex 109.7475327276728 74.33911008821289 11.2
  endloop
endfacet
facet normal 0 -0 -1
  outer loop
    vertex 109.7474825312481 51.6367950427495 11.2
    vertex 109.9147786595629 49.74035472697106 11.2
    vertex 108.3434951332594 50.4023252704932 11.2
  endloop
endfacet
facet normal 0 0 -1
  outer loop
    vertex 108.3434951332594 48.46534607522256 11.2
    vertex 109.9147786595629 49.74035472697106 11.2
    vertex 110.0973965407902 47.53095927117725 11.2
  endloop
endfacet
facet normal 0 0 -1
  outer loop
    vertex 108.3434951332594 79.45701319955276 11.2
    vertex 109.9802727792272 80.04843559075852 11.2
    vertex 109.947621588545 78.23201837584014 11.2
  endloop
endfacet
facet normal 0 0 -1
  outer loop
    vertex 109.947621588545 78.23201837584014 11.2
    vertex 109.8905104924617 76.19690417381969 11.2
    vertex 108.3434951332594 77.52003400428212 11.2
  endloop
endfacet
facet normal 0 0 -1
  outer loop
    vertex 110.9261508461327 61.01783021781525 11.2
    vertex 109.4220168575215 61.05571084448179 11.2
    vertex 110.0209683229657 62.99269003975227 11.2
  endloop
endfacet
facet normal 0 -0 -1
  outer loop
    vertex 110.9261625046988 64.94229611057951 11.2
    vertex 111.4861579212355 62.97847761693917 11.2
    vertex 110.0209683229657 62.99269003975227 11.2
  endloop
endfacet
facet normal 0 0 -1
  outer loop
    vertex 110.0209683229657 62.99269003975227 11.2
    vertex 109.4216971775496 64.92966923502294 11.2
    vertex 110.9261625046988 64.94229611057951 11.2
  endloop
endfacet
facet normal 0 0 -1
  outer loop
    vertex 109.7916989521972 86.69310474550142 11.2
    vertex 111.2206593009618 86.57011506802537 11.2
    vertex 110.2379436961949 85.15296093429805 11.2
  endloop
endfacet
facet normal 0 -0 -1
  outer loop
    vertex 110.2331862095254 43.00697675505751 11.2
    vertex 111.2208960218132 41.39581585637816 11.2
    vertex 109.7916989521961 41.22925452927593 11.2
  endloop
endfacet
facet normal 0 0 -1
  outer loop
    vertex 110.0209683229657 66.86664843029374 11.2
    vertex 111.4858413248344 66.9092856987379 11.2
    vertex 110.9261625046988 64.94229611057951 11.2
  endloop
endfacet
facet normal -0 0 -1
  outer loop
    vertex 110.9261625046988 64.94229611057951 11.2
    vertex 109.4216971775496 64.92966923502294 11.2
    vertex 110.0209683229657 66.86664843029374 11.2
  endloop
endfacet
facet normal 0 -0 -1
  outer loop
    vertex 110.9261508461327 61.01783021781525 11.2
    vertex 111.4852081320323 59.04766953514006 11.2
    vertex 110.0209683229657 59.11873164921099 11.2
  endloop
endfacet
facet normal 0 0 -1
  outer loop
    vertex 109.9694232149545 70.75170565164596 11.2
    vertex 111.4842583428293 70.84009378053747 11.2
    vertex 110.9242107269239 68.86717473430457 11.2
  endloop
endfacet
facet normal 0 0 -1
  outer loop
    vertex 110.0209683229657 59.11873164921099 11.2
    vertex 109.4220168575215 61.05571084448179 11.2
    vertex 110.9261508461327 61.01783021781525 11.2
  endloop
endfacet
facet normal 0 -0 -1
  outer loop
    vertex 109.4612476651785 88.3443659864849 11.2
    vertex 109.7916989521972 86.69310474550142 11.2
    vertex 108.3434951332594 87.20492998063531 11.2
  endloop
endfacet
facet normal 0 0 -1
  outer loop
    vertex 108.3434951332585 40.71742929414001 11.2
    vertex 109.7916989521961 41.22925452927593 11.2
    vertex 109.4612476651782 39.5779932882933 11.2
  endloop
endfacet
facet normal 0 -0 -1
  outer loop
    vertex 110.9234115298891 57.09262140932169 11.2
    vertex 111.4829919572252 55.11686145334067 11.2
    vertex 109.9488723861487 55.22479536321021 11.2
  endloop
endfacet
facet normal -0 0 -1
  outer loop
    vertex 110.9242107269239 68.86717473430457 11.2
    vertex 109.422656217465 68.8036276255642 11.2
    vertex 109.9694232149545 70.75170565164596 11.2
  endloop
endfacet
facet normal -0 0 -1
  outer loop
    vertex 112.5730246521848 89.51143216908264 11.2
    vertex 111.6926926243131 88.81390044185935 11.2
    vertex 111.8108090680511 89.65038247483588 11.2
  endloop
endfacet
facet normal 0 -0 -1
  outer loop
    vertex 110.5790001970977 89.48380199233449 11.2
    vertex 110.9276045520474 87.87785744486075 11.2
    vertex 109.4612476651785 88.3443659864849 11.2
  endloop
endfacet
facet normal 0 0 -1
  outer loop
    vertex 109.4612476651782 39.5779932882933 11.2
    vertex 110.9335456429769 40.02478166346967 11.2
    vertex 110.5790001970979 38.43855728244659 11.2
  endloop
endfacet
facet normal 0 0 -1
  outer loop
    vertex 112.5730246521838 42.34173518749361 11.2
    vertex 111.4372195077423 43.68616941075761 11.2
    vertex 112.5730246521839 44.30713922839315 11.2
  endloop
endfacet
facet normal 0 0 -1
  outer loop
    vertex 109.7475327276728 74.33911008821289 11.2
    vertex 111.3428752213416 74.85109873844839 11.2
    vertex 111.036223791759 72.71291329167303 11.2
  endloop
endfacet
facet normal 0 0 -1
  outer loop
    vertex 109.9488723861487 55.22479536321021 11.2
    vertex 109.4236152573801 57.18175245394041 11.2
    vertex 110.9234115298891 57.09262140932169 11.2
  endloop
endfacet
facet normal 0 -0 -1
  outer loop
    vertex 111.0330568504185 53.25360201701767 11.2
    vertex 111.3378973596243 51.11979648131168 11.2
    vertex 109.7474825312481 51.6367950427495 11.2
  endloop
endfacet
facet normal -0 0 -1
  outer loop
    vertex 111.036223791759 72.71291329167303 11.2
    vertex 109.4413298432904 72.66566238965905 11.2
    vertex 109.7475327276728 74.33911008821289 11.2
  endloop
endfacet
facet normal -0 0 -1
  outer loop
    vertex 112.573024652184 52.16875539199135 11.2
    vertex 111.3378973596243 51.11979648131168 11.2
    vertex 111.0330568504185 53.25360201701767 11.2
  endloop
endfacet
facet normal 0 0 -1
  outer loop
    vertex 111.036223791759 72.71291329167303 11.2
    vertex 111.3428752213416 74.85109873844839 11.2
    vertex 112.5730246521845 73.78819984188637 11.2
  endloop
endfacet
facet normal 0 0 -1
  outer loop
    vertex 111.0330568504185 53.25360201701767 11.2
    vertex 111.4829919572252 55.11686145334067 11.2
    vertex 112.5730246521841 54.1341594328909 11.2
  endloop
endfacet
facet normal -0 0 -1
  outer loop
    vertex 112.5730246521841 56.09956347379045 11.2
    vertex 111.4829919572252 55.11686145334067 11.2
    vertex 110.9234115298891 57.09262140932169 11.2
  endloop
endfacet
facet normal 0 0 -1
  outer loop
    vertex 110.9242107269239 68.86717473430457 11.2
    vertex 111.4842583428293 70.84009378053747 11.2
    vertex 112.5730246521844 69.85739176008728 11.2
  endloop
endfacet
facet normal -0 0 -1
  outer loop
    vertex 112.5730246521845 71.82279580098682 11.2
    vertex 111.4842583428293 70.84009378053747 11.2
    vertex 111.036223791759 72.71291329167303 11.2
  endloop
endfacet
facet normal 0 0 -1
  outer loop
    vertex 110.9234115298891 57.09262140932169 11.2
    vertex 111.4852081320323 59.04766953514006 11.2
    vertex 112.5730246521842 58.06496751469 11.2
  endloop
endfacet
facet normal -0 0 -1
  outer loop
    vertex 112.5730246521842 60.03037155558954 11.2
    vertex 111.4852081320323 59.04766953514006 11.2
    vertex 110.9261508461327 61.01783021781525 11.2
  endloop
endfacet
facet normal 0 0 -1
  outer loop
    vertex 110.9261625046988 64.94229611057951 11.2
    vertex 111.4858413248344 66.9092856987379 11.2
    vertex 112.5730246521843 65.92658367828818 11.2
  endloop
endfacet
facet normal -0 0 -1
  outer loop
    vertex 112.5730246521844 67.89198771918774 11.2
    vertex 111.4858413248344 66.9092856987379 11.2
    vertex 110.9242107269239 68.86717473430457 11.2
  endloop
endfacet
facet normal 0 0 -1
  outer loop
    vertex 110.9261508461327 61.01783021781525 11.2
    vertex 111.4861579212355 62.97847761693917 11.2
    vertex 112.5730246521842 61.9957755964891 11.2
  endloop
endfacet
facet normal -0 0 -1
  outer loop
    vertex 112.5730246521843 63.96117963738864 11.2
    vertex 111.4861579212355 62.97847761693917 11.2
    vertex 110.9261625046988 64.94229611057951 11.2
  endloop
endfacet
facet normal 0 0 -1
  outer loop
    vertex 109.7474825312481 51.6367950427495 11.2
    vertex 109.4264923771258 53.30779406339914 11.2
    vertex 111.0330568504185 53.25360201701767 11.2
  endloop
endfacet
facet normal 0 0 -1
  outer loop
    vertex 109.9488723861487 55.22479536321021 11.2
    vertex 109.4264923771258 53.30779406339914 11.2
    vertex 108.3434951332594 54.27628366103448 11.2
  endloop
endfacet
facet normal 0 0 -1
  outer loop
    vertex 108.3434951332594 52.33930446576384 11.2
    vertex 109.4264923771258 53.30779406339914 11.2
    vertex 109.7474825312481 51.6367950427495 11.2
  endloop
endfacet
facet normal 0 0 -1
  outer loop
    vertex 108.3434951332594 71.70909641847021 11.2
    vertex 109.4413298432904 72.66566238965905 11.2
    vertex 109.9694232149545 70.75170565164596 11.2
  endloop
endfacet
facet normal 0 0 -1
  outer loop
    vertex 109.7475327276728 74.33911008821289 11.2
    vertex 109.4413298432904 72.66566238965905 11.2
    vertex 108.3434951332594 73.64607561374085 11.2
  endloop
endfacet
facet normal 0 0 -1
  outer loop
    vertex 108.3434951332594 56.21326285630511 11.2
    vertex 109.4236152573801 57.18175245394041 11.2
    vertex 109.9488723861487 55.22479536321021 11.2
  endloop
endfacet
facet normal 0 0 -1
  outer loop
    vertex 110.0209683229657 59.11873164921099 11.2
    vertex 109.4236152573801 57.18175245394041 11.2
    vertex 108.3434951332594 58.15024205157574 11.2
  endloop
endfacet
facet normal 0 0 -1
  outer loop
    vertex 109.9694232149545 70.75170565164596 11.2
    vertex 109.422656217465 68.8036276255642 11.2
    vertex 108.3434951332594 69.77211722319957 11.2
  endloop
endfacet
facet normal 0 0 -1
  outer loop
    vertex 108.3434951332594 67.83513802792893 11.2
    vertex 109.422656217465 68.8036276255642 11.2
    vertex 110.0209683229657 66.86664843029374 11.2
  endloop
endfacet
facet normal 0 0 -1
  outer loop
    vertex 108.3434951332594 60.08722124684638 11.2
    vertex 109.4220168575215 61.05571084448179 11.2
    vertex 110.0209683229657 59.11873164921099 11.2
  endloop
endfacet
facet normal 0 0 -1
  outer loop
    vertex 110.0209683229657 62.99269003975227 11.2
    vertex 109.4220168575215 61.05571084448179 11.2
    vertex 108.3434951332594 62.02420044211702 11.2
  endloop
endfacet
facet normal 0 0 -1
  outer loop
    vertex 110.0209683229657 66.86664843029374 11.2
    vertex 109.4216971775496 64.92966923502294 11.2
    vertex 108.3434951332594 65.8981588326583 11.2
  endloop
endfacet
facet normal 0 0 -1
  outer loop
    vertex 108.3434951332594 63.96117963738766 11.2
    vertex 109.4216971775496 64.92966923502294 11.2
    vertex 110.0209683229657 62.99269003975227 11.2
  endloop
endfacet
facet normal 0 0 -1
  outer loop
    vertex 111.8108090680511 89.65038247483588 11.2
    vertex 111.6926926243131 88.81390044185935 11.2
    vertex 110.5790001970977 89.48380199233449 11.2
  endloop
endfacet
facet normal 0 0 -1
  outer loop
    vertex 109.4612476651785 88.3443659864849 11.2
    vertex 110.9276045520474 87.87785744486075 11.2
    vertex 109.7916989521972 86.69310474550142 11.2
  endloop
endfacet
facet normal 0 -0 -1
  outer loop
    vertex 109.7916989521961 41.22925452927593 11.2
    vertex 110.9335456429769 40.02478166346967 11.2
    vertex 109.4612476651782 39.5779932882933 11.2
  endloop
endfacet
facet normal 0 0 -1
  outer loop
    vertex 110.5790001970979 38.43855728244659 11.2
    vertex 111.6953067043219 39.09978195968208 11.2
    vertex 111.8179383771671 38.24831260020552 11.2
  endloop
endfacet
facet normal 0 -0 -1
  outer loop
    vertex 110.3696425170761 45.08882647208617 11.2
    vertex 111.4372195077423 43.68616941075761 11.2
    vertex 110.2331862095254 43.00697675505751 11.2
  endloop
endfacet
facet normal 0 -0 -1
  outer loop
    vertex 110.9335456429769 40.02478166346967 11.2
    vertex 111.6953067043219 39.09978195968208 11.2
    vertex 110.5790001970979 38.43855728244659 11.2
  endloop
endfacet
facet normal 0 0 -1
  outer loop
    vertex 111.8179383771671 38.24831260020552 11.2
    vertex 111.6953067043219 39.09978195968208 11.2
    vertex 112.5730246521828 38.41092710569451 11.2
  endloop
endfacet
facet normal 0 0 -1
  outer loop
    vertex 112.5730246521838 40.37633114659406 11.2
    vertex 111.2208960218132 41.39581585637816 11.2
    vertex 112.5730246521838 42.34173518749361 11.2
  endloop
endfacet
facet normal 0 0 -1
  outer loop
    vertex 112.5730246521848 85.58062408728357 11.2
    vertex 111.2206593009618 86.57011506802537 11.2
    vertex 112.5730246521848 87.54602812818311 11.2
  endloop
endfacet
facet normal 0 0 -1
  outer loop
    vertex 110.5790001970977 89.48380199233449 11.2
    vertex 111.6926926243131 88.81390044185935 11.2
    vertex 110.9276045520474 87.87785744486075 11.2
  endloop
endfacet
facet normal -0 0 -1
  outer loop
    vertex 112.5730246521846 79.68441196458497 11.2
    vertex 111.4772932220069 78.70170994413577 11.2
    vertex 111.426269042544 80.52298839574433 11.2
  endloop
endfacet
facet normal -0 0 -1
  outer loop
    vertex 112.5730246521846 77.71900792368544 11.2
    vertex 111.4389805894469 76.77779515871883 11.2
    vertex 111.4772932220069 78.70170994413577 11.2
  endloop
endfacet
facet normal 0 0 -1
  outer loop
    vertex 111.3703314779355 49.33428067032259 11.2
    vertex 111.3378973596243 51.11979648131168 11.2
    vertex 112.573024652184 50.2033513510918 11.2
  endloop
endfacet
facet normal -0 0 -1
  outer loop
    vertex 112.5730246521845 75.7536038827859 11.2
    vertex 111.3428752213416 74.85109873844839 11.2
    vertex 111.4389805894469 76.77779515871883 11.2
  endloop
endfacet
facet normal 0 0 -1
  outer loop
    vertex 112.5730246521846 79.68441196458497 11.2
    vertex 111.426269042544 80.52298839574433 11.2
    vertex 112.5730246521847 81.6498160054845 11.2
  endloop
endfacet
facet normal 0 0 -1
  outer loop
    vertex 112.5730246521846 77.71900792368544 11.2
    vertex 111.4772932220069 78.70170994413577 11.2
    vertex 112.5730246521846 79.68441196458497 11.2
  endloop
endfacet
facet normal 0 0 -1
  outer loop
    vertex 112.573024652184 48.23794731019225 11.2
    vertex 111.3703314779355 49.33428067032259 11.2
    vertex 112.573024652184 50.2033513510918 11.2
  endloop
endfacet
facet normal 0 0 -1
  outer loop
    vertex 112.5730246521845 75.7536038827859 11.2
    vertex 111.4389805894469 76.77779515871883 11.2
    vertex 112.5730246521846 77.71900792368544 11.2
  endloop
endfacet
facet normal 0 0 -1
  outer loop
    vertex 112.573024652184 50.2033513510918 11.2
    vertex 111.3378973596243 51.11979648131168 11.2
    vertex 112.573024652184 52.16875539199135 11.2
  endloop
endfacet
facet normal 0 0 -1
  outer loop
    vertex 112.5730246521845 73.78819984188637 11.2
    vertex 111.3428752213416 74.85109873844839 11.2
    vertex 112.5730246521845 75.7536038827859 11.2
  endloop
endfacet
facet normal 0 0 -1
  outer loop
    vertex 112.5730246521841 54.1341594328909 11.2
    vertex 111.4829919572252 55.11686145334067 11.2
    vertex 112.5730246521841 56.09956347379045 11.2
  endloop
endfacet
facet normal 0 0 -1
  outer loop
    vertex 112.5730246521844 69.85739176008728 11.2
    vertex 111.4842583428293 70.84009378053747 11.2
    vertex 112.5730246521845 71.82279580098682 11.2
  endloop
endfacet
facet normal 0 0 -1
  outer loop
    vertex 112.5730246521842 58.06496751469 11.2
    vertex 111.4852081320323 59.04766953514006 11.2
    vertex 112.5730246521842 60.03037155558954 11.2
  endloop
endfacet
facet normal 0 0 -1
  outer loop
    vertex 112.5730246521838 40.37633114659406 11.2
    vertex 111.6953067043219 39.09978195968208 11.2
    vertex 110.9335456429769 40.02478166346967 11.2
  endloop
endfacet
facet normal 0 0 -1
  outer loop
    vertex 112.5730246521843 65.92658367828818 11.2
    vertex 111.4858413248344 66.9092856987379 11.2
    vertex 112.5730246521844 67.89198771918774 11.2
  endloop
endfacet
facet normal 0 0 -1
  outer loop
    vertex 112.5730246521842 61.9957755964891 11.2
    vertex 111.4861579212355 62.97847761693917 11.2
    vertex 112.5730246521843 63.96117963738864 11.2
  endloop
endfacet
facet normal 0 0 -1
  outer loop
    vertex 108.3434951332594 54.27628366103448 11.2
    vertex 109.4264923771258 53.30779406339914 11.2
    vertex 108.3434951332594 52.33930446576384 11.2
  endloop
endfacet
facet normal 0 0 -1
  outer loop
    vertex 108.3434951332594 73.64607561374085 11.2
    vertex 109.4413298432904 72.66566238965905 11.2
    vertex 108.3434951332594 71.70909641847021 11.2
  endloop
endfacet
facet normal 0 0 -1
  outer loop
    vertex 108.3434951332594 58.15024205157574 11.2
    vertex 109.4236152573801 57.18175245394041 11.2
    vertex 108.3434951332594 56.21326285630511 11.2
  endloop
endfacet
facet normal 0 0 -1
  outer loop
    vertex 108.3434951332594 69.77211722319957 11.2
    vertex 109.422656217465 68.8036276255642 11.2
    vertex 108.3434951332594 67.83513802792893 11.2
  endloop
endfacet
facet normal 0 0 -1
  outer loop
    vertex 108.3434951332594 62.02420044211702 11.2
    vertex 109.4220168575215 61.05571084448179 11.2
    vertex 108.3434951332594 60.08722124684638 11.2
  endloop
endfacet
facet normal 0 0 -1
  outer loop
    vertex 108.3434951332594 65.8981588326583 11.2
    vertex 109.4216971775496 64.92966923502294 11.2
    vertex 108.3434951332594 63.96117963738766 11.2
  endloop
endfacet
facet normal 0 0 -1
  outer loop
    vertex 109.7916989521961 41.22925452927593 11.2
    vertex 111.2208960218132 41.39581585637816 11.2
    vertex 110.9335456429769 40.02478166346967 11.2
  endloop
endfacet
facet normal 0 -0 -1
  outer loop
    vertex 110.9276045520474 87.87785744486075 11.2
    vertex 111.2206593009618 86.57011506802537 11.2
    vertex 109.7916989521972 86.69310474550142 11.2
  endloop
endfacet
facet normal 0 0 -1
  outer loop
    vertex 110.9335456429769 40.02478166346967 11.2
    vertex 111.2208960218132 41.39581585637816 11.2
    vertex 112.5730246521838 40.37633114659406 11.2
  endloop
endfacet
facet normal -0 0 -1
  outer loop
    vertex 112.5730246521848 87.54602812818311 11.2
    vertex 111.2206593009618 86.57011506802537 11.2
    vertex 110.9276045520474 87.87785744486075 11.2
  endloop
endfacet
facet normal 0 0 -1
  outer loop
    vertex 110.9276045520474 87.87785744486075 11.2
    vertex 111.6926926243131 88.81390044185935 11.2
    vertex 112.5730246521848 87.54602812818311 11.2
  endloop
endfacet
facet normal 0 -0 -1
  outer loop
    vertex 111.6967527290169 90.62323799818408 11.2
    vertex 111.8108090680511 89.65038247483588 11.2
    vertex 110.5790001970977 89.48380199233449 11.2
  endloop
endfacet
facet normal 0 0 -1
  outer loop
    vertex 110.5790001970979 38.43855728244659 11.2
    vertex 111.8179383771671 38.24831260020552 11.2
    vertex 111.6967527290175 37.29912127659986 11.2
  endloop
endfacet
facet normal -0.980776 -0.195138 7.60664e-13
  outer loop
    vertex 113.1043955020811 89.51143216908322 9.334314575051067
    vertex 113.1043955020822 89.51143216908292 10.66862915010214
    vertex 113.0206218229805 89.93248331171563 10.00147186257655
  endloop
endfacet
facet normal -0.980785 -0.19509 8.21052e-13
  outer loop
    vertex 113.10439550208 89.51143216908325 8
    vertex 113.1043955020811 89.51143216908322 9.334314575051067
    vertex 113.0206629878434 89.93238394468366 8.667358151873886
  endloop
endfacet
facet normal -0.83147 -0.55557 7.01752e-13
  outer loop
    vertex 112.7822129613876 90.28924962838684 9.334314575051051
    vertex 112.782212961386 90.28924962838767 8
    vertex 113.0206629878434 89.93238394468366 8.667358151873886
  endloop
endfacet
facet normal -0.831442 -0.555611 3.96341e-13
  outer loop
    vertex 112.7822129613877 90.28924962838767 10.6686291501021
    vertex 112.7822129613876 90.28924962838684 9.334314575051051
    vertex 113.0206218229805 89.93248331171563 10.00147186257655
  endloop
endfacet
facet normal -0.916692 -0.379706 0.124493
  outer loop
    vertex 112.782212961386 90.28924962838767 8
    vertex 113.10439550208 89.51143216908325 8
    vertex 113.0206629878434 89.93238394468366 8.667358151873886
  endloop
endfacet
facet normal -0.916688 -0.379705 0.124529
  outer loop
    vertex 112.7822129613876 90.28924962838684 9.334314575051051
    vertex 113.1043955020811 89.51143216908322 9.334314575051067
    vertex 113.0206218229805 89.93248331171563 10.00147186257655
  endloop
endfacet
facet normal -0.916688 -0.379705 -0.124529
  outer loop
    vertex 113.1043955020822 89.51143216908292 10.66862915010214
    vertex 112.7822129613877 90.28924962838767 10.6686291501021
    vertex 113.0206218229805 89.93248331171563 10.00147186257655
  endloop
endfacet
facet normal -0.916684 -0.379703 -0.124566
  outer loop
    vertex 113.1043955020811 89.51143216908322 9.334314575051067
    vertex 112.7822129613876 90.28924962838684 9.334314575051051
    vertex 113.0206629878434 89.93238394468366 8.667358151873886
  endloop
endfacet
facet normal -0.83147 0.55557 3.57616e-13
  outer loop
    vertex 112.782212961382 37.63310964638637 8
    vertex 112.7822129613823 37.6331096463859 9.334314575050948
    vertex 113.0206629878413 37.98997533009089 8.666956423177034
  endloop
endfacet
facet normal -0.980785 0.19509 6.96329e-13
  outer loop
    vertex 113.10439550208 38.4109271056945 9.334314575050968
    vertex 113.1043955020789 38.41092710569369 8
    vertex 113.0206629878413 37.98997533009089 8.666956423177034
  endloop
endfacet
facet normal -0.980785 0.19509 1.35569e-12
  outer loop
    vertex 113.1043955020818 38.4109271056943 10.66862915010194
    vertex 113.10439550208 38.4109271056945 9.334314575050968
    vertex 113.0206629878421 37.98997533009057 10.00167272692481
  endloop
endfacet
facet normal -0.83147 0.55557 5.5449e-13
  outer loop
    vertex 112.7822129613823 37.6331096463859 9.334314575050948
    vertex 112.7822129613835 37.63310964638637 10.6686291501019
    vertex 113.0206629878421 37.98997533009057 10.00167272692481
  endloop
endfacet
facet normal -0.916692 0.379706 0.124493
  outer loop
    vertex 113.10439550208 38.4109271056945 9.334314575050968
    vertex 112.7822129613823 37.6331096463859 9.334314575050948
    vertex 113.0206629878421 37.98997533009057 10.00167272692481
  endloop
endfacet
facet normal -0.916692 0.379706 -0.124493
  outer loop
    vertex 112.7822129613823 37.6331096463859 9.334314575050948
    vertex 113.10439550208 38.4109271056945 9.334314575050968
    vertex 113.0206629878413 37.98997533009089 8.666956423177034
  endloop
endfacet
facet normal -0.916684 0.379703 0.124566
  outer loop
    vertex 113.1043955020789 38.41092710569369 8
    vertex 112.782212961382 37.63310964638637 8
    vertex 113.0206629878413 37.98997533009089 8.666956423177034
  endloop
endfacet
facet normal -0.916684 0.379703 -0.124566
  outer loop
    vertex 112.7822129613835 37.63310964638637 10.6686291501019
    vertex 113.1043955020818 38.4109271056943 10.66862915010194
    vertex 113.0206629878421 37.98997533009057 10.00167272692481
  endloop
endfacet
facet normal -0.5 -0.5 -0.707107
  outer loop
    vertex 111.838584694095 90.83231216443195 10.95187189497947
    vertex 112.0287573567452 91.0427052330311 10.66862915010213
    vertex 112.150556954269 90.54020374422693 10.93782603903675
  endloop
endfacet
facet normal -0.5 -0.5 -0.707107
  outer loop
    vertex 111.6378164649215 90.76165805816622 11.14379646893414
    vertex 111.6731384043638 90.88039261245214 11.03486207753312
    vertex 111.838584694095 90.83231216443195 10.95187189497947
  endloop
endfacet
facet normal -0.5 -0.5 -0.707107
  outer loop
    vertex 111.7676568973111 91.01828759772988 10.87052093104103
    vertex 111.8758273756035 91.09299905267379 10.74120387589313
    vertex 111.838584694095 90.83231216443195 10.95187189497947
  endloop
endfacet
facet normal -0.5 -0.5 -0.707107
  outer loop
    vertex 111.6967527290169 90.62323799818408 11.2
    vertex 111.838584694095 90.83231216443195 10.95187189497947
    vertex 112.150556954269 90.54020374422693 10.93782603903675
  endloop
endfacet
facet normal -0.5 -0.5 -0.707107
  outer loop
    vertex 112.7822129613877 90.28924962838767 10.6686291501021
    vertex 112.4064770301002 89.91351369709983 11.2
    vertex 112.150556954269 90.54020374422693 10.93782603903675
  endloop
endfacet
facet normal -0.5 -0.5 -0.707107
  outer loop
    vertex 111.6967527290169 90.62323799818408 11.2
    vertex 111.6378164649215 90.76165805816622 11.14379646893414
    vertex 111.838584694095 90.83231216443195 10.95187189497947
  endloop
endfacet
facet normal -0.5 -0.5 -0.707107
  outer loop
    vertex 111.8758273756035 91.09299905267379 10.74120387589313
    vertex 112.0287573567452 91.0427052330311 10.66862915010213
    vertex 111.838584694095 90.83231216443195 10.95187189497947
  endloop
endfacet
facet normal -0.5 -0.5 -0.707107
  outer loop
    vertex 111.6731384043638 90.88039261245214 11.03486207753312
    vertex 111.7676568973111 91.01828759772988 10.87052093104103
    vertex 111.838584694095 90.83231216443195 10.95187189497947
  endloop
endfacet
facet normal -0.5 -0.5 -0.707107
  outer loop
    vertex 112.0287573567452 91.0427052330311 10.66862915010213
    vertex 112.7822129613877 90.28924962838767 10.6686291501021
    vertex 112.150556954269 90.54020374422693 10.93782603903675
  endloop
endfacet
facet normal -0.5 -0.5 -0.707107
  outer loop
    vertex 112.4064770301002 89.91351369709983 11.2
    vertex 111.6967527290169 90.62323799818408 11.2
    vertex 112.150556954269 90.54020374422693 10.93782603903675
  endloop
endfacet
facet normal -0.592713 -0.397738 -0.700354
  outer loop
    vertex 112.4064770301002 89.91351369709983 11.2
    vertex 112.7822129613877 90.28924962838767 10.6686291501021
    vertex 112.8043689662491 89.84650890427022 10.90131492686149
  endloop
endfacet
facet normal -0.778095 -0.322297 -0.539159
  outer loop
    vertex 112.7822129613877 90.28924962838767 10.6686291501021
    vertex 113.1043955020822 89.51143216908292 10.66862915010214
    vertex 112.8043689662491 89.84650890427022 10.90131492686149
  endloop
endfacet
facet normal -0.700073 -0.140695 -0.700073
  outer loop
    vertex 113.1043955020822 89.51143216908292 10.66862915010214
    vertex 112.5730246521848 89.51143216908264 11.2
    vertex 112.8043689662491 89.84650890427022 10.90131492686149
  endloop
endfacet
facet normal -0.607765 -0.251745 -0.753157
  outer loop
    vertex 112.5730246521848 89.51143216908264 11.2
    vertex 112.4064770301002 89.91351369709983 11.2
    vertex 112.8043689662491 89.84650890427022 10.90131492686149
  endloop
endfacet
facet normal -0.707107 -1.62329e-13 -0.707107
  outer loop
    vertex 113.1043955020822 89.51143216908292 10.66862915010214
    vertex 113.1043955020822 87.54602812818337 10.66862915010263
    vertex 112.5730246521848 89.51143216908264 11.2
  endloop
endfacet
facet normal -0.707107 1.46991e-14 -0.707107
  outer loop
    vertex 113.1043955020812 40.37633114659386 10.66862915010263
    vertex 113.1043955020818 38.4109271056943 10.66862915010194
    vertex 112.5730246521828 38.41092710569451 11.2
  endloop
endfacet
facet normal -0.707107 1.53382e-14 -0.707107
  outer loop
    vertex 112.5730246521848 89.51143216908264 11.2
    vertex 113.1043955020822 87.54602812818337 10.66862915010263
    vertex 112.5730246521848 87.54602812818311 11.2
  endloop
endfacet
facet normal -0.707107 3.57892e-13 -0.707107
  outer loop
    vertex 112.5730246521838 40.37633114659406 11.2
    vertex 113.1043955020812 40.37633114659386 10.66862915010263
    vertex 112.5730246521828 38.41092710569451 11.2
  endloop
endfacet
facet normal -0.707107 1.53382e-14 -0.707107
  outer loop
    vertex 113.1043955020822 87.54602812818337 10.66862915010263
    vertex 113.1043955020821 85.58062408728379 10.66862915010263
    vertex 112.5730246521848 87.54602812818311 11.2
  endloop
endfacet
facet normal -0.707107 1.53382e-14 -0.707107
  outer loop
    vertex 113.1043955020821 85.58062408728379 10.66862915010263
    vertex 113.1043955020821 83.61522004638424 10.66862915010263
    vertex 112.5730246521848 85.58062408728357 11.2
  endloop
endfacet
facet normal -0.707107 1.53347e-14 -0.707107
  outer loop
    vertex 113.1043955020821 85.58062408728379 10.66862915010263
    vertex 112.5730246521848 85.58062408728357 11.2
    vertex 112.5730246521848 87.54602812818311 11.2
  endloop
endfacet
facet normal -0.707107 1.53382e-14 -0.707107
  outer loop
    vertex 113.1043955020821 83.61522004638424 10.66862915010263
    vertex 113.104395502082 81.64981600548467 10.66862915010263
    vertex 112.5730246521847 83.61522004638404 11.2
  endloop
endfacet
facet normal -0.707107 1.53347e-14 -0.707107
  outer loop
    vertex 113.1043955020821 83.61522004638424 10.66862915010263
    vertex 112.5730246521847 83.61522004638404 11.2
    vertex 112.5730246521848 85.58062408728357 11.2
  endloop
endfacet
facet normal -0.707107 1.53382e-14 -0.707107
  outer loop
    vertex 113.104395502082 81.64981600548467 10.66862915010263
    vertex 113.104395502082 79.68441196458511 10.66862915010263
    vertex 112.5730246521847 81.6498160054845 11.2
  endloop
endfacet
facet normal -0.707107 1.53347e-14 -0.707107
  outer loop
    vertex 113.104395502082 81.64981600548467 10.66862915010263
    vertex 112.5730246521847 81.6498160054845 11.2
    vertex 112.5730246521847 83.61522004638404 11.2
  endloop
endfacet
facet normal -0.707107 1.53382e-14 -0.707107
  outer loop
    vertex 113.104395502082 79.68441196458511 10.66862915010263
    vertex 113.104395502082 77.71900792368555 10.66862915010263
    vertex 112.5730246521846 79.68441196458497 11.2
  endloop
endfacet
facet normal -0.707107 1.53347e-14 -0.707107
  outer loop
    vertex 113.104395502082 79.68441196458511 10.66862915010263
    vertex 112.5730246521846 79.68441196458497 11.2
    vertex 112.5730246521847 81.6498160054845 11.2
  endloop
endfacet
facet normal -0.707107 1.53382e-14 -0.707107
  outer loop
    vertex 113.104395502082 77.71900792368555 10.66862915010263
    vertex 113.1043955020819 75.75360388278598 10.66862915010263
    vertex 112.5730246521846 77.71900792368544 11.2
  endloop
endfacet
facet normal -0.707107 1.53347e-14 -0.707107
  outer loop
    vertex 113.104395502082 77.71900792368555 10.66862915010263
    vertex 112.5730246521846 77.71900792368544 11.2
    vertex 112.5730246521846 79.68441196458497 11.2
  endloop
endfacet
facet normal -0.707107 1.53382e-14 -0.707107
  outer loop
    vertex 113.1043955020819 75.75360388278598 10.66862915010263
    vertex 113.1043955020819 73.78819984188642 10.66862915010263
    vertex 112.5730246521845 75.7536038827859 11.2
  endloop
endfacet
facet normal -0.707107 1.53347e-14 -0.707107
  outer loop
    vertex 113.1043955020819 75.75360388278598 10.66862915010263
    vertex 112.5730246521845 75.7536038827859 11.2
    vertex 112.5730246521846 77.71900792368544 11.2
  endloop
endfacet
facet normal -0.707107 1.53382e-14 -0.707107
  outer loop
    vertex 113.1043955020819 73.78819984188642 10.66862915010263
    vertex 113.1043955020818 71.82279580098685 10.66862915010263
    vertex 112.5730246521845 73.78819984188637 11.2
  endloop
endfacet
facet normal -0.707107 1.53347e-14 -0.707107
  outer loop
    vertex 113.1043955020819 73.78819984188642 10.66862915010263
    vertex 112.5730246521845 73.78819984188637 11.2
    vertex 112.5730246521845 75.7536038827859 11.2
  endloop
endfacet
facet normal -0.707107 1.53382e-14 -0.707107
  outer loop
    vertex 113.1043955020818 71.82279580098685 10.66862915010263
    vertex 113.1043955020818 69.8573917600873 10.66862915010263
    vertex 112.5730246521845 71.82279580098682 11.2
  endloop
endfacet
facet normal -0.707107 1.53347e-14 -0.707107
  outer loop
    vertex 113.1043955020818 71.82279580098685 10.66862915010263
    vertex 112.5730246521845 71.82279580098682 11.2
    vertex 112.5730246521845 73.78819984188637 11.2
  endloop
endfacet
facet normal -0.707107 1.53347e-14 -0.707107
  outer loop
    vertex 112.5730246521844 69.85739176008728 11.2
    vertex 113.1043955020818 69.8573917600873 10.66862915010263
    vertex 113.1043955020817 67.89198771918774 10.66862915010263
  endloop
endfacet
facet normal -0.707107 1.53347e-14 -0.707107
  outer loop
    vertex 113.1043955020818 69.8573917600873 10.66862915010263
    vertex 112.5730246521844 69.85739176008728 11.2
    vertex 112.5730246521845 71.82279580098682 11.2
  endloop
endfacet
facet normal -0.707107 1.53347e-14 -0.707107
  outer loop
    vertex 112.5730246521844 67.89198771918774 11.2
    vertex 113.1043955020817 67.89198771918774 10.66862915010263
    vertex 113.1043955020817 65.92658367828817 10.66862915010263
  endloop
endfacet
facet normal -0.707107 1.53382e-14 -0.707107
  outer loop
    vertex 112.5730246521844 67.89198771918774 11.2
    vertex 112.5730246521844 69.85739176008728 11.2
    vertex 113.1043955020817 67.89198771918774 10.66862915010263
  endloop
endfacet
facet normal -0.707107 1.53347e-14 -0.707107
  outer loop
    vertex 112.5730246521843 63.96117963738864 11.2
    vertex 113.1043955020817 65.92658367828817 10.66862915010263
    vertex 113.1043955020817 63.96117963738861 10.66862915010263
  endloop
endfacet
facet normal -0.707107 1.53382e-14 -0.707107
  outer loop
    vertex 112.5730246521843 63.96117963738864 11.2
    vertex 112.5730246521843 65.92658367828818 11.2
    vertex 113.1043955020817 65.92658367828817 10.66862915010263
  endloop
endfacet
facet normal -0.707107 1.53382e-14 -0.707107
  outer loop
    vertex 112.5730246521843 65.92658367828818 11.2
    vertex 112.5730246521844 67.89198771918774 11.2
    vertex 113.1043955020817 65.92658367828817 10.66862915010263
  endloop
endfacet
facet normal -0.707107 1.53347e-14 -0.707107
  outer loop
    vertex 112.5730246521842 61.9957755964891 11.2
    vertex 113.1043955020817 63.96117963738861 10.66862915010263
    vertex 113.1043955020816 61.99577559648905 10.66862915010263
  endloop
endfacet
facet normal -0.707107 1.53382e-14 -0.707107
  outer loop
    vertex 112.5730246521842 61.9957755964891 11.2
    vertex 112.5730246521843 63.96117963738864 11.2
    vertex 113.1043955020817 63.96117963738861 10.66862915010263
  endloop
endfacet
facet normal -0.707107 1.02231e-14 -0.707107
  outer loop
    vertex 112.5730246521842 60.03037155558954 11.2
    vertex 113.1043955020816 61.99577559648905 10.66862915010263
    vertex 113.1043955020816 60.03037155558948 10.66862915010263
  endloop
endfacet
facet normal -0.707107 1.02255e-14 -0.707107
  outer loop
    vertex 112.5730246521842 60.03037155558954 11.2
    vertex 112.5730246521842 61.9957755964891 11.2
    vertex 113.1043955020816 61.99577559648905 10.66862915010263
  endloop
endfacet
facet normal -0.707107 1.53347e-14 -0.707107
  outer loop
    vertex 112.5730246521842 58.06496751469 11.2
    vertex 113.1043955020816 60.03037155558948 10.66862915010263
    vertex 113.1043955020815 58.06496751468993 10.66862915010263
  endloop
endfacet
facet normal -0.707107 1.53382e-14 -0.707107
  outer loop
    vertex 112.5730246521842 58.06496751469 11.2
    vertex 112.5730246521842 60.03037155558954 11.2
    vertex 113.1043955020816 60.03037155558948 10.66862915010263
  endloop
endfacet
facet normal -0.707107 1.53347e-14 -0.707107
  outer loop
    vertex 112.5730246521841 56.09956347379045 11.2
    vertex 113.1043955020815 58.06496751468993 10.66862915010263
    vertex 113.1043955020815 56.09956347379036 10.66862915010263
  endloop
endfacet
facet normal -0.707107 1.53382e-14 -0.707107
  outer loop
    vertex 112.5730246521841 56.09956347379045 11.2
    vertex 112.5730246521842 58.06496751469 11.2
    vertex 113.1043955020815 58.06496751468993 10.66862915010263
  endloop
endfacet
facet normal -0.707107 1.53347e-14 -0.707107
  outer loop
    vertex 112.5730246521841 54.1341594328909 11.2
    vertex 113.1043955020815 56.09956347379036 10.66862915010263
    vertex 113.1043955020815 54.1341594328908 10.66862915010263
  endloop
endfacet
facet normal -0.707107 1.53382e-14 -0.707107
  outer loop
    vertex 112.5730246521841 54.1341594328909 11.2
    vertex 112.5730246521841 56.09956347379045 11.2
    vertex 113.1043955020815 56.09956347379036 10.66862915010263
  endloop
endfacet
facet normal -0.707107 1.53347e-14 -0.707107
  outer loop
    vertex 112.573024652184 52.16875539199135 11.2
    vertex 113.1043955020815 54.1341594328908 10.66862915010263
    vertex 113.1043955020814 52.16875539199123 10.66862915010263
  endloop
endfacet
facet normal -0.707107 1.53382e-14 -0.707107
  outer loop
    vertex 112.573024652184 52.16875539199135 11.2
    vertex 112.5730246521841 54.1341594328909 11.2
    vertex 113.1043955020815 54.1341594328908 10.66862915010263
  endloop
endfacet
facet normal -0.707107 1.53382e-14 -0.707107
  outer loop
    vertex 113.1043955020814 50.20335135109167 10.66862915010263
    vertex 112.573024652184 50.2033513510918 11.2
    vertex 113.1043955020814 52.16875539199123 10.66862915010263
  endloop
endfacet
facet normal -0.707107 1.53382e-14 -0.707107
  outer loop
    vertex 112.573024652184 50.2033513510918 11.2
    vertex 112.573024652184 52.16875539199135 11.2
    vertex 113.1043955020814 52.16875539199123 10.66862915010263
  endloop
endfacet
facet normal -0.707107 1.53382e-14 -0.707107
  outer loop
    vertex 113.1043955020814 50.20335135109167 10.66862915010263
    vertex 113.1043955020813 48.23794731019211 10.66862915010263
    vertex 112.573024652184 48.23794731019225 11.2
  endloop
endfacet
facet normal -0.707107 1.53382e-14 -0.707107
  outer loop
    vertex 112.573024652184 50.2033513510918 11.2
    vertex 113.1043955020814 50.20335135109167 10.66862915010263
    vertex 112.573024652184 48.23794731019225 11.2
  endloop
endfacet
facet normal -0.707107 1.53382e-14 -0.707107
  outer loop
    vertex 113.1043955020813 48.23794731019211 10.66862915010263
    vertex 113.1043955020813 46.27254326929255 10.66862915010263
    vertex 112.5730246521839 46.2725432692927 11.2
  endloop
endfacet
facet normal -0.707107 1.53382e-14 -0.707107
  outer loop
    vertex 112.573024652184 48.23794731019225 11.2
    vertex 113.1043955020813 48.23794731019211 10.66862915010263
    vertex 112.5730246521839 46.2725432692927 11.2
  endloop
endfacet
facet normal -0.707107 1.53382e-14 -0.707107
  outer loop
    vertex 113.1043955020813 46.27254326929255 10.66862915010263
    vertex 113.1043955020812 44.30713922839298 10.66862915010263
    vertex 112.5730246521839 44.30713922839315 11.2
  endloop
endfacet
facet normal -0.707107 1.53347e-14 -0.707107
  outer loop
    vertex 113.1043955020813 46.27254326929255 10.66862915010263
    vertex 112.5730246521839 44.30713922839315 11.2
    vertex 112.5730246521839 46.2725432692927 11.2
  endloop
endfacet
facet normal -0.707107 1.53382e-14 -0.707107
  outer loop
    vertex 113.1043955020812 44.30713922839298 10.66862915010263
    vertex 113.1043955020812 42.34173518749342 10.66862915010263
    vertex 112.5730246521838 42.34173518749361 11.2
  endloop
endfacet
facet normal -0.707107 1.53382e-14 -0.707107
  outer loop
    vertex 112.5730246521839 44.30713922839315 11.2
    vertex 113.1043955020812 44.30713922839298 10.66862915010263
    vertex 112.5730246521838 42.34173518749361 11.2
  endloop
endfacet
facet normal -0.707107 1.53382e-14 -0.707107
  outer loop
    vertex 113.1043955020812 42.34173518749342 10.66862915010263
    vertex 113.1043955020812 40.37633114659386 10.66862915010263
    vertex 112.5730246521838 40.37633114659406 11.2
  endloop
endfacet
facet normal -0.707107 1.53382e-14 -0.707107
  outer loop
    vertex 112.5730246521838 42.34173518749361 11.2
    vertex 113.1043955020812 42.34173518749342 10.66862915010263
    vertex 112.5730246521838 40.37633114659406 11.2
  endloop
endfacet
facet normal -0.700215 0.139281 -0.700215
  outer loop
    vertex 112.5730246521828 38.41092710569451 11.2
    vertex 113.1043955020818 38.4109271056943 10.66862915010194
    vertex 112.7748374507 38.09179960155425 10.93470879413796
  endloop
endfacet
facet normal -0.593613 0.39664 -0.700215
  outer loop
    vertex 112.7822129613835 37.63310964638637 10.6686291501019
    vertex 112.4064770300977 38.00884557767597 11.2
    vertex 112.7748374507 38.09179960155425 10.93470879413796
  endloop
endfacet
facet normal -0.762094 0.31567 -0.565302
  outer loop
    vertex 113.1043955020818 38.4109271056943 10.66862915010194
    vertex 112.7822129613835 37.63310964638637 10.6686291501019
    vertex 112.7748374507 38.09179960155425 10.93470879413796
  endloop
endfacet
facet normal -0.602296 0.249479 -0.758287
  outer loop
    vertex 112.4064770300977 38.00884557767597 11.2
    vertex 112.5730246521828 38.41092710569451 11.2
    vertex 112.7748374507 38.09179960155425 10.93470879413796
  endloop
endfacet
facet normal -0.5 0.5 -0.707107
  outer loop
    vertex 112.0287573567456 36.87965404175283 10.66862915010205
    vertex 111.8276898994792 37.07606261845709 10.94968714908188
    vertex 112.1483779953447 37.37935863217442 10.9373890898572
  endloop
endfacet
facet normal -0.5 0.5 -0.707107
  outer loop
    vertex 111.6731384043641 37.04196666233246 11.0348620775331
    vertex 111.6378164649218 37.16070121661811 11.14379646893412
    vertex 111.8276898994792 37.07606261845709 10.94968714908188
  endloop
endfacet
facet normal -0.5 0.5 -0.707107
  outer loop
    vertex 111.8758273756043 36.82936022211054 10.74120387589259
    vertex 111.7676568973122 36.90407167705411 10.87052093103996
    vertex 111.8276898994792 37.07606261845709 10.94968714908188
  endloop
endfacet
facet normal -0.5 0.5 -0.707107
  outer loop
    vertex 112.4064770300977 38.00884557767597 11.2
    vertex 112.7822129613835 37.63310964638637 10.6686291501019
    vertex 112.1483779953447 37.37935863217442 10.9373890898572
  endloop
endfacet
facet normal -0.5 0.5 -0.707107
  outer loop
    vertex 111.6378164649218 37.16070121661811 11.14379646893412
    vertex 111.6967527290175 37.29912127659986 11.2
    vertex 111.8276898994792 37.07606261845709 10.94968714908188
  endloop
endfacet
facet normal -0.5 0.5 -0.707107
  outer loop
    vertex 112.0287573567456 36.87965404175283 10.66862915010205
    vertex 111.8758273756043 36.82936022211054 10.74120387589259
    vertex 111.8276898994792 37.07606261845709 10.94968714908188
  endloop
endfacet
facet normal -0.5 0.5 -0.707107
  outer loop
    vertex 111.8276898994792 37.07606261845709 10.94968714908188
    vertex 111.6967527290175 37.29912127659986 11.2
    vertex 112.1483779953447 37.37935863217442 10.9373890898572
  endloop
endfacet
facet normal -0.5 0.5 -0.707107
  outer loop
    vertex 111.7676568973122 36.90407167705411 10.87052093103996
    vertex 111.6731384043641 37.04196666233246 11.0348620775331
    vertex 111.8276898994792 37.07606261845709 10.94968714908188
  endloop
endfacet
facet normal -0.5 0.5 -0.707107
  outer loop
    vertex 112.7822129613835 37.63310964638637 10.6686291501019
    vertex 112.0287573567456 36.87965404175283 10.66862915010205
    vertex 112.1483779953447 37.37935863217442 10.9373890898572
  endloop
endfacet
facet normal -0.5 0.5 -0.707107
  outer loop
    vertex 111.6967527290175 37.29912127659986 11.2
    vertex 112.4064770300977 38.00884557767597 11.2
    vertex 112.1483779953447 37.37935863217442 10.9373890898572
  endloop
endfacet
facet normal 0.420024 -0.892516 -0.164301
  outer loop
    vertex 111.5879936812224 91.1979508138179 9.435260465520514
    vertex 111.8758273756035 91.09299905267379 10.74120387589313
    vertex 111.7676568973111 91.01828759772988 10.87052093104103
  endloop
endfacet
facet normal -0.00296193 -0.992297 -0.123843
  outer loop
    vertex 111.8617303581016 91.20973223167405 9.334314575051067
    vertex 111.5879936812224 91.1979508138179 9.435260465520514
    vertex 111.4083304651337 91.37761402990593 8
  endloop
endfacet
facet normal 0.371335 -0.897195 -0.239064
  outer loop
    vertex 111.5515586558053 91.43689397163642 8
    vertex 111.8617303581016 91.20973223167405 9.334314575051067
    vertex 111.4083304651337 91.37761402990593 8
  endloop
endfacet
facet normal -0.386444 -0.919892 -0.066776
  outer loop
    vertex 111.5515586558053 91.43689397163642 8
    vertex 111.694703359458 91.37675923031698 8
    vertex 111.8617303581016 91.20973223167405 9.334314575051067
  endloop
endfacet
facet normal -0.00296193 -0.992297 -0.123843
  outer loop
    vertex 111.8617303581016 91.20973223167405 9.334314575051067
    vertex 112.0287573567452 91.0427052330311 10.66862915010213
    vertex 111.5879936812224 91.1979508138179 9.435260465520514
  endloop
endfacet
facet normal -0.315299 -0.948968 -0.00677081
  outer loop
    vertex 112.0287573567452 91.0427052330311 10.66862915010213
    vertex 111.8758273756035 91.09299905267379 10.74120387589313
    vertex 111.5879936812224 91.1979508138179 9.435260465520514
  endloop
endfacet
facet normal 0.907652 -0.370834 -0.196595
  outer loop
    vertex 107.8789812257069 87.31575379552892 9.517364817766698
    vertex 107.626041390635 87.50107997985835 8
    vertex 107.9353435312243 87.45367081838911 9.517431038766562
  endloop
endfacet
facet normal 0.964568 -0.189185 -0.183897
  outer loop
    vertex 107.8789812257069 87.31575379552892 9.517364817766698
    vertex 107.6114288687568 87.42657761042253 8
    vertex 107.626041390635 87.50107997985835 8
  endloop
endfacet
facet normal 0.909304 -0.371513 -0.187469
  outer loop
    vertex 108.1465335826569 87.2049299806353 11.03472963553339
    vertex 107.8789812257069 87.31575379552892 9.517364817766698
    vertex 108.2029075647234 87.34284216691054 11.03486207753312
  endloop
endfacet
facet normal 0.909304 -0.371513 -0.187469
  outer loop
    vertex 107.8789812257069 87.31575379552892 9.517364817766698
    vertex 107.9353435312243 87.45367081838911 9.517431038766562
    vertex 108.2029075647234 87.34284216691054 11.03486207753312
  endloop
endfacet
facet normal 0.821029 -0.540342 -0.184235
  outer loop
    vertex 107.626041390635 87.50107997985835 8
    vertex 107.6677794977253 87.56449946986766 8
    vertex 107.9353435312243 87.45367081838911 9.517431038766562
  endloop
endfacet
facet normal 0.63028 -0.618286 -0.469541
  outer loop
    vertex 111.6378164649215 90.76165805816622 11.14379646893414
    vertex 110.5163947911503 89.70120913060494 11.03486207753312
    vertex 111.6731384043638 90.88039261245214 11.03486207753312
  endloop
endfacet
facet normal 0.458681 -0.449952 -0.766261
  outer loop
    vertex 110.5790001970977 89.48380199233449 11.2
    vertex 109.3596511779368 88.52202564875773 11.03486207753312
    vertex 110.5163947911503 89.70120913060494 11.03486207753312
  endloop
endfacet
facet normal 0.458681 -0.449952 -0.766261
  outer loop
    vertex 111.6967527290169 90.62323799818408 11.2
    vertex 110.5790001970977 89.48380199233449 11.2
    vertex 110.5163947911503 89.70120913060494 11.03486207753312
  endloop
endfacet
facet normal 0.458681 -0.449952 -0.766261
  outer loop
    vertex 108.2029075647234 87.34284216691054 11.03486207753312
    vertex 109.3596511779368 88.52202564875773 11.03486207753312
    vertex 109.4612476651785 88.3443659864849 11.2
  endloop
endfacet
facet normal 0.578622 -0.644605 -0.49968
  outer loop
    vertex 108.2517589914704 87.29492038310342 11.15325210521658
    vertex 108.2029075647234 87.34284216691054 11.03486207753312
    vertex 109.4612476651785 88.3443659864849 11.2
  endloop
endfacet
facet normal 0.244044 -0.2394 -0.93975
  outer loop
    vertex 108.3434951332594 87.20492998063531 11.2
    vertex 108.2517589914704 87.29492038310342 11.15325210521658
    vertex 109.4612476651785 88.3443659864849 11.2
  endloop
endfacet
facet normal 0.315056 -0.238814 -0.918535
  outer loop
    vertex 111.6378164649215 90.76165805816622 11.14379646893414
    vertex 111.6967527290169 90.62323799818408 11.2
    vertex 110.5163947911503 89.70120913060494 11.03486207753312
  endloop
endfacet
facet normal 0.458681 -0.449952 -0.766261
  outer loop
    vertex 110.5790001970977 89.48380199233449 11.2
    vertex 109.4612476651785 88.3443659864849 11.2
    vertex 109.3596511779368 88.52202564875773 11.03486207753312
  endloop
endfacet
facet normal 0.33874 -0.138155 -0.930681
  outer loop
    vertex 108.214937611322 87.20492998063531 11.1532088886238
    vertex 108.2517589914704 87.29492038310342 11.15325210521658
    vertex 108.3434951332594 87.20492998063531 11.2
  endloop
endfacet
facet normal 0.601665 -0.622653 -0.500303
  outer loop
    vertex 108.2029075647234 87.34284216691054 11.03486207753312
    vertex 108.2517589914704 87.29492038310342 11.15325210521658
    vertex 108.1841028954945 87.2718907783071 11.10055031633701
  endloop
endfacet
facet normal 0.866012 0.00559066 -0.499992
  outer loop
    vertex 108.214937611322 87.20492998063531 11.1532088886238
    vertex 108.1465335826569 87.2049299806353 11.03472963553339
    vertex 108.1841028954945 87.2718907783071 11.10055031633701
  endloop
endfacet
facet normal 0.916306 -0.374419 -0.142107
  outer loop
    vertex 108.1465335826569 87.2049299806353 11.03472963553339
    vertex 108.2029075647234 87.34284216691054 11.03486207753312
    vertex 108.1841028954945 87.2718907783071 11.10055031633701
  endloop
endfacet
facet normal 0.64706 -0.264414 -0.715122
  outer loop
    vertex 108.2517589914704 87.29492038310342 11.15325210521658
    vertex 108.214937611322 87.20492998063531 11.1532088886238
    vertex 108.1841028954945 87.2718907783071 11.10055031633701
  endloop
endfacet
facet normal 0.907652 0.370834 -0.196595
  outer loop
    vertex 107.9353435312238 40.46868845638602 9.517431038766551
    vertex 107.6260413906342 40.42127929491686 8
    vertex 107.878981225706 40.60660547924641 9.517364817766691
  endloop
endfacet
facet normal 0.821029 0.540342 -0.184235
  outer loop
    vertex 107.9353435312238 40.46868845638602 9.517431038766551
    vertex 107.6677794977247 40.35785980490747 8
    vertex 107.6260413906342 40.42127929491686 8
  endloop
endfacet
facet normal 0.909304 0.371513 -0.187469
  outer loop
    vertex 108.2029075647228 40.57951710786456 11.0348620775331
    vertex 107.878981225706 40.60660547924641 9.517364817766691
    vertex 108.1465335826561 40.71742929414002 11.03472963553339
  endloop
endfacet
facet normal 0.909304 0.371513 -0.187469
  outer loop
    vertex 107.9353435312238 40.46868845638602 9.517431038766551
    vertex 107.878981225706 40.60660547924641 9.517364817766691
    vertex 108.2029075647228 40.57951710786456 11.0348620775331
  endloop
endfacet
facet normal 0.964568 0.189185 -0.183897
  outer loop
    vertex 107.6260413906342 40.42127929491686 8
    vertex 107.611428868756 40.4957816643528 8
    vertex 107.878981225706 40.60660547924641 9.517364817766691
  endloop
endfacet
facet normal 0.6426 -0.0241497 -0.765821
  outer loop
    vertex 108.3434951332594 42.65440848941065 11.2
    vertex 108.2149376113212 40.71742929414002 11.1532088886238
    vertex 108.1465335826561 42.65440848941066 11.03472963553339
  endloop
endfacet
facet normal 0.6426 0.0241497 -0.765821
  outer loop
    vertex 108.3434951332594 85.26795078536468 11.2
    vertex 108.1465335826569 85.26795078536466 11.03472963553339
    vertex 108.214937611322 87.20492998063531 11.1532088886238
  endloop
endfacet
facet normal 0.866025 -1.90627e-14 -0.5
  outer loop
    vertex 108.214937611322 87.20492998063531 11.1532088886238
    vertex 108.1465335826569 85.26795078536466 11.03472963553339
    vertex 108.1465335826569 87.2049299806353 11.03472963553339
  endloop
endfacet
facet normal 0.866025 -1.90562e-14 -0.5
  outer loop
    vertex 108.2149376113212 40.71742929414002 11.1532088886238
    vertex 108.1465335826561 40.71742929414002 11.03472963553339
    vertex 108.1465335826561 42.65440848941066 11.03472963553339
  endloop
endfacet
facet normal 0.34202 0 -0.939693
  outer loop
    vertex 108.3434951332594 85.26795078536468 11.2
    vertex 108.214937611322 87.20492998063531 11.1532088886238
    vertex 108.3434951332594 87.20492998063531 11.2
  endloop
endfacet
facet normal 0.34202 -1.43028e-13 -0.939693
  outer loop
    vertex 108.3434951332594 42.65440848941065 11.2
    vertex 108.3434951332585 40.71742929414001 11.2
    vertex 108.2149376113212 40.71742929414002 11.1532088886238
  endloop
endfacet
facet normal 0.642788 -9.43249e-15 -0.766044
  outer loop
    vertex 108.3434951332594 42.65440848941065 11.2
    vertex 108.1465335826561 42.65440848941066 11.03472963553339
    vertex 108.1465335826562 44.59138768468129 11.03472963553339
  endloop
endfacet
facet normal 0.642788 -1.41418e-14 -0.766044
  outer loop
    vertex 108.3434951332594 44.59138768468129 11.2
    vertex 108.1465335826562 44.59138768468129 11.03472963553339
    vertex 108.1465335826562 46.52836687995193 11.03472963553339
  endloop
endfacet
facet normal 0.642788 0 -0.766044
  outer loop
    vertex 108.3434951332594 42.65440848941065 11.2
    vertex 108.1465335826562 44.59138768468129 11.03472963553339
    vertex 108.3434951332594 44.59138768468129 11.2
  endloop
endfacet
facet normal 0.642788 -9.43249e-15 -0.766044
  outer loop
    vertex 108.3434951332594 48.46534607522256 11.2
    vertex 108.1465335826562 46.52836687995193 11.03472963553339
    vertex 108.1465335826562 48.46534607522257 11.03472963553339
  endloop
endfacet
facet normal 0.642788 0 -0.766044
  outer loop
    vertex 108.3434951332594 46.52836687995192 11.2
    vertex 108.1465335826562 46.52836687995193 11.03472963553339
    vertex 108.3434951332594 48.46534607522256 11.2
  endloop
endfacet
facet normal 0.642788 0 -0.766044
  outer loop
    vertex 108.3434951332594 46.52836687995192 11.2
    vertex 108.3434951332594 44.59138768468129 11.2
    vertex 108.1465335826562 46.52836687995193 11.03472963553339
  endloop
endfacet
facet normal 0.642788 -9.43249e-15 -0.766044
  outer loop
    vertex 108.3434951332594 48.46534607522256 11.2
    vertex 108.1465335826562 48.46534607522257 11.03472963553339
    vertex 108.1465335826563 50.4023252704932 11.03472963553339
  endloop
endfacet
facet normal 0.642788 -1.41557e-14 -0.766044
  outer loop
    vertex 108.3434951332594 50.4023252704932 11.2
    vertex 108.1465335826563 50.4023252704932 11.03472963553339
    vertex 108.1465335826563 52.33930446576384 11.03472963553339
  endloop
endfacet
facet normal 0.642788 0 -0.766044
  outer loop
    vertex 108.3434951332594 50.4023252704932 11.2
    vertex 108.3434951332594 48.46534607522256 11.2
    vertex 108.1465335826563 50.4023252704932 11.03472963553339
  endloop
endfacet
facet normal 0.642788 -9.43249e-15 -0.766044
  outer loop
    vertex 108.3434951332594 52.33930446576384 11.2
    vertex 108.1465335826563 52.33930446576384 11.03472963553339
    vertex 108.1465335826563 54.27628366103448 11.03472963553339
  endloop
endfacet
facet normal 0.642788 0 -0.766044
  outer loop
    vertex 108.3434951332594 52.33930446576384 11.2
    vertex 108.3434951332594 50.4023252704932 11.2
    vertex 108.1465335826563 52.33930446576384 11.03472963553339
  endloop
endfacet
facet normal 0.642788 -9.43249e-15 -0.766044
  outer loop
    vertex 108.3434951332594 56.21326285630511 11.2
    vertex 108.1465335826563 54.27628366103448 11.03472963553339
    vertex 108.1465335826564 56.21326285630511 11.03472963553339
  endloop
endfacet
facet normal 0.642788 0 -0.766044
  outer loop
    vertex 108.3434951332594 54.27628366103448 11.2
    vertex 108.1465335826563 54.27628366103448 11.03472963553339
    vertex 108.3434951332594 56.21326285630511 11.2
  endloop
endfacet
facet normal 0.642788 0 -0.766044
  outer loop
    vertex 108.3434951332594 54.27628366103448 11.2
    vertex 108.3434951332594 52.33930446576384 11.2
    vertex 108.1465335826563 54.27628366103448 11.03472963553339
  endloop
endfacet
facet normal 0.642788 -1.41418e-14 -0.766044
  outer loop
    vertex 108.3434951332594 58.15024205157574 11.2
    vertex 108.1465335826564 56.21326285630511 11.03472963553339
    vertex 108.1465335826564 58.15024205157574 11.03472963553339
  endloop
endfacet
facet normal 0.642788 0 -0.766044
  outer loop
    vertex 108.3434951332594 56.21326285630511 11.2
    vertex 108.1465335826564 56.21326285630511 11.03472963553339
    vertex 108.3434951332594 58.15024205157574 11.2
  endloop
endfacet
facet normal 0.642788 -9.43249e-15 -0.766044
  outer loop
    vertex 108.3434951332594 58.15024205157574 11.2
    vertex 108.1465335826564 58.15024205157574 11.03472963553339
    vertex 108.1465335826564 60.08722124684638 11.03472963553339
  endloop
endfacet
facet normal 0.642788 -9.43249e-15 -0.766044
  outer loop
    vertex 108.3434951332594 60.08722124684638 11.2
    vertex 108.1465335826564 60.08722124684638 11.03472963553339
    vertex 108.1465335826565 62.02420044211702 11.03472963553339
  endloop
endfacet
facet normal 0.642788 0 -0.766044
  outer loop
    vertex 108.3434951332594 60.08722124684638 11.2
    vertex 108.3434951332594 58.15024205157574 11.2
    vertex 108.1465335826564 60.08722124684638 11.03472963553339
  endloop
endfacet
facet normal 0.642788 -1.41418e-14 -0.766044
  outer loop
    vertex 108.3434951332594 63.96117963738766 11.2
    vertex 108.1465335826565 62.02420044211702 11.03472963553339
    vertex 108.1465335826565 63.96117963738766 11.03472963553339
  endloop
endfacet
facet normal 0.642788 0 -0.766044
  outer loop
    vertex 108.3434951332594 62.02420044211702 11.2
    vertex 108.1465335826565 62.02420044211702 11.03472963553339
    vertex 108.3434951332594 63.96117963738766 11.2
  endloop
endfacet
facet normal 0.642788 0 -0.766044
  outer loop
    vertex 108.3434951332594 62.02420044211702 11.2
    vertex 108.3434951332594 60.08722124684638 11.2
    vertex 108.1465335826565 62.02420044211702 11.03472963553339
  endloop
endfacet
facet normal 0.642788 -9.43249e-15 -0.766044
  outer loop
    vertex 108.3434951332594 63.96117963738766 11.2
    vertex 108.1465335826565 63.96117963738766 11.03472963553339
    vertex 108.1465335826565 65.8981588326583 11.03472963553339
  endloop
endfacet
facet normal 0.642788 -1.41557e-14 -0.766044
  outer loop
    vertex 108.3434951332594 67.83513802792893 11.2
    vertex 108.1465335826565 65.8981588326583 11.03472963553339
    vertex 108.1465335826566 67.83513802792893 11.03472963553339
  endloop
endfacet
facet normal 0.642788 0 -0.766044
  outer loop
    vertex 108.3434951332594 65.8981588326583 11.2
    vertex 108.1465335826565 65.8981588326583 11.03472963553339
    vertex 108.3434951332594 67.83513802792893 11.2
  endloop
endfacet
facet normal 0.642788 0 -0.766044
  outer loop
    vertex 108.3434951332594 65.8981588326583 11.2
    vertex 108.3434951332594 63.96117963738766 11.2
    vertex 108.1465335826565 65.8981588326583 11.03472963553339
  endloop
endfacet
facet normal 0.642788 -9.43249e-15 -0.766044
  outer loop
    vertex 108.3434951332594 67.83513802792893 11.2
    vertex 108.1465335826566 67.83513802792893 11.03472963553339
    vertex 108.1465335826566 69.77211722319957 11.03472963553339
  endloop
endfacet
facet normal 0.642788 -9.43249e-15 -0.766044
  outer loop
    vertex 108.3434951332594 71.70909641847021 11.2
    vertex 108.1465335826566 69.77211722319957 11.03472963553339
    vertex 108.1465335826566 71.70909641847021 11.03472963553339
  endloop
endfacet
facet normal 0.642788 0 -0.766044
  outer loop
    vertex 108.3434951332594 69.77211722319957 11.2
    vertex 108.1465335826566 69.77211722319957 11.03472963553339
    vertex 108.3434951332594 71.70909641847021 11.2
  endloop
endfacet
facet normal 0.642788 0 -0.766044
  outer loop
    vertex 108.3434951332594 69.77211722319957 11.2
    vertex 108.3434951332594 67.83513802792893 11.2
    vertex 108.1465335826566 69.77211722319957 11.03472963553339
  endloop
endfacet
facet normal 0.642788 -1.41418e-14 -0.766044
  outer loop
    vertex 108.3434951332594 71.70909641847021 11.2
    vertex 108.1465335826566 71.70909641847021 11.03472963553339
    vertex 108.1465335826567 73.64607561374083 11.03472963553339
  endloop
endfacet
facet normal 0.642788 -9.43249e-15 -0.766044
  outer loop
    vertex 108.3434951332594 75.58305480901149 11.2
    vertex 108.1465335826567 73.64607561374083 11.03472963553339
    vertex 108.1465335826567 75.58305480901149 11.03472963553339
  endloop
endfacet
facet normal 0.642788 0 -0.766044
  outer loop
    vertex 108.3434951332594 73.64607561374085 11.2
    vertex 108.1465335826567 73.64607561374083 11.03472963553339
    vertex 108.3434951332594 75.58305480901149 11.2
  endloop
endfacet
facet normal 0.642788 0 -0.766044
  outer loop
    vertex 108.3434951332594 73.64607561374085 11.2
    vertex 108.3434951332594 71.70909641847021 11.2
    vertex 108.1465335826567 73.64607561374083 11.03472963553339
  endloop
endfacet
facet normal 0.642788 -9.43249e-15 -0.766044
  outer loop
    vertex 108.3434951332594 75.58305480901149 11.2
    vertex 108.1465335826567 75.58305480901149 11.03472963553339
    vertex 108.1465335826567 77.52003400428211 11.03472963553339
  endloop
endfacet
facet normal 0.642788 -1.41418e-14 -0.766044
  outer loop
    vertex 108.3434951332594 79.45701319955276 11.2
    vertex 108.1465335826567 77.52003400428211 11.03472963553339
    vertex 108.1465335826568 79.45701319955276 11.03472963553339
  endloop
endfacet
facet normal 0.642788 0 -0.766044
  outer loop
    vertex 108.3434951332594 77.52003400428212 11.2
    vertex 108.1465335826567 77.52003400428211 11.03472963553339
    vertex 108.3434951332594 79.45701319955276 11.2
  endloop
endfacet
facet normal 0.642788 0 -0.766044
  outer loop
    vertex 108.3434951332594 77.52003400428212 11.2
    vertex 108.3434951332594 75.58305480901149 11.2
    vertex 108.1465335826567 77.52003400428211 11.03472963553339
  endloop
endfacet
facet normal 0.642788 -9.43249e-15 -0.766044
  outer loop
    vertex 108.3434951332594 81.3939923948234 11.2
    vertex 108.1465335826568 79.45701319955276 11.03472963553339
    vertex 108.1465335826568 81.39399239482339 11.03472963553339
  endloop
endfacet
facet normal 0.642788 0 -0.766044
  outer loop
    vertex 108.3434951332594 81.3939923948234 11.2
    vertex 108.3434951332594 79.45701319955276 11.2
    vertex 108.1465335826568 79.45701319955276 11.03472963553339
  endloop
endfacet
facet normal 0.642788 -9.43249e-15 -0.766044
  outer loop
    vertex 108.3434951332594 83.33097159009404 11.2
    vertex 108.1465335826568 81.39399239482339 11.03472963553339
    vertex 108.1465335826568 83.33097159009404 11.03472963553339
  endloop
endfacet
facet normal 0.642788 0 -0.766044
  outer loop
    vertex 108.3434951332594 81.3939923948234 11.2
    vertex 108.1465335826568 81.39399239482339 11.03472963553339
    vertex 108.3434951332594 83.33097159009404 11.2
  endloop
endfacet
facet normal 0.642788 -1.41557e-14 -0.766044
  outer loop
    vertex 108.3434951332594 83.33097159009404 11.2
    vertex 108.1465335826568 83.33097159009404 11.03472963553339
    vertex 108.1465335826569 85.26795078536466 11.03472963553339
  endloop
endfacet
facet normal 0.642788 0 -0.766044
  outer loop
    vertex 108.3434951332594 85.26795078536468 11.2
    vertex 108.3434951332594 83.33097159009404 11.2
    vertex 108.1465335826569 85.26795078536466 11.03472963553339
  endloop
endfacet
facet normal 0.33874 0.138155 -0.930681
  outer loop
    vertex 108.3434951332585 40.71742929414001 11.2
    vertex 108.2517589914698 40.62743889167177 11.15325210521656
    vertex 108.2149376113212 40.71742929414002 11.1532088886238
  endloop
endfacet
facet normal 0.816342 0.333241 -0.471737
  outer loop
    vertex 108.1465335826561 40.71742929414002 11.03472963553339
    vertex 108.2517589914698 40.62743889167177 11.15325210521656
    vertex 108.2029075647228 40.57951710786456 11.0348620775331
  endloop
endfacet
facet normal 0.816353 0.333801 -0.471322
  outer loop
    vertex 108.1465335826561 40.71742929414002 11.03472963553339
    vertex 108.2149376113212 40.71742929414002 11.1532088886238
    vertex 108.2517589914698 40.62743889167177 11.15325210521656
  endloop
endfacet
facet normal 0.63028 0.618286 -0.469541
  outer loop
    vertex 111.6378164649218 37.16070121661811 11.14379646893412
    vertex 111.6731384043641 37.04196666233246 11.0348620775331
    vertex 110.5163947911503 38.2211501441765 11.0348620775331
  endloop
endfacet
facet normal 0.458681 0.449952 -0.766261
  outer loop
    vertex 110.5790001970979 38.43855728244659 11.2
    vertex 110.5163947911503 38.2211501441765 11.0348620775331
    vertex 109.3596511779366 39.40033362602053 11.0348620775331
  endloop
endfacet
facet normal 0.458681 0.449952 -0.766261
  outer loop
    vertex 111.6967527290175 37.29912127659986 11.2
    vertex 110.5163947911503 38.2211501441765 11.0348620775331
    vertex 110.5790001970979 38.43855728244659 11.2
  endloop
endfacet
facet normal 0.458681 0.449952 -0.766261
  outer loop
    vertex 109.4612476651782 39.5779932882933 11.2
    vertex 109.3596511779366 39.40033362602053 11.0348620775331
    vertex 108.2029075647228 40.57951710786456 11.0348620775331
  endloop
endfacet
facet normal 0.578622 0.644605 -0.49968
  outer loop
    vertex 109.4612476651782 39.5779932882933 11.2
    vertex 108.2029075647228 40.57951710786456 11.0348620775331
    vertex 108.2517589914698 40.62743889167177 11.15325210521656
  endloop
endfacet
facet normal 0.244044 0.2394 -0.93975
  outer loop
    vertex 109.4612476651782 39.5779932882933 11.2
    vertex 108.2517589914698 40.62743889167177 11.15325210521656
    vertex 108.3434951332585 40.71742929414001 11.2
  endloop
endfacet
facet normal 0.315056 0.238814 -0.918535
  outer loop
    vertex 111.6967527290175 37.29912127659986 11.2
    vertex 111.6378164649218 37.16070121661811 11.14379646893412
    vertex 110.5163947911503 38.2211501441765 11.0348620775331
  endloop
endfacet
facet normal 0.458681 0.449952 -0.766261
  outer loop
    vertex 109.4612476651782 39.5779932882933 11.2
    vertex 110.5790001970979 38.43855728244659 11.2
    vertex 109.3596511779366 39.40033362602053 11.0348620775331
  endloop
endfacet
facet normal 0.420024 0.892516 -0.164301
  outer loop
    vertex 111.8758273756043 36.82936022211054 10.74120387589259
    vertex 111.5879936812231 36.72440846096683 9.435260465519981
    vertex 111.7676568973122 36.90407167705411 10.87052093103996
  endloop
endfacet
facet normal -0.00296193 0.992297 -0.123843
  outer loop
    vertex 112.0287573567456 36.87965404175283 10.66862915010205
    vertex 111.8617303581016 36.7126270431105 9.334314575051026
    vertex 111.5879936812231 36.72440846096683 9.435260465519981
  endloop
endfacet
facet normal -0.315299 0.948968 -0.00677081
  outer loop
    vertex 111.8758273756043 36.82936022211054 10.74120387589259
    vertex 112.0287573567456 36.87965404175283 10.66862915010205
    vertex 111.5879936812231 36.72440846096683 9.435260465519981
  endloop
endfacet
facet normal -0.386444 0.919892 -0.066776
  outer loop
    vertex 111.8617303581016 36.7126270431105 9.334314575051026
    vertex 111.6947033594576 36.54560004446817 8
    vertex 111.5515586558052 36.48546530314925 8
  endloop
endfacet
facet normal -0.00296193 0.992297 -0.123843
  outer loop
    vertex 111.408330465134 36.54474524487956 8
    vertex 111.5879936812231 36.72440846096683 9.435260465519981
    vertex 111.8617303581016 36.7126270431105 9.334314575051026
  endloop
endfacet
facet normal 0.371335 0.897195 -0.239064
  outer loop
    vertex 111.5515586558052 36.48546530314925 8
    vertex 111.408330465134 36.54474524487956 8
    vertex 111.8617303581016 36.7126270431105 9.334314575051026
  endloop
endfacet
facet normal 0 0 -1
  outer loop
    vertex 113.10439550208 82.6720492026073 6
    vertex 113.50439550208 83.65683181130301 6
    vertex 113.90439550208 82.6720492026074 6
  endloop
endfacet
facet normal 0 0 -1
  outer loop
    vertex 113.10439550208 41.31117963738961 6
    vertex 113.50439550208 42.29596224608546 6
    vertex 113.90439550208 41.31117963739 6
  endloop
endfacet
facet normal 0 0 -1
  outer loop
    vertex 113.10439550208 74.793788333042 6
    vertex 113.50439550208 75.77857094173774 6
    vertex 113.90439550208 74.79378833304219 6
  endloop
endfacet
facet normal 0 0 -1
  outer loop
    vertex 113.10439550208 66.91552746347672 6
    vertex 113.50439550208 67.90031007217249 6
    vertex 113.90439550208 66.91552746347696 6
  endloop
endfacet
facet normal 0 0 -1
  outer loop
    vertex 113.10439550208 43.28074485478093 6
    vertex 113.50439550208 44.26552746347678 6
    vertex 113.90439550208 43.28074485478131 6
  endloop
endfacet
facet normal 0 0 -1
  outer loop
    vertex 113.10439550208 53.12857094173751 6
    vertex 113.50439550208 54.11335355043333 6
    vertex 113.90439550208 53.12857094173783 6
  endloop
endfacet
facet normal 0 0 -1
  outer loop
    vertex 113.10439550208 47.21987528956356 6
    vertex 113.50439550208 48.20465789825939 6
    vertex 113.90439550208 47.21987528956392 6
  endloop
endfacet
facet normal 0 0 -1
  outer loop
    vertex 113.10439550208 59.03726659391146 6
    vertex 113.50439550208 60.02204920260726 6
    vertex 113.90439550208 59.03726659391175 6
  endloop
endfacet
facet normal 0 0 -1
  outer loop
    vertex 113.10439550208 49.18944050695488 6
    vertex 113.50439550208 50.1742231156507 6
    vertex 113.90439550208 49.18944050695522 6
  endloop
endfacet
facet normal 0 0 -1
  outer loop
    vertex 113.10439550208 64.9459622460854 6
    vertex 113.50439550208 65.93074485478118 6
    vertex 113.90439550208 64.94596224608566 6
  endloop
endfacet
facet normal 0 0 -1
  outer loop
    vertex 113.10439550208 78.73291876782464 6
    vertex 113.50439550208 79.71770137652037 6
    vertex 113.90439550208 78.73291876782478 6
  endloop
endfacet
facet normal 0 0 -1
  outer loop
    vertex 113.10439550208 45.25031007217225 6
    vertex 113.50439550208 46.23509268086809 6
    vertex 113.90439550208 45.25031007217262 6
  endloop
endfacet
facet normal 0 0 -1
  outer loop
    vertex 113.10439550208 55.09813615912883 6
    vertex 113.50439550208 56.08291876782464 6
    vertex 113.90439550208 55.09813615912914 6
  endloop
endfacet
facet normal 0 0 -1
  outer loop
    vertex 113.90439550208 59.03726659391175 6
    vertex 113.50439550208 58.05248398521594 6
    vertex 113.10439550208 59.03726659391146 6
  endloop
endfacet
facet normal 0 0 -1
  outer loop
    vertex 113.10439550208 84.64161441999862 6
    vertex 113.50439550208 85.62639702869414 6
    vertex 113.90439550208 84.6416144199987 6
  endloop
endfacet
facet normal 0 0 -1
  outer loop
    vertex 113.10439550208 61.00683181130277 6
    vertex 113.50439550208 61.99161441999856 6
    vertex 113.90439550208 61.00683181130305 6
  endloop
endfacet
facet normal 0 0 -1
  outer loop
    vertex 113.10439550208 51.15900572434619 6
    vertex 113.50439550208 52.14378833304202 6
    vertex 113.90439550208 51.15900572434653 6
  endloop
endfacet
facet normal 0 0 -1
  outer loop
    vertex 113.10439550208 62.97639702869409 6
    vertex 113.50439550208 63.96117963738988 6
    vertex 113.90439550208 62.97639702869435 6
  endloop
endfacet
facet normal 0 0 -1
  outer loop
    vertex 113.10439550208 70.85465789825936 6
    vertex 113.50439550208 71.83944050695511 6
    vertex 113.90439550208 70.85465789825957 6
  endloop
endfacet
facet normal 0 0 -1
  outer loop
    vertex 113.10439550208 68.88509268086804 6
    vertex 113.50439550208 69.86987528956381 6
    vertex 113.90439550208 68.88509268086827 6
  endloop
endfacet
facet normal 0 0 -1
  outer loop
    vertex 113.90439550208 74.79378833304219 6
    vertex 113.50439550208 73.80900572434643 6
    vertex 113.10439550208 74.793788333042 6
  endloop
endfacet
facet normal 0 0 -1
  outer loop
    vertex 113.90439550208 78.73291876782478 6
    vertex 113.50439550208 77.74813615912906 6
    vertex 113.10439550208 78.73291876782464 6
  endloop
endfacet
facet normal 0 0 -1
  outer loop
    vertex 113.90439550208 82.6720492026074 6
    vertex 113.50439550208 81.68726659391169 6
    vertex 113.10439550208 82.6720492026073 6
  endloop
endfacet
facet normal 0 0 -1
  outer loop
    vertex 113.10439550208 80.70248398521598 6
    vertex 113.50439550208 81.68726659391169 6
    vertex 113.90439550208 80.70248398521609 6
  endloop
endfacet
facet normal 0 0 -1
  outer loop
    vertex 113.10439550208 72.82422311565068 6
    vertex 113.50439550208 73.80900572434643 6
    vertex 113.90439550208 72.82422311565088 6
  endloop
endfacet
facet normal 0 0 -1
  outer loop
    vertex 113.10439550208 76.76335355043332 6
    vertex 113.50439550208 77.74813615912906 6
    vertex 113.90439550208 76.76335355043349 6
  endloop
endfacet
facet normal 0 0 -1
  outer loop
    vertex 113.90439550208 64.94596224608566 6
    vertex 113.50439550208 63.96117963738988 6
    vertex 113.10439550208 64.9459622460854 6
  endloop
endfacet
facet normal 0 0 -1
  outer loop
    vertex 113.90439550208 70.85465789825957 6
    vertex 113.50439550208 69.86987528956381 6
    vertex 113.10439550208 70.85465789825936 6
  endloop
endfacet
facet normal 0 0 -1
  outer loop
    vertex 113.90439550208 72.82422311565088 6
    vertex 113.50439550208 71.83944050695511 6
    vertex 113.10439550208 72.82422311565068 6
  endloop
endfacet
facet normal 0 0 -1
  outer loop
    vertex 113.10439550208 57.06770137652015 6
    vertex 113.50439550208 58.05248398521594 6
    vertex 113.90439550208 57.06770137652045 6
  endloop
endfacet
facet normal 0 0 -1
  outer loop
    vertex 113.90439550208 62.97639702869435 6
    vertex 113.50439550208 61.99161441999856 6
    vertex 113.10439550208 62.97639702869409 6
  endloop
endfacet
facet normal 0 0 -1
  outer loop
    vertex 113.90439550208 53.12857094173783 6
    vertex 113.50439550208 52.14378833304202 6
    vertex 113.10439550208 53.12857094173751 6
  endloop
endfacet
facet normal 0 0 -1
  outer loop
    vertex 113.90439550208 66.91552746347696 6
    vertex 113.50439550208 65.93074485478118 6
    vertex 113.10439550208 66.91552746347672 6
  endloop
endfacet
facet normal 0 0 -1
  outer loop
    vertex 113.90439550208 86.61117963739001 6
    vertex 113.50439550208 85.62639702869414 6
    vertex 113.10439550208 86.61117963738994 6
  endloop
endfacet
facet normal 0 0 -1
  outer loop
    vertex 113.90439550208 80.70248398521609 6
    vertex 113.50439550208 79.71770137652037 6
    vertex 113.10439550208 80.70248398521598 6
  endloop
endfacet
facet normal 0 0 -1
  outer loop
    vertex 113.90439550208 57.06770137652045 6
    vertex 113.50439550208 56.08291876782464 6
    vertex 113.10439550208 57.06770137652015 6
  endloop
endfacet
facet normal 0 0 -1
  outer loop
    vertex 113.90439550208 51.15900572434653 6
    vertex 113.50439550208 50.1742231156507 6
    vertex 113.10439550208 51.15900572434619 6
  endloop
endfacet
facet normal 0 0 -1
  outer loop
    vertex 113.90439550208 47.21987528956392 6
    vertex 113.50439550208 46.23509268086809 6
    vertex 113.10439550208 47.21987528956356 6
  endloop
endfacet
facet normal 0 0 -1
  outer loop
    vertex 113.90439550208 61.00683181130305 6
    vertex 113.50439550208 60.02204920260726 6
    vertex 113.10439550208 61.00683181130277 6
  endloop
endfacet
facet normal 0 0 -1
  outer loop
    vertex 113.90439550208 45.25031007217262 6
    vertex 113.50439550208 44.26552746347678 6
    vertex 113.10439550208 45.25031007217225 6
  endloop
endfacet
facet normal 0 0 -1
  outer loop
    vertex 113.90439550208 55.09813615912914 6
    vertex 113.50439550208 54.11335355043333 6
    vertex 113.10439550208 55.09813615912883 6
  endloop
endfacet
facet normal 0 0 -1
  outer loop
    vertex 113.90439550208 49.18944050695522 6
    vertex 113.50439550208 48.20465789825939 6
    vertex 113.10439550208 49.18944050695488 6
  endloop
endfacet
facet normal 0 0 -1
  outer loop
    vertex 113.90439550208 68.88509268086827 6
    vertex 113.50439550208 67.90031007217249 6
    vertex 113.10439550208 68.88509268086804 6
  endloop
endfacet
facet normal 0 0 -1
  outer loop
    vertex 113.90439550208 76.76335355043349 6
    vertex 113.50439550208 75.77857094173774 6
    vertex 113.10439550208 76.76335355043332 6
  endloop
endfacet
facet normal 0 0 -1
  outer loop
    vertex 113.90439550208 84.6416144199987 6
    vertex 113.50439550208 83.65683181130301 6
    vertex 113.10439550208 84.64161441999862 6
  endloop
endfacet
facet normal 0 0 -1
  outer loop
    vertex 113.90439550208 43.28074485478131 6
    vertex 113.50439550208 42.29596224608546 6
    vertex 113.10439550208 43.28074485478093 6
  endloop
endfacet
facet normal 0 0 -1
  outer loop
    vertex 113.90439550208 41.31117963739 6
    vertex 113.50439550208 42.29596224608546 6
    vertex 113.90439550208 43.28074485478131 6
  endloop
endfacet
facet normal 0 0 -1
  outer loop
    vertex 113.90439550208 84.6416144199987 6
    vertex 113.50439550208 85.62639702869414 6
    vertex 113.90439550208 86.61117963739001 6
  endloop
endfacet
facet normal 0 0 -1
  outer loop
    vertex 113.10439550208 86.61117963738994 6
    vertex 113.50439550208 85.62639702869414 6
    vertex 113.10439550208 84.64161441999862 6
  endloop
endfacet
facet normal 0 0 -1
  outer loop
    vertex 113.10439550208 43.28074485478093 6
    vertex 113.50439550208 42.29596224608546 6
    vertex 113.10439550208 41.31117963738961 6
  endloop
endfacet
facet normal 0 0 -1
  outer loop
    vertex 113.90439550208 82.6720492026074 6
    vertex 113.50439550208 83.65683181130301 6
    vertex 113.90439550208 84.6416144199987 6
  endloop
endfacet
facet normal 0 0 -1
  outer loop
    vertex 113.90439550208 80.70248398521609 6
    vertex 113.50439550208 81.68726659391169 6
    vertex 113.90439550208 82.6720492026074 6
  endloop
endfacet
facet normal 0 0 -1
  outer loop
    vertex 113.90439550208 78.73291876782478 6
    vertex 113.50439550208 79.71770137652037 6
    vertex 113.90439550208 80.70248398521609 6
  endloop
endfacet
facet normal 0 0 -1
  outer loop
    vertex 113.90439550208 76.76335355043349 6
    vertex 113.50439550208 77.74813615912906 6
    vertex 113.90439550208 78.73291876782478 6
  endloop
endfacet
facet normal 0 0 -1
  outer loop
    vertex 113.90439550208 74.79378833304219 6
    vertex 113.50439550208 75.77857094173774 6
    vertex 113.90439550208 76.76335355043349 6
  endloop
endfacet
facet normal 0 0 -1
  outer loop
    vertex 113.90439550208 72.82422311565088 6
    vertex 113.50439550208 73.80900572434643 6
    vertex 113.90439550208 74.79378833304219 6
  endloop
endfacet
facet normal 0 0 -1
  outer loop
    vertex 113.90439550208 70.85465789825957 6
    vertex 113.50439550208 71.83944050695511 6
    vertex 113.90439550208 72.82422311565088 6
  endloop
endfacet
facet normal 0 0 -1
  outer loop
    vertex 113.90439550208 68.88509268086827 6
    vertex 113.50439550208 69.86987528956381 6
    vertex 113.90439550208 70.85465789825957 6
  endloop
endfacet
facet normal 0 0 -1
  outer loop
    vertex 113.90439550208 66.91552746347696 6
    vertex 113.50439550208 67.90031007217249 6
    vertex 113.90439550208 68.88509268086827 6
  endloop
endfacet
facet normal 0 0 -1
  outer loop
    vertex 113.90439550208 64.94596224608566 6
    vertex 113.50439550208 65.93074485478118 6
    vertex 113.90439550208 66.91552746347696 6
  endloop
endfacet
facet normal 0 0 -1
  outer loop
    vertex 113.90439550208 62.97639702869435 6
    vertex 113.50439550208 63.96117963738988 6
    vertex 113.90439550208 64.94596224608566 6
  endloop
endfacet
facet normal 0 0 -1
  outer loop
    vertex 113.90439550208 61.00683181130305 6
    vertex 113.50439550208 61.99161441999856 6
    vertex 113.90439550208 62.97639702869435 6
  endloop
endfacet
facet normal 0 0 -1
  outer loop
    vertex 113.90439550208 59.03726659391175 6
    vertex 113.50439550208 60.02204920260726 6
    vertex 113.90439550208 61.00683181130305 6
  endloop
endfacet
facet normal 0 0 -1
  outer loop
    vertex 113.90439550208 57.06770137652045 6
    vertex 113.50439550208 58.05248398521594 6
    vertex 113.90439550208 59.03726659391175 6
  endloop
endfacet
facet normal 0 0 -1
  outer loop
    vertex 113.90439550208 55.09813615912914 6
    vertex 113.50439550208 56.08291876782464 6
    vertex 113.90439550208 57.06770137652045 6
  endloop
endfacet
facet normal 0 0 -1
  outer loop
    vertex 113.90439550208 53.12857094173783 6
    vertex 113.50439550208 54.11335355043333 6
    vertex 113.90439550208 55.09813615912914 6
  endloop
endfacet
facet normal 0 0 -1
  outer loop
    vertex 113.90439550208 51.15900572434653 6
    vertex 113.50439550208 52.14378833304202 6
    vertex 113.90439550208 53.12857094173783 6
  endloop
endfacet
facet normal 0 0 -1
  outer loop
    vertex 113.90439550208 49.18944050695522 6
    vertex 113.50439550208 50.1742231156507 6
    vertex 113.90439550208 51.15900572434653 6
  endloop
endfacet
facet normal 0 0 -1
  outer loop
    vertex 113.90439550208 47.21987528956392 6
    vertex 113.50439550208 48.20465789825939 6
    vertex 113.90439550208 49.18944050695522 6
  endloop
endfacet
facet normal 0 0 -1
  outer loop
    vertex 113.90439550208 45.25031007217262 6
    vertex 113.50439550208 46.23509268086809 6
    vertex 113.90439550208 47.21987528956392 6
  endloop
endfacet
facet normal 0 0 -1
  outer loop
    vertex 113.90439550208 43.28074485478131 6
    vertex 113.50439550208 44.26552746347678 6
    vertex 113.90439550208 45.25031007217262 6
  endloop
endfacet
facet normal 0 0 -1
  outer loop
    vertex 113.10439550208 45.25031007217225 6
    vertex 113.50439550208 44.26552746347678 6
    vertex 113.10439550208 43.28074485478093 6
  endloop
endfacet
facet normal 0 0 -1
  outer loop
    vertex 113.10439550208 47.21987528956356 6
    vertex 113.50439550208 46.23509268086809 6
    vertex 113.10439550208 45.25031007217225 6
  endloop
endfacet
facet normal 0 0 -1
  outer loop
    vertex 113.10439550208 49.18944050695488 6
    vertex 113.50439550208 48.20465789825939 6
    vertex 113.10439550208 47.21987528956356 6
  endloop
endfacet
facet normal 0 0 -1
  outer loop
    vertex 113.10439550208 51.15900572434619 6
    vertex 113.50439550208 50.1742231156507 6
    vertex 113.10439550208 49.18944050695488 6
  endloop
endfacet
facet normal 0 0 -1
  outer loop
    vertex 113.10439550208 53.12857094173751 6
    vertex 113.50439550208 52.14378833304202 6
    vertex 113.10439550208 51.15900572434619 6
  endloop
endfacet
facet normal 0 0 -1
  outer loop
    vertex 113.10439550208 55.09813615912883 6
    vertex 113.50439550208 54.11335355043333 6
    vertex 113.10439550208 53.12857094173751 6
  endloop
endfacet
facet normal 0 0 -1
  outer loop
    vertex 113.10439550208 57.06770137652015 6
    vertex 113.50439550208 56.08291876782464 6
    vertex 113.10439550208 55.09813615912883 6
  endloop
endfacet
facet normal 0 0 -1
  outer loop
    vertex 113.10439550208 59.03726659391146 6
    vertex 113.50439550208 58.05248398521594 6
    vertex 113.10439550208 57.06770137652015 6
  endloop
endfacet
facet normal 0 0 -1
  outer loop
    vertex 113.10439550208 61.00683181130277 6
    vertex 113.50439550208 60.02204920260726 6
    vertex 113.10439550208 59.03726659391146 6
  endloop
endfacet
facet normal 0 0 -1
  outer loop
    vertex 113.10439550208 62.97639702869409 6
    vertex 113.50439550208 61.99161441999856 6
    vertex 113.10439550208 61.00683181130277 6
  endloop
endfacet
facet normal 0 0 -1
  outer loop
    vertex 113.10439550208 64.9459622460854 6
    vertex 113.50439550208 63.96117963738988 6
    vertex 113.10439550208 62.97639702869409 6
  endloop
endfacet
facet normal 0 0 -1
  outer loop
    vertex 113.10439550208 66.91552746347672 6
    vertex 113.50439550208 65.93074485478118 6
    vertex 113.10439550208 64.9459622460854 6
  endloop
endfacet
facet normal 0 0 -1
  outer loop
    vertex 113.10439550208 68.88509268086804 6
    vertex 113.50439550208 67.90031007217249 6
    vertex 113.10439550208 66.91552746347672 6
  endloop
endfacet
facet normal 0 0 -1
  outer loop
    vertex 113.10439550208 70.85465789825936 6
    vertex 113.50439550208 69.86987528956381 6
    vertex 113.10439550208 68.88509268086804 6
  endloop
endfacet
facet normal 0 0 -1
  outer loop
    vertex 113.10439550208 72.82422311565068 6
    vertex 113.50439550208 71.83944050695511 6
    vertex 113.10439550208 70.85465789825936 6
  endloop
endfacet
facet normal 0 0 -1
  outer loop
    vertex 113.10439550208 74.793788333042 6
    vertex 113.50439550208 73.80900572434643 6
    vertex 113.10439550208 72.82422311565068 6
  endloop
endfacet
facet normal 0 0 -1
  outer loop
    vertex 113.10439550208 76.76335355043332 6
    vertex 113.50439550208 75.77857094173774 6
    vertex 113.10439550208 74.793788333042 6
  endloop
endfacet
facet normal 0 0 -1
  outer loop
    vertex 113.10439550208 78.73291876782464 6
    vertex 113.50439550208 77.74813615912906 6
    vertex 113.10439550208 76.76335355043332 6
  endloop
endfacet
facet normal 0 0 -1
  outer loop
    vertex 113.10439550208 80.70248398521598 6
    vertex 113.50439550208 79.71770137652037 6
    vertex 113.10439550208 78.73291876782464 6
  endloop
endfacet
facet normal 0 0 -1
  outer loop
    vertex 113.10439550208 82.6720492026073 6
    vertex 113.50439550208 81.68726659391169 6
    vertex 113.10439550208 80.70248398521598 6
  endloop
endfacet
facet normal 0 0 -1
  outer loop
    vertex 113.10439550208 84.64161441999862 6
    vertex 113.50439550208 83.65683181130301 6
    vertex 113.10439550208 82.6720492026073 6
  endloop
endfacet
facet normal 0 -0 1
  outer loop
    vertex 109.5047183975608 38.48528581089566 8
    vertex 109.9683858895806 39.24851413923949 8
    vertex 108.5862489476427 39.42157280790157 8
  endloop
endfacet
facet normal 0 0 1
  outer loop
    vertex 108.586248947643 88.50078646687594 8
    vertex 109.968385889579 88.6738451355385 8
    vertex 109.5047183975606 89.43707346388425 8
  endloop
endfacet
facet normal -0 0 1
  outer loop
    vertex 107.6677794977247 40.35785980490747 8
    vertex 108.5862489476427 39.42157280790157 8
    vertex 107.7990875792474 40.51117963738946 8
  endloop
endfacet
facet normal 0 -0 1
  outer loop
    vertex 107.7990875792474 87.41117963738948 8
    vertex 108.586248947643 88.50078646687594 8
    vertex 107.6677794977253 87.56449946986766 8
  endloop
endfacet
facet normal -0 0 1
  outer loop
    vertex 108.5862489476427 39.42157280790157 8
    vertex 109.9683858895806 39.24851413923949 8
    vertex 109.5675235535246 40.51117963738962 8
  endloop
endfacet
facet normal 0 -0 1
  outer loop
    vertex 109.5675235535249 87.41117963738962 8
    vertex 109.968385889579 88.6738451355385 8
    vertex 108.586248947643 88.50078646687594 8
  endloop
endfacet
facet normal 0 0 1
  outer loop
    vertex 110.8613371552191 39.23655330577173 8
    vertex 111.7013213206333 39.29682752245817 8
    vertex 111.3359595278017 40.51117963738977 8
  endloop
endfacet
facet normal 0 -0 1
  outer loop
    vertex 111.3359595278024 87.41117963738978 8
    vertex 111.7013213206345 88.62553175231976 8
    vertex 110.8613371552183 88.68580596900489 8
  endloop
endfacet
facet normal 0 -0 1
  outer loop
    vertex 111.0431975802766 90.09516063464871 8
    vertex 111.262038410103 90.72605949364717 8
    vertex 110.4112134912151 90.3611538120293 8
  endloop
endfacet
facet normal -0 0 1
  outer loop
    vertex 110.4112134912205 37.56120546274791 8
    vertex 111.2620384101045 37.19629978113532 8
    vertex 111.0431975802785 37.82719864013038 8
  endloop
endfacet
facet normal 0 0 1
  outer loop
    vertex 111.8810737453158 90.47562001424654 8
    vertex 112.3034545640012 89.74887718504303 8
    vertex 112.782212961386 90.28924962838767 8
  endloop
endfacet
facet normal 0 0 1
  outer loop
    vertex 112.782212961382 37.63310964638637 8
    vertex 112.3034545639992 38.17348208973482 8
    vertex 111.8810737453144 37.44673926053478 8
  endloop
endfacet
facet normal 0 0 1
  outer loop
    vertex 111.694703359458 91.37675923031698 8
    vertex 111.262038410103 90.72605949364717 8
    vertex 111.8810737453158 90.47562001424654 8
  endloop
endfacet
facet normal 0 0 1
  outer loop
    vertex 111.8810737453144 37.44673926053478 8
    vertex 111.2620384101045 37.19629978113532 8
    vertex 111.6947033594576 36.54560004446817 8
  endloop
endfacet
facet normal 0 -0 1
  outer loop
    vertex 111.7013213206333 39.29682752245817 8
    vertex 112.3713514659903 39.74324608147948 8
    vertex 111.3359595278017 40.51117963738977 8
  endloop
endfacet
facet normal 0 0 1
  outer loop
    vertex 111.3359595278024 87.41117963738978 8
    vertex 112.3713514659915 88.1791131932992 8
    vertex 111.7013213206345 88.62553175231976 8
  endloop
endfacet
facet normal 0 0 1
  outer loop
    vertex 111.8810737453158 90.47562001424654 8
    vertex 111.6107145331241 89.95817879871862 8
    vertex 112.3034545640012 89.74887718504303 8
  endloop
endfacet
facet normal 0 0 1
  outer loop
    vertex 112.3034545639992 38.17348208973482 8
    vertex 111.6107145331237 37.96418047606099 8
    vertex 111.8810737453144 37.44673926053478 8
  endloop
endfacet
facet normal -0 0 1
  outer loop
    vertex 111.7013213206333 39.29682752245817 8
    vertex 112.4027605865864 38.95591366367055 8
    vertex 112.3713514659903 39.74324608147948 8
  endloop
endfacet
facet normal 0 -0 1
  outer loop
    vertex 112.3713514659915 88.1791131932992 8
    vertex 112.4027605865879 88.96644561110732 8
    vertex 111.7013213206345 88.62553175231976 8
  endloop
endfacet
facet normal -0 0 1
  outer loop
    vertex 111.0431975802766 90.09516063464871 8
    vertex 111.6107145331241 89.95817879871862 8
    vertex 111.262038410103 90.72605949364717 8
  endloop
endfacet
facet normal 0 -0 1
  outer loop
    vertex 111.2620384101045 37.19629978113532 8
    vertex 111.6107145331237 37.96418047606099 8
    vertex 111.0431975802785 37.82719864013038 8
  endloop
endfacet
facet normal 0 0 1
  outer loop
    vertex 113.1043955020789 38.41092710569369 8
    vertex 112.3034545639992 38.17348208973482 8
    vertex 112.782212961382 37.63310964638637 8
  endloop
endfacet
facet normal 0 0 1
  outer loop
    vertex 112.782212961386 90.28924962838767 8
    vertex 112.3034545640012 89.74887718504303 8
    vertex 113.10439550208 89.51143216908325 8
  endloop
endfacet
facet normal 0 -0 1
  outer loop
    vertex 111.3043955020771 38.46117963738857 8
    vertex 111.7013213206333 39.29682752245817 8
    vertex 110.8613371552191 39.23655330577173 8
  endloop
endfacet
facet normal -0 0 1
  outer loop
    vertex 110.8613371552183 88.68580596900489 8
    vertex 111.7013213206345 88.62553175231976 8
    vertex 111.3043955020772 89.46117963738855 8
  endloop
endfacet
facet normal 0 0 1
  outer loop
    vertex 111.262038410103 90.72605949364717 8
    vertex 111.6107145331241 89.95817879871862 8
    vertex 111.8810737453158 90.47562001424654 8
  endloop
endfacet
facet normal 0 0 1
  outer loop
    vertex 111.8810737453144 37.44673926053478 8
    vertex 111.6107145331237 37.96418047606099 8
    vertex 111.2620384101045 37.19629978113532 8
  endloop
endfacet
facet normal 0 0 1
  outer loop
    vertex 113.10439550208 89.51143216908325 8
    vertex 112.4027605865879 88.96644561110732 8
    vertex 113.10439550208 88.46130590323659 8
  endloop
endfacet
facet normal 0 0 1
  outer loop
    vertex 113.1043955020789 39.46105337154181 8
    vertex 112.4027605865864 38.95591366367055 8
    vertex 113.1043955020789 38.41092710569369 8
  endloop
endfacet
facet normal 0 0 1
  outer loop
    vertex 112.3713514659903 39.74324608147948 8
    vertex 112.4027605865864 38.95591366367055 8
    vertex 113.1043955020789 39.46105337154181 8
  endloop
endfacet
facet normal 0 0 1
  outer loop
    vertex 113.10439550208 88.46130590323659 8
    vertex 112.4027605865879 88.96644561110732 8
    vertex 112.3713514659915 88.1791131932992 8
  endloop
endfacet
facet normal 0 0 1
  outer loop
    vertex 113.1043955020789 40.51117963738992 8
    vertex 112.3713514659903 39.74324608147948 8
    vertex 113.1043955020789 39.46105337154181 8
  endloop
endfacet
facet normal 0 0 1
  outer loop
    vertex 113.10439550208 88.46130590323659 8
    vertex 112.3713514659915 88.1791131932992 8
    vertex 113.1043955020799 87.41117963738994 8
  endloop
endfacet
facet normal 0 0 1
  outer loop
    vertex 112.4027605865879 88.96644561110732 8
    vertex 111.864529301285 89.35204259691545 8
    vertex 111.7013213206345 88.62553175231976 8
  endloop
endfacet
facet normal 0 0 1
  outer loop
    vertex 111.7013213206333 39.29682752245817 8
    vertex 111.8645293012839 38.57031667786262 8
    vertex 112.4027605865864 38.95591366367055 8
  endloop
endfacet
facet normal 0 0 1
  outer loop
    vertex 111.6947033594576 36.54560004446817 8
    vertex 111.2620384101045 37.19629978113532 8
    vertex 111.408330465134 36.54474524487956 8
  endloop
endfacet
facet normal 0 0 1
  outer loop
    vertex 111.4083304651337 91.37761402990593 8
    vertex 111.262038410103 90.72605949364717 8
    vertex 111.694703359458 91.37675923031698 8
  endloop
endfacet
facet normal 0 0 1
  outer loop
    vertex 113.1043955020789 38.41092710569369 8
    vertex 112.4027605865864 38.95591366367055 8
    vertex 112.3034545639992 38.17348208973482 8
  endloop
endfacet
facet normal 0 0 1
  outer loop
    vertex 112.3034545640012 89.74887718504303 8
    vertex 112.4027605865879 88.96644561110732 8
    vertex 113.10439550208 89.51143216908325 8
  endloop
endfacet
facet normal 0 -0 1
  outer loop
    vertex 111.3043955020772 89.46117963738855 8
    vertex 111.6107145331241 89.95817879871862 8
    vertex 111.0431975802766 90.09516063464871 8
  endloop
endfacet
facet normal 0 0 1
  outer loop
    vertex 111.0431975802785 37.82719864013038 8
    vertex 111.6107145331237 37.96418047606099 8
    vertex 111.3043955020771 38.46117963738857 8
  endloop
endfacet
facet normal 0 0 1
  outer loop
    vertex 111.6107145331241 89.95817879871862 8
    vertex 111.864529301285 89.35204259691545 8
    vertex 112.3034545640012 89.74887718504303 8
  endloop
endfacet
facet normal 0 0 1
  outer loop
    vertex 112.3034545639992 38.17348208973482 8
    vertex 111.8645293012839 38.57031667786262 8
    vertex 111.6107145331237 37.96418047606099 8
  endloop
endfacet
facet normal 0 0 1
  outer loop
    vertex 111.3043955020771 38.46117963738857 8
    vertex 111.8645293012839 38.57031667786262 8
    vertex 111.7013213206333 39.29682752245817 8
  endloop
endfacet
facet normal 0 -0 1
  outer loop
    vertex 111.7013213206345 88.62553175231976 8
    vertex 111.864529301285 89.35204259691545 8
    vertex 111.3043955020772 89.46117963738855 8
  endloop
endfacet
facet normal 0 0 1
  outer loop
    vertex 112.3034545640012 89.74887718504303 8
    vertex 111.864529301285 89.35204259691545 8
    vertex 112.4027605865879 88.96644561110732 8
  endloop
endfacet
facet normal 0 0 1
  outer loop
    vertex 112.4027605865864 38.95591366367055 8
    vertex 111.8645293012839 38.57031667786262 8
    vertex 112.3034545639992 38.17348208973482 8
  endloop
endfacet
facet normal -0 0 1
  outer loop
    vertex 111.3043955020772 89.46117963738855 8
    vertex 111.864529301285 89.35204259691545 8
    vertex 111.6107145331241 89.95817879871862 8
  endloop
endfacet
facet normal 0 -0 1
  outer loop
    vertex 111.6107145331237 37.96418047606099 8
    vertex 111.8645293012839 38.57031667786262 8
    vertex 111.3043955020771 38.46117963738857 8
  endloop
endfacet
facet normal 0 0 1
  outer loop
    vertex 111.6947033594576 36.54560004446817 8
    vertex 111.408330465134 36.54474524487956 8
    vertex 111.5515586558052 36.48546530314925 8
  endloop
endfacet
facet normal 0 0 1
  outer loop
    vertex 111.694703359458 91.37675923031698 8
    vertex 111.5515586558053 91.43689397163642 8
    vertex 111.4083304651337 91.37761402990593 8
  endloop
endfacet
facet normal 0 -0 1
  outer loop
    vertex 107.6677794977247 40.35785980490747 8
    vertex 107.7990875792474 40.51117963738946 8
    vertex 107.6260413906342 40.42127929491686 8
  endloop
endfacet
facet normal 0 0 1
  outer loop
    vertex 107.6677794977253 87.56449946986766 8
    vertex 107.626041390635 87.50107997985835 8
    vertex 107.7990875792474 87.41117963738948 8
  endloop
endfacet
facet normal 0 -0 1
  outer loop
    vertex 107.6260413906342 40.42127929491686 8
    vertex 107.7990875792474 40.51117963738946 8
    vertex 107.611428868756 40.4957816643528 8
  endloop
endfacet
facet normal 0 0 1
  outer loop
    vertex 107.7990875792474 87.41117963738948 8
    vertex 107.626041390635 87.50107997985835 8
    vertex 107.6114288687568 87.42657761042253 8
  endloop
endfacet
facet normal 0 0 1
  outer loop
    vertex 111.408330465134 36.54474524487956 8
    vertex 111.2620384101045 37.19629978113532 8
    vertex 110.4112134912205 37.56120546274791 8
  endloop
endfacet
facet normal 0 0 1
  outer loop
    vertex 110.4112134912151 90.3611538120293 8
    vertex 111.262038410103 90.72605949364717 8
    vertex 111.4083304651337 91.37761402990593 8
  endloop
endfacet
facet normal 0 0 1
  outer loop
    vertex 113.1043955020799 87.41117963738994 8
    vertex 112.3713514659915 88.1791131932992 8
    vertex 111.3359595278024 87.41117963738978 8
  endloop
endfacet
facet normal -0 0 1
  outer loop
    vertex 111.3359595278017 40.51117963738977 8
    vertex 112.3713514659903 39.74324608147948 8
    vertex 113.1043955020789 40.51117963738992 8
  endloop
endfacet
facet normal 0 0 1
  outer loop
    vertex 112.782212961382 37.63310964638637 8
    vertex 111.8810737453144 37.44673926053478 8
    vertex 111.6947033594576 36.54560004446817 8
  endloop
endfacet
facet normal 0 0 1
  outer loop
    vertex 111.694703359458 91.37675923031698 8
    vertex 111.8810737453158 90.47562001424654 8
    vertex 112.782212961386 90.28924962838767 8
  endloop
endfacet
facet normal 0 0 1
  outer loop
    vertex 107.7990875792474 40.51117963738946 8
    vertex 107.611428868756 42.45123149543905 8
    vertex 107.611428868756 40.4957816643528 8
  endloop
endfacet
facet normal 0 0 1
  outer loop
    vertex 107.6114288687567 85.47112777933629 8
    vertex 107.7990875792474 87.41117963738948 8
    vertex 107.6114288687568 87.42657761042253 8
  endloop
endfacet
facet normal -0 0 1
  outer loop
    vertex 107.6114288687567 85.47112777933629 8
    vertex 107.7990875792474 85.45701297072281 8
    vertex 107.7990875792474 87.41117963738948 8
  endloop
endfacet
facet normal 0 0 1
  outer loop
    vertex 109.5675235535249 87.41117963738962 8
    vertex 108.586248947643 88.50078646687594 8
    vertex 107.7990875792474 87.41117963738948 8
  endloop
endfacet
facet normal -0 0 1
  outer loop
    vertex 107.7990875792474 40.51117963738946 8
    vertex 108.5862489476427 39.42157280790157 8
    vertex 109.5675235535246 40.51117963738962 8
  endloop
endfacet
facet normal 0 0 1
  outer loop
    vertex 107.7990875792474 42.46534630405614 8
    vertex 107.611428868756 42.45123149543905 8
    vertex 107.7990875792474 40.51117963738946 8
  endloop
endfacet
facet normal 0 0 1
  outer loop
    vertex 110.8613371552183 88.68580596900489 8
    vertex 109.968385889579 88.6738451355385 8
    vertex 109.5675235535249 87.41117963738962 8
  endloop
endfacet
facet normal 0 0 1
  outer loop
    vertex 111.3359595278024 87.41117963738978 8
    vertex 110.8613371552183 88.68580596900489 8
    vertex 109.5675235535249 87.41117963738962 8
  endloop
endfacet
facet normal 0 0 1
  outer loop
    vertex 109.5675235535246 40.51117963738962 8
    vertex 109.9683858895806 39.24851413923949 8
    vertex 110.8613371552191 39.23655330577173 8
  endloop
endfacet
facet normal 0 -0 1
  outer loop
    vertex 110.8613371552191 39.23655330577173 8
    vertex 111.3359595278017 40.51117963738977 8
    vertex 109.5675235535246 40.51117963738962 8
  endloop
endfacet
facet normal 0 0 1
  outer loop
    vertex 107.611428868756 44.40668132652528 8
    vertex 107.611428868756 42.45123149543905 8
    vertex 107.7990875792474 42.46534630405614 8
  endloop
endfacet
facet normal 0 0 1
  outer loop
    vertex 107.7990875792474 44.41951297072282 8
    vertex 107.6114288687561 46.36213115761152 8
    vertex 107.611428868756 44.40668132652528 8
  endloop
endfacet
facet normal 0 0 1
  outer loop
    vertex 107.7990875792474 44.41951297072282 8
    vertex 107.611428868756 44.40668132652528 8
    vertex 107.7990875792474 42.46534630405614 8
  endloop
endfacet
facet normal 0 0 1
  outer loop
    vertex 107.6114288687561 48.31758098869776 8
    vertex 107.6114288687561 46.36213115761152 8
    vertex 107.7990875792474 46.37367963738949 8
  endloop
endfacet
facet normal 0 0 1
  outer loop
    vertex 107.7990875792474 46.37367963738949 8
    vertex 107.6114288687561 46.36213115761152 8
    vertex 107.7990875792474 44.41951297072282 8
  endloop
endfacet
facet normal 0 0 1
  outer loop
    vertex 107.6114288687561 48.31758098869776 8
    vertex 107.7990875792474 48.32784630405617 8
    vertex 107.6114288687561 50.273030819784 8
  endloop
endfacet
facet normal 0 -0 1
  outer loop
    vertex 107.7990875792474 46.37367963738949 8
    vertex 107.7990875792474 48.32784630405617 8
    vertex 107.6114288687561 48.31758098869776 8
  endloop
endfacet
facet normal 0 0 1
  outer loop
    vertex 107.6114288687561 50.273030819784 8
    vertex 107.7990875792474 50.28201297072285 8
    vertex 107.6114288687562 52.22848065087023 8
  endloop
endfacet
facet normal -0 0 1
  outer loop
    vertex 107.6114288687561 50.273030819784 8
    vertex 107.7990875792474 48.32784630405617 8
    vertex 107.7990875792474 50.28201297072285 8
  endloop
endfacet
facet normal 0 0 1
  outer loop
    vertex 107.7990875792474 52.23617963738953 8
    vertex 107.6114288687562 54.18393048195647 8
    vertex 107.6114288687562 52.22848065087023 8
  endloop
endfacet
facet normal -0 0 1
  outer loop
    vertex 107.6114288687562 52.22848065087023 8
    vertex 107.7990875792474 50.28201297072285 8
    vertex 107.7990875792474 52.23617963738953 8
  endloop
endfacet
facet normal 0 0 1
  outer loop
    vertex 107.7990875792474 54.19034630405621 8
    vertex 107.6114288687562 56.13938031304271 8
    vertex 107.6114288687562 54.18393048195647 8
  endloop
endfacet
facet normal 0 0 1
  outer loop
    vertex 107.7990875792474 54.19034630405621 8
    vertex 107.6114288687562 54.18393048195647 8
    vertex 107.7990875792474 52.23617963738953 8
  endloop
endfacet
facet normal 0 0 1
  outer loop
    vertex 107.6114288687563 58.09483014412895 8
    vertex 107.6114288687562 56.13938031304271 8
    vertex 107.7990875792474 56.14451297072289 8
  endloop
endfacet
facet normal 0 0 1
  outer loop
    vertex 107.7990875792474 56.14451297072289 8
    vertex 107.6114288687562 56.13938031304271 8
    vertex 107.7990875792474 54.19034630405621 8
  endloop
endfacet
facet normal 0 0 1
  outer loop
    vertex 107.6114288687563 58.09483014412895 8
    vertex 107.7990875792474 58.09867963738955 8
    vertex 107.6114288687563 60.05027997521518 8
  endloop
endfacet
facet normal -0 0 1
  outer loop
    vertex 107.6114288687563 58.09483014412895 8
    vertex 107.7990875792474 56.14451297072289 8
    vertex 107.7990875792474 58.09867963738955 8
  endloop
endfacet
facet normal 0 0 1
  outer loop
    vertex 107.7990875792474 60.05284630405621 8
    vertex 107.6114288687563 62.00572980630142 8
    vertex 107.6114288687563 60.05027997521518 8
  endloop
endfacet
facet normal -0 0 1
  outer loop
    vertex 107.6114288687563 60.05027997521518 8
    vertex 107.7990875792474 58.09867963738955 8
    vertex 107.7990875792474 60.05284630405621 8
  endloop
endfacet
facet normal 0 0 1
  outer loop
    vertex 107.7990875792474 62.00701297072287 8
    vertex 107.6114288687564 63.96117963738767 8
    vertex 107.6114288687563 62.00572980630142 8
  endloop
endfacet
facet normal 0 0 1
  outer loop
    vertex 107.7990875792474 62.00701297072287 8
    vertex 107.6114288687563 62.00572980630142 8
    vertex 107.7990875792474 60.05284630405621 8
  endloop
endfacet
facet normal 0 0 1
  outer loop
    vertex 107.6114288687564 65.91662946847391 8
    vertex 107.6114288687564 63.96117963738767 8
    vertex 107.7990875792474 65.9153463040562 8
  endloop
endfacet
facet normal 0 0 1
  outer loop
    vertex 107.7990875792474 65.9153463040562 8
    vertex 107.6114288687564 63.96117963738767 8
    vertex 107.7990875792474 63.96117963738953 8
  endloop
endfacet
facet normal 0 0 1
  outer loop
    vertex 107.7990875792474 63.96117963738953 8
    vertex 107.6114288687564 63.96117963738767 8
    vertex 107.7990875792474 62.00701297072287 8
  endloop
endfacet
facet normal 0 0 1
  outer loop
    vertex 107.6114288687564 65.91662946847391 8
    vertex 107.7990875792474 67.86951297072287 8
    vertex 107.6114288687564 67.87207929956014 8
  endloop
endfacet
facet normal -0 0 1
  outer loop
    vertex 107.6114288687564 65.91662946847391 8
    vertex 107.7990875792474 65.9153463040562 8
    vertex 107.7990875792474 67.86951297072287 8
  endloop
endfacet
facet normal 0 0 1
  outer loop
    vertex 107.6114288687564 67.87207929956014 8
    vertex 107.7990875792474 69.82367963738952 8
    vertex 107.6114288687565 69.82752913064638 8
  endloop
endfacet
facet normal 0 -0 1
  outer loop
    vertex 107.7990875792474 67.86951297072287 8
    vertex 107.7990875792474 69.82367963738952 8
    vertex 107.6114288687564 67.87207929956014 8
  endloop
endfacet
facet normal 0 0 1
  outer loop
    vertex 107.6114288687565 69.82752913064638 8
    vertex 107.7990875792474 71.77784630405618 8
    vertex 107.6114288687565 71.78297896173262 8
  endloop
endfacet
facet normal -0 0 1
  outer loop
    vertex 107.6114288687565 69.82752913064638 8
    vertex 107.7990875792474 69.82367963738952 8
    vertex 107.7990875792474 71.77784630405618 8
  endloop
endfacet
facet normal 0 0 1
  outer loop
    vertex 107.6114288687565 71.78297896173262 8
    vertex 107.7990875792474 73.73201297072285 8
    vertex 107.6114288687565 73.73842879281885 8
  endloop
endfacet
facet normal 0 -0 1
  outer loop
    vertex 107.7990875792474 71.77784630405618 8
    vertex 107.7990875792474 73.73201297072285 8
    vertex 107.6114288687565 71.78297896173262 8
  endloop
endfacet
facet normal 0 0 1
  outer loop
    vertex 107.6114288687565 73.73842879281885 8
    vertex 107.7990875792474 75.6861796373895 8
    vertex 107.6114288687566 75.69387862390509 8
  endloop
endfacet
facet normal -0 0 1
  outer loop
    vertex 107.6114288687565 73.73842879281885 8
    vertex 107.7990875792474 73.73201297072285 8
    vertex 107.7990875792474 75.6861796373895 8
  endloop
endfacet
facet normal 0 0 1
  outer loop
    vertex 107.6114288687566 75.69387862390509 8
    vertex 107.7990875792474 77.64034630405617 8
    vertex 107.6114288687566 77.64932845499133 8
  endloop
endfacet
facet normal -0 0 1
  outer loop
    vertex 107.6114288687566 75.69387862390509 8
    vertex 107.7990875792474 75.6861796373895 8
    vertex 107.7990875792474 77.64034630405617 8
  endloop
endfacet
facet normal 0 0 1
  outer loop
    vertex 107.6114288687566 77.64932845499133 8
    vertex 107.7990875792474 79.59451297072283 8
    vertex 107.6114288687566 79.60477828607758 8
  endloop
endfacet
facet normal 0 -0 1
  outer loop
    vertex 107.7990875792474 77.64034630405617 8
    vertex 107.7990875792474 79.59451297072283 8
    vertex 107.6114288687566 77.64932845499133 8
  endloop
endfacet
facet normal 0 0 1
  outer loop
    vertex 107.6114288687566 79.60477828607758 8
    vertex 107.7990875792474 81.5486796373895 8
    vertex 107.6114288687567 81.56022811716382 8
  endloop
endfacet
facet normal -0 0 1
  outer loop
    vertex 107.6114288687566 79.60477828607758 8
    vertex 107.7990875792474 79.59451297072283 8
    vertex 107.7990875792474 81.5486796373895 8
  endloop
endfacet
facet normal 0 0 1
  outer loop
    vertex 107.6114288687567 81.56022811716382 8
    vertex 107.7990875792474 83.50284630405616 8
    vertex 107.6114288687567 83.51567794825006 8
  endloop
endfacet
facet normal 0 -0 1
  outer loop
    vertex 107.7990875792474 81.5486796373895 8
    vertex 107.7990875792474 83.50284630405616 8
    vertex 107.6114288687567 81.56022811716382 8
  endloop
endfacet
facet normal 0 0 1
  outer loop
    vertex 107.6114288687567 83.51567794825006 8
    vertex 107.7990875792474 85.45701297072281 8
    vertex 107.6114288687567 85.47112777933629 8
  endloop
endfacet
facet normal -0 0 1
  outer loop
    vertex 107.6114288687567 83.51567794825006 8
    vertex 107.7990875792474 83.50284630405616 8
    vertex 107.7990875792474 85.45701297072281 8
  endloop
endfacet
facet normal 0 0 1
  outer loop
    vertex 106.8721501886267 40.11312361991395 8
    vertex 106.2954670930283 39.47908304651949 8
    vertex 107.0808407240911 39.79602616983827 8
  endloop
endfacet
facet normal 0 0 1
  outer loop
    vertex 107.0808407240909 88.12633310493602 8
    vertex 106.35675145502 88.49161533849168 8
    vertex 106.8721501886272 87.80923565486071 8
  endloop
endfacet
facet normal 0 0 1
  outer loop
    vertex 105.1288701588902 43.33081620776873 8
    vertex 103.5663026571968 44.79698462408425 8
    vertex 103.44084855009 43.20809316082887 8
  endloop
endfacet
facet normal 0 0 1
  outer loop
    vertex 103.4408485500908 84.71426611394898 8
    vertex 103.5656661522558 83.12386333158278 8
    vertex 105.1141989745718 84.55670776602712 8
  endloop
endfacet
facet normal -0 0 1
  outer loop
    vertex 107.2457830599389 37.02650280761407 8
    vertex 108.4455144277893 35.74966508803256 8
    vertex 109.5792964498886 37.24910247099562 8
  endloop
endfacet
facet normal 0 0 1
  outer loop
    vertex 108.4455144277879 92.1726941867467 8
    vertex 107.2457830599381 90.89585646716512 8
    vertex 109.5792964498878 90.67325680378562 8
  endloop
endfacet
facet normal -0 0 1
  outer loop
    vertex 101.9043955020845 84.41898624593964 8
    vertex 103.5656661522558 83.12386333158278 8
    vertex 103.4408485500908 84.71426611394898 8
  endloop
endfacet
facet normal 0 -0 1
  outer loop
    vertex 103.44084855009 43.20809316082887 8
    vertex 103.5663026571968 44.79698462408425 8
    vertex 101.9043955020836 43.50337302883961 8
  endloop
endfacet
facet normal 0 0 1
  outer loop
    vertex 108.3300685869898 38.52256432041695 8
    vertex 107.2457830599389 37.02650280761407 8
    vertex 109.5792964498886 37.24910247099562 8
  endloop
endfacet
facet normal 0 0 1
  outer loop
    vertex 107.2457830599381 90.89585646716512 8
    vertex 108.3300685869893 89.39979495436081 8
    vertex 109.5792964498878 90.67325680378562 8
  endloop
endfacet
facet normal 0 0 1
  outer loop
    vertex 111.2719236110278 93.20495365386019 8
    vertex 110.9863110547413 92.5810280293462 8
    vertex 111.5446652835641 92.24311836174309 8
  endloop
endfacet
facet normal 0 0 1
  outer loop
    vertex 111.5446652835647 35.67924091304262 8
    vertex 110.9889543946473 35.33737891015025 8
    vertex 111.2719236110322 34.71740562092499 8
  endloop
endfacet
facet normal 0 0 1
  outer loop
    vertex 105.1859706698771 45.45272435017644 8
    vertex 103.5663026571968 44.79698462408425 8
    vertex 105.1288701588902 43.33081620776873 8
  endloop
endfacet
facet normal 0 0 1
  outer loop
    vertex 105.1141989745718 84.55670776602712 8
    vertex 103.5656661522558 83.12386333158278 8
    vertex 105.185970669878 82.4696349246004 8
  endloop
endfacet
facet normal 0 0 1
  outer loop
    vertex 101.9043955020845 82.47062371179202 8
    vertex 103.5656661522558 83.12386333158278 8
    vertex 101.9043955020845 84.41898624593964 8
  endloop
endfacet
facet normal 0 0 1
  outer loop
    vertex 101.9043955020836 43.50337302883961 8
    vertex 103.5663026571968 44.79698462408425 8
    vertex 101.9043955020837 45.45173556298724 8
  endloop
endfacet
facet normal -0 0 1
  outer loop
    vertex 103.6465889563877 40.85701596635855 8
    vertex 105.7603270508276 40.4506318945945 8
    vertex 105.405662310404 41.60035150621871 8
  endloop
endfacet
facet normal 0 -0 1
  outer loop
    vertex 109.6452457956397 34.47282736845107 8
    vertex 109.6656947311986 35.95760505742755 8
    vertex 108.4455144277893 35.74966508803256 8
  endloop
endfacet
facet normal 0 0 1
  outer loop
    vertex 110.8285243127863 91.94671865321041 8
    vertex 109.6259098963415 91.87698886084553 8
    vertex 109.5792964498878 90.67325680378562 8
  endloop
endfacet
facet normal 0 0 1
  outer loop
    vertex 109.5792964498886 37.24910247099562 8
    vertex 109.6656947311986 35.95760505742755 8
    vertex 110.8285243127873 35.97564062157431 8
  endloop
endfacet
facet normal 0 0 1
  outer loop
    vertex 106.7990875792474 42.44193081459187 8
    vertex 105.405662310404 41.60035150621871 8
    vertex 106.7990875792474 40.48563546706497 8
  endloop
endfacet
facet normal 0 0 1
  outer loop
    vertex 106.7990875792482 87.43672380771038 8
    vertex 105.5284364780505 86.45857613394693 8
    vertex 106.7990875792482 85.48042846018349 8
  endloop
endfacet
facet normal 0 -0 1
  outer loop
    vertex 104.8463203242381 39.58017824677706 8
    vertex 105.7603270508276 40.4506318945945 8
    vertex 103.6465889563877 40.85701596635855 8
  endloop
endfacet
facet normal 0 -0 1
  outer loop
    vertex 105.5284364780505 86.45857613394693 8
    vertex 106.0941160672487 87.72312229231323 8
    vertex 104.8463203242383 88.34218102800197 8
  endloop
endfacet
facet normal -0 0 1
  outer loop
    vertex 103.6465889563884 87.06534330842041 8
    vertex 105.5284364780505 86.45857613394693 8
    vertex 104.8463203242383 88.34218102800197 8
  endloop
endfacet
facet normal 0 0 1
  outer loop
    vertex 105.1859706698771 45.45272435017644 8
    vertex 105.1288701588902 43.33081620776873 8
    vertex 106.7990875792475 44.39822616211877 8
  endloop
endfacet
facet normal 0 0 1
  outer loop
    vertex 106.7990875792481 83.5241331126566 8
    vertex 105.1141989745718 84.55670776602712 8
    vertex 105.185970669878 82.4696349246004 8
  endloop
endfacet
facet normal 0 0 1
  outer loop
    vertex 106.8721501886267 40.11312361991395 8
    vertex 105.7603270508276 40.4506318945945 8
    vertex 106.2954670930283 39.47908304651949 8
  endloop
endfacet
facet normal 0 0 1
  outer loop
    vertex 108.3300685869893 89.39979495436081 8
    vertex 107.1267092373268 89.29516037852184 8
    vertex 107.0808407240909 88.12633310493602 8
  endloop
endfacet
facet normal 0 0 1
  outer loop
    vertex 107.0808407240911 39.79602616983827 8
    vertex 107.1235186728757 38.62971550965622 8
    vertex 108.3300685869898 38.52256432041695 8
  endloop
endfacet
facet normal 0 0 1
  outer loop
    vertex 106.7990875792474 40.48563546706497 8
    vertex 105.7603270508276 40.4506318945945 8
    vertex 106.8721501886267 40.11312361991395 8
  endloop
endfacet
facet normal 0 0 1
  outer loop
    vertex 110.8285243127873 35.97564062157431 8
    vertex 109.6656947311986 35.95760505742755 8
    vertex 110.3951556035474 35.09381955283743 8
  endloop
endfacet
facet normal 0 0 1
  outer loop
    vertex 110.3661423047511 92.78515888982608 8
    vertex 109.6259098963415 91.87698886084553 8
    vertex 110.8285243127863 91.94671865321041 8
  endloop
endfacet
facet normal 0 0 1
  outer loop
    vertex 106.7990875792482 87.43672380771038 8
    vertex 106.0941160672487 87.72312229231323 8
    vertex 105.5284364780505 86.45857613394693 8
  endloop
endfacet
facet normal 0 0 1
  outer loop
    vertex 106.35675145502 88.49161533849168 8
    vertex 106.0941160672487 87.72312229231323 8
    vertex 106.8721501886272 87.80923565486071 8
  endloop
endfacet
facet normal -0 0 1
  outer loop
    vertex 106.2954670930283 39.47908304651949 8
    vertex 107.1235186728757 38.62971550965622 8
    vertex 107.0808407240911 39.79602616983827 8
  endloop
endfacet
facet normal 0 -0 1
  outer loop
    vertex 107.0808407240909 88.12633310493602 8
    vertex 107.1267092373268 89.29516037852184 8
    vertex 106.35675145502 88.49161533849168 8
  endloop
endfacet
facet normal 0 0 1
  outer loop
    vertex 110.5226979962349 93.75365710836175 8
    vertex 110.3661423047511 92.78515888982608 8
    vertex 111.2719236110278 93.20495365386019 8
  endloop
endfacet
facet normal 0 0 1
  outer loop
    vertex 111.2719236110322 34.71740562092499 8
    vertex 110.3951556035474 35.09381955283743 8
    vertex 110.5226979962396 34.16870216641667 8
  endloop
endfacet
facet normal 0 0 1
  outer loop
    vertex 106.7990875792475 46.35452150964566 8
    vertex 105.1829489834248 47.39228514607434 8
    vertex 105.1859706698771 45.45272435017644 8
  endloop
endfacet
facet normal 0 0 1
  outer loop
    vertex 105.185970669878 82.4696349246004 8
    vertex 105.1829489834259 80.53007412870355 8
    vertex 106.7990875792481 81.56783776512971 8
  endloop
endfacet
facet normal 0 0 1
  outer loop
    vertex 105.405662310404 41.60035150621871 8
    vertex 105.7603270508276 40.4506318945945 8
    vertex 106.7990875792474 40.48563546706497 8
  endloop
endfacet
facet normal 0 0 1
  outer loop
    vertex 105.1859706698771 45.45272435017644 8
    vertex 105.1829489834248 47.39228514607434 8
    vertex 103.5576225294043 46.49255576553576 8
  endloop
endfacet
facet normal -0 0 1
  outer loop
    vertex 103.5576225294054 81.42980350924284 8
    vertex 105.1829489834259 80.53007412870355 8
    vertex 105.185970669878 82.4696349246004 8
  endloop
endfacet
facet normal 0 0 1
  outer loop
    vertex 106.7990875792475 46.35452150964566 8
    vertex 105.1859706698771 45.45272435017644 8
    vertex 106.7990875792475 44.39822616211877 8
  endloop
endfacet
facet normal 0 0 1
  outer loop
    vertex 106.7990875792481 83.5241331126566 8
    vertex 105.185970669878 82.4696349246004 8
    vertex 106.7990875792481 81.56783776512971 8
  endloop
endfacet
facet normal -0 0 1
  outer loop
    vertex 102.4468575885378 85.78850558883954 8
    vertex 104.2320146363017 85.76435346667134 8
    vertex 103.6465889563884 87.06534330842041 8
  endloop
endfacet
facet normal 0 -0 1
  outer loop
    vertex 103.6465889563877 40.85701596635855 8
    vertex 104.152477783735 42.18279454619575 8
    vertex 102.4468575885373 42.13385368594005 8
  endloop
endfacet
facet normal 0 0 1
  outer loop
    vertex 106.7990875792482 85.48042846018349 8
    vertex 105.1141989745718 84.55670776602712 8
    vertex 106.7990875792481 83.5241331126566 8
  endloop
endfacet
facet normal 0 0 1
  outer loop
    vertex 106.7990875792475 44.39822616211877 8
    vertex 105.1288701588902 43.33081620776873 8
    vertex 106.7990875792474 42.44193081459187 8
  endloop
endfacet
facet normal 0 0 1
  outer loop
    vertex 110.5226979962396 34.16870216641667 8
    vertex 110.3951556035474 35.09381955283743 8
    vertex 109.6452457956397 34.47282736845107 8
  endloop
endfacet
facet normal -0 0 1
  outer loop
    vertex 109.6452457956378 93.44953190632826 8
    vertex 110.3661423047511 92.78515888982608 8
    vertex 110.5226979962349 93.75365710836175 8
  endloop
endfacet
facet normal 0 0 1
  outer loop
    vertex 108.4455144277893 35.74966508803256 8
    vertex 109.6656947311986 35.95760505742755 8
    vertex 109.5792964498886 37.24910247099562 8
  endloop
endfacet
facet normal 0 -0 1
  outer loop
    vertex 109.5792964498878 90.67325680378562 8
    vertex 109.6259098963415 91.87698886084553 8
    vertex 108.4455144277879 92.1726941867467 8
  endloop
endfacet
facet normal 0 0 1
  outer loop
    vertex 101.9043955020838 51.29682316543012 8
    vertex 103.5917269524375 52.27100443250389 8
    vertex 101.9043955020838 53.24518569957773 8
  endloop
endfacet
facet normal 0 0 1
  outer loop
    vertex 101.9043955020841 66.88372343861106 8
    vertex 103.5917269524378 67.85790470568483 8
    vertex 101.9043955020842 68.83208597275866 8
  endloop
endfacet
facet normal 0 0 1
  outer loop
    vertex 101.9043955020839 59.09027330202059 8
    vertex 103.5917269524376 60.06445456909435 8
    vertex 101.904395502084 61.0386358361682 8
  endloop
endfacet
facet normal 0 0 1
  outer loop
    vertex 101.9043955020838 53.24518569957773 8
    vertex 103.5917269524375 54.21936696665151 8
    vertex 101.9043955020839 55.19354823372535 8
  endloop
endfacet
facet normal 0 0 1
  outer loop
    vertex 101.9043955020839 55.19354823372535 8
    vertex 103.5917269524376 56.16772950079913 8
    vertex 101.9043955020839 57.14191076787297 8
  endloop
endfacet
facet normal 0 0 1
  outer loop
    vertex 101.9043955020837 49.34846063128249 8
    vertex 103.5917269524374 50.32264189835627 8
    vertex 101.9043955020838 51.29682316543012 8
  endloop
endfacet
facet normal 0 0 1
  outer loop
    vertex 101.9043955020842 70.78044850690628 8
    vertex 103.5917269524379 71.75462977398006 8
    vertex 101.9043955020842 72.72881104105392 8
  endloop
endfacet
facet normal 0 0 1
  outer loop
    vertex 101.9043955020837 47.40009809713486 8
    vertex 103.5917269524374 48.37427936420864 8
    vertex 101.9043955020837 49.34846063128249 8
  endloop
endfacet
facet normal 0 0 1
  outer loop
    vertex 101.904395502084 61.0386358361682 8
    vertex 103.5917269524377 62.01281710324197 8
    vertex 101.904395502084 62.98699837031582 8
  endloop
endfacet
facet normal 0 0 1
  outer loop
    vertex 101.9043955020839 57.14191076787297 8
    vertex 103.5917269524376 58.11609203494675 8
    vertex 101.9043955020839 59.09027330202059 8
  endloop
endfacet
facet normal 0 0 1
  outer loop
    vertex 101.904395502084 62.98699837031582 8
    vertex 103.5917269524377 63.96117963738959 8
    vertex 101.9043955020841 64.93536090446344 8
  endloop
endfacet
facet normal 0 0 1
  outer loop
    vertex 101.9043955020841 64.93536090446344 8
    vertex 103.5917269524378 65.90954217153721 8
    vertex 101.9043955020841 66.88372343861106 8
  endloop
endfacet
facet normal 0 0 1
  outer loop
    vertex 101.9043955020842 68.83208597275866 8
    vertex 103.5917269524378 69.80626723983244 8
    vertex 101.9043955020842 70.78044850690628 8
  endloop
endfacet
facet normal 0 0 1
  outer loop
    vertex 101.9043955020844 78.57389864349678 8
    vertex 103.5917269524381 79.54807991057052 8
    vertex 101.9043955020844 80.5222611776444 8
  endloop
endfacet
facet normal 0 0 1
  outer loop
    vertex 101.9043955020843 74.67717357520154 8
    vertex 103.591726952438 75.65135484227528 8
    vertex 101.9043955020843 76.62553610934916 8
  endloop
endfacet
facet normal 0 0 1
  outer loop
    vertex 101.9043955020842 72.72881104105392 8
    vertex 103.5917269524379 73.70299230812768 8
    vertex 101.9043955020843 74.67717357520154 8
  endloop
endfacet
facet normal 0 0 1
  outer loop
    vertex 101.9043955020843 76.62553610934916 8
    vertex 103.5917269524379 77.59971737642296 8
    vertex 101.9043955020844 78.57389864349678 8
  endloop
endfacet
facet normal -0 0 1
  outer loop
    vertex 101.9043955020839 59.09027330202059 8
    vertex 103.5917269524376 58.11609203494675 8
    vertex 103.5917269524376 60.06445456909435 8
  endloop
endfacet
facet normal 0 -0 1
  outer loop
    vertex 103.5917269524376 60.06445456909435 8
    vertex 103.5917269524377 62.01281710324197 8
    vertex 101.904395502084 61.0386358361682 8
  endloop
endfacet
facet normal -0 0 1
  outer loop
    vertex 101.904395502084 62.98699837031582 8
    vertex 103.5917269524377 62.01281710324197 8
    vertex 103.5917269524377 63.96117963738959 8
  endloop
endfacet
facet normal -0 0 1
  outer loop
    vertex 101.9043955020842 70.78044850690628 8
    vertex 103.5917269524378 69.80626723983244 8
    vertex 103.5917269524379 71.75462977398006 8
  endloop
endfacet
facet normal -0 0 1
  outer loop
    vertex 101.9043955020843 74.67717357520154 8
    vertex 103.5917269524379 73.70299230812768 8
    vertex 103.591726952438 75.65135484227528 8
  endloop
endfacet
facet normal -0 0 1
  outer loop
    vertex 101.9043955020839 55.19354823372535 8
    vertex 103.5917269524375 54.21936696665151 8
    vertex 103.5917269524376 56.16772950079913 8
  endloop
endfacet
facet normal 0 -0 1
  outer loop
    vertex 103.5917269524375 52.27100443250389 8
    vertex 103.5917269524375 54.21936696665151 8
    vertex 101.9043955020838 53.24518569957773 8
  endloop
endfacet
facet normal 0 -0 1
  outer loop
    vertex 103.5917269524376 56.16772950079913 8
    vertex 103.5917269524376 58.11609203494675 8
    vertex 101.9043955020839 57.14191076787297 8
  endloop
endfacet
facet normal 0 0 1
  outer loop
    vertex 103.591726952438 75.65135484227528 8
    vertex 103.5917269524379 77.59971737642296 8
    vertex 101.9043955020843 76.62553610934916 8
  endloop
endfacet
facet normal 0 -0 1
  outer loop
    vertex 103.5917269524378 67.85790470568483 8
    vertex 103.5917269524378 69.80626723983244 8
    vertex 101.9043955020842 68.83208597275866 8
  endloop
endfacet
facet normal 0 -0 1
  outer loop
    vertex 103.5917269524374 48.37427936420864 8
    vertex 103.5917269524374 50.32264189835627 8
    vertex 101.9043955020837 49.34846063128249 8
  endloop
endfacet
facet normal 0 -0 1
  outer loop
    vertex 103.5917269524377 63.96117963738959 8
    vertex 103.5917269524378 65.90954217153721 8
    vertex 101.9043955020841 64.93536090446344 8
  endloop
endfacet
facet normal -0 0 1
  outer loop
    vertex 101.9043955020841 66.88372343861106 8
    vertex 103.5917269524378 65.90954217153721 8
    vertex 103.5917269524378 67.85790470568483 8
  endloop
endfacet
facet normal 0 -0 1
  outer loop
    vertex 103.5917269524379 71.75462977398006 8
    vertex 103.5917269524379 73.70299230812768 8
    vertex 101.9043955020842 72.72881104105392 8
  endloop
endfacet
facet normal -0 0 1
  outer loop
    vertex 101.9043955020838 51.29682316543012 8
    vertex 103.5917269524374 50.32264189835627 8
    vertex 103.5917269524375 52.27100443250389 8
  endloop
endfacet
facet normal -0 0 1
  outer loop
    vertex 101.9043955020844 78.57389864349678 8
    vertex 103.5917269524379 77.59971737642296 8
    vertex 103.5917269524381 79.54807991057052 8
  endloop
endfacet
facet normal 0 0 1
  outer loop
    vertex 101.9043955020837 45.45173556298724 8
    vertex 103.5576225294043 46.49255576553576 8
    vertex 101.9043955020837 47.40009809713486 8
  endloop
endfacet
facet normal 0 0 1
  outer loop
    vertex 101.9043955020844 80.5222611776444 8
    vertex 103.5576225294054 81.42980350924284 8
    vertex 101.9043955020845 82.47062371179202 8
  endloop
endfacet
facet normal 0 -0 1
  outer loop
    vertex 103.4408485500908 84.71426611394898 8
    vertex 104.2320146363017 85.76435346667134 8
    vertex 102.4468575885378 85.78850558883954 8
  endloop
endfacet
facet normal 0 0 1
  outer loop
    vertex 102.4468575885373 42.13385368594005 8
    vertex 104.152477783735 42.18279454619575 8
    vertex 103.44084855009 43.20809316082887 8
  endloop
endfacet
facet normal 0 0 1
  outer loop
    vertex 103.6465889563884 87.06534330842041 8
    vertex 104.2320146363017 85.76435346667134 8
    vertex 105.5284364780505 86.45857613394693 8
  endloop
endfacet
facet normal 0 0 1
  outer loop
    vertex 105.405662310404 41.60035150621871 8
    vertex 104.152477783735 42.18279454619575 8
    vertex 103.6465889563877 40.85701596635855 8
  endloop
endfacet
facet normal -0 0 1
  outer loop
    vertex 101.9043955020837 47.40009809713486 8
    vertex 103.5576225294043 46.49255576553576 8
    vertex 103.5917269524374 48.37427936420864 8
  endloop
endfacet
facet normal 0 0 1
  outer loop
    vertex 103.5917269524381 79.54807991057052 8
    vertex 103.5576225294054 81.42980350924284 8
    vertex 101.9043955020844 80.5222611776444 8
  endloop
endfacet
facet normal 0 0 1
  outer loop
    vertex 106.7990875792475 48.31081685717255 8
    vertex 105.1829489834248 47.39228514607434 8
    vertex 106.7990875792475 46.35452150964566 8
  endloop
endfacet
facet normal 0 0 1
  outer loop
    vertex 106.7990875792481 81.56783776512971 8
    vertex 105.1829489834259 80.53007412870355 8
    vertex 106.7990875792481 79.61154241760281 8
  endloop
endfacet
facet normal 0 -0 1
  outer loop
    vertex 106.0460516920885 38.30334052719556 8
    vertex 106.2954670930283 39.47908304651949 8
    vertex 104.8463203242381 39.58017824677706 8
  endloop
endfacet
facet normal 0 0 1
  outer loop
    vertex 104.8463203242383 88.34218102800197 8
    vertex 106.35675145502 88.49161533849168 8
    vertex 106.0460516920882 89.61901874758355 8
  endloop
endfacet
facet normal 0 0 1
  outer loop
    vertex 110.3951556035474 35.09381955283743 8
    vertex 110.9889543946473 35.33737891015025 8
    vertex 110.8285243127873 35.97564062157431 8
  endloop
endfacet
facet normal 0 -0 1
  outer loop
    vertex 110.8285243127863 91.94671865321041 8
    vertex 110.9863110547413 92.5810280293462 8
    vertex 110.3661423047511 92.78515888982608 8
  endloop
endfacet
facet normal 0 0 1
  outer loop
    vertex 106.7990875792475 48.31081685717255 8
    vertex 105.192799940738 49.32399465716886 8
    vertex 105.1829489834248 47.39228514607434 8
  endloop
endfacet
facet normal 0 0 1
  outer loop
    vertex 105.1829489834259 80.53007412870355 8
    vertex 105.1927999409768 78.59836461839575 8
    vertex 106.7990875792481 79.61154241760281 8
  endloop
endfacet
facet normal 0 0 1
  outer loop
    vertex 106.7990875792476 50.26711220469946 8
    vertex 105.192799940738 49.32399465716886 8
    vertex 106.7990875792475 48.31081685717255 8
  endloop
endfacet
facet normal 0 0 1
  outer loop
    vertex 106.7990875792481 79.61154241760281 8
    vertex 105.1927999409768 78.59836461839575 8
    vertex 106.799087579248 77.65524707007593 8
  endloop
endfacet
facet normal 0 0 1
  outer loop
    vertex 106.7990875792476 52.22340755222635 8
    vertex 105.1922215976334 51.27683247250191 8
    vertex 106.7990875792476 50.26711220469946 8
  endloop
endfacet
facet normal 0 0 1
  outer loop
    vertex 106.799087579248 77.65524707007593 8
    vertex 105.1922215990628 76.64552680699873 8
    vertex 106.799087579248 75.69895172254904 8
  endloop
endfacet
facet normal 0 0 1
  outer loop
    vertex 106.7990875792476 54.17970289975325 8
    vertex 105.1926787585638 53.22836811594307 8
    vertex 106.7990875792476 52.22340755222635 8
  endloop
endfacet
facet normal 0 0 1
  outer loop
    vertex 106.799087579248 75.69895172254904 8
    vertex 105.1926787671365 74.69399118717254 8
    vertex 106.799087579248 73.74265637502215 8
  endloop
endfacet
facet normal 0 0 1
  outer loop
    vertex 105.1922215976334 51.27683247250191 8
    vertex 105.192799940738 49.32399465716886 8
    vertex 106.7990875792476 50.26711220469946 8
  endloop
endfacet
facet normal 0 0 1
  outer loop
    vertex 106.799087579248 77.65524707007593 8
    vertex 105.1927999409768 78.59836461839575 8
    vertex 105.1922215990628 76.64552680699873 8
  endloop
endfacet
facet normal 0 0 1
  outer loop
    vertex 106.7990875792477 56.13599824728014 8
    vertex 105.1931397991901 55.17990367909335 8
    vertex 106.7990875792476 54.17970289975325 8
  endloop
endfacet
facet normal 0 0 1
  outer loop
    vertex 106.799087579248 73.74265637502215 8
    vertex 105.1931398506234 72.74245576571202 8
    vertex 106.7990875792479 71.78636102749526 8
  endloop
endfacet
facet normal 0 0 1
  outer loop
    vertex 105.1926787585638 53.22836811594307 8
    vertex 105.1922215976334 51.27683247250191 8
    vertex 106.7990875792476 52.22340755222635 8
  endloop
endfacet
facet normal 0 0 1
  outer loop
    vertex 106.799087579248 75.69895172254904 8
    vertex 105.1922215990628 76.64552680699873 8
    vertex 105.1926787671365 74.69399118717254 8
  endloop
endfacet
facet normal 0 0 1
  outer loop
    vertex 106.7990875792477 58.09229359480704 8
    vertex 105.1936044976453 57.13143876049843 8
    vertex 106.7990875792477 56.13599824728014 8
  endloop
endfacet
facet normal 0 0 1
  outer loop
    vertex 106.7990875792479 71.78636102749526 8
    vertex 105.1936048062423 70.79092153444556 8
    vertex 106.7990875792479 69.83006567996837 8
  endloop
endfacet
facet normal 0 0 1
  outer loop
    vertex 105.1931397991901 55.17990367909335 8
    vertex 105.1926787585638 53.22836811594307 8
    vertex 106.7990875792476 54.17970289975325 8
  endloop
endfacet
facet normal 0 0 1
  outer loop
    vertex 106.799087579248 73.74265637502215 8
    vertex 105.1926787671365 74.69399118717254 8
    vertex 105.1931398506234 72.74245576571202 8
  endloop
endfacet
facet normal 0 0 1
  outer loop
    vertex 106.7990875792477 60.04858894233393 8
    vertex 105.1940715227262 59.08297095143223 8
    vertex 106.7990875792477 58.09229359480704 8
  endloop
endfacet
facet normal 0 0 1
  outer loop
    vertex 106.7990875792479 69.83006567996837 8
    vertex 105.1940733743061 68.83939444434341 8
    vertex 106.7990875792479 67.87377033244148 8
  endloop
endfacet
facet normal 0 0 1
  outer loop
    vertex 105.1936044976453 57.13143876049843 8
    vertex 105.1931397991901 55.17990367909335 8
    vertex 106.7990875792477 56.13599824728014 8
  endloop
endfacet
facet normal 0 0 1
  outer loop
    vertex 106.7990875792479 71.78636102749526 8
    vertex 105.1931398506234 72.74245576571202 8
    vertex 105.1936048062423 70.79092153444556 8
  endloop
endfacet
facet normal 0 0 1
  outer loop
    vertex 106.7990875792478 62.00488428986082 8
    vertex 105.1945328872155 61.03448579953843 8
    vertex 106.7990875792477 60.04858894233393 8
  endloop
endfacet
facet normal 0 0 1
  outer loop
    vertex 106.7990875792479 67.87377033244148 8
    vertex 105.1945439966929 66.8879102012271 8
    vertex 106.7990875792478 65.91747498491459 8
  endloop
endfacet
facet normal 0 0 1
  outer loop
    vertex 105.1940715227262 59.08297095143223 8
    vertex 105.1936044976453 57.13143876049843 8
    vertex 106.7990875792477 58.09229359480704 8
  endloop
endfacet
facet normal 0 0 1
  outer loop
    vertex 106.7990875792479 69.83006567996837 8
    vertex 105.1936048062423 70.79092153444556 8
    vertex 105.1940733743061 68.83939444434341 8
  endloop
endfacet
facet normal 0 0 1
  outer loop
    vertex 106.7990875792478 63.9611796373877 8
    vertex 105.1949406678076 62.98589659067903 8
    vertex 106.7990875792478 62.00488428986082 8
  endloop
endfacet
facet normal 0 0 1
  outer loop
    vertex 106.7990875792478 65.91747498491459 8
    vertex 105.1950073246699 64.93668304002597 8
    vertex 106.7990875792478 63.9611796373877 8
  endloop
endfacet
facet normal 0 0 1
  outer loop
    vertex 103.5917269524377 63.96117963738959 8
    vertex 105.1950073246699 64.93668304002597 8
    vertex 103.5917269524378 65.90954217153721 8
  endloop
endfacet
facet normal 0 0 1
  outer loop
    vertex 103.5917269524377 62.01281710324197 8
    vertex 105.1949406678076 62.98589659067903 8
    vertex 103.5917269524377 63.96117963738959 8
  endloop
endfacet
facet normal 0 0 1
  outer loop
    vertex 105.1945328872155 61.03448579953843 8
    vertex 105.1940715227262 59.08297095143223 8
    vertex 106.7990875792477 60.04858894233393 8
  endloop
endfacet
facet normal 0 0 1
  outer loop
    vertex 106.7990875792479 67.87377033244148 8
    vertex 105.1940733743061 68.83939444434341 8
    vertex 105.1945439966929 66.8879102012271 8
  endloop
endfacet
facet normal -0 0 1
  outer loop
    vertex 103.5917269524377 63.96117963738959 8
    vertex 105.1949406678076 62.98589659067903 8
    vertex 105.1950073246699 64.93668304002597 8
  endloop
endfacet
facet normal 0 0 1
  outer loop
    vertex 103.5917269524378 65.90954217153721 8
    vertex 105.1945439966929 66.8879102012271 8
    vertex 103.5917269524378 67.85790470568483 8
  endloop
endfacet
facet normal 0 0 1
  outer loop
    vertex 103.5917269524376 60.06445456909435 8
    vertex 105.1945328872155 61.03448579953843 8
    vertex 103.5917269524377 62.01281710324197 8
  endloop
endfacet
facet normal 0 0 1
  outer loop
    vertex 105.1950073246699 64.93668304002597 8
    vertex 105.1945439966929 66.8879102012271 8
    vertex 103.5917269524378 65.90954217153721 8
  endloop
endfacet
facet normal -0 0 1
  outer loop
    vertex 103.5917269524377 62.01281710324197 8
    vertex 105.1945328872155 61.03448579953843 8
    vertex 105.1949406678076 62.98589659067903 8
  endloop
endfacet
facet normal 0 0 1
  outer loop
    vertex 105.1949406678076 62.98589659067903 8
    vertex 105.1945328872155 61.03448579953843 8
    vertex 106.7990875792478 62.00488428986082 8
  endloop
endfacet
facet normal 0 0 1
  outer loop
    vertex 106.7990875792478 65.91747498491459 8
    vertex 105.1945439966929 66.8879102012271 8
    vertex 105.1950073246699 64.93668304002597 8
  endloop
endfacet
facet normal 0 0 1
  outer loop
    vertex 105.1950073246699 64.93668304002597 8
    vertex 105.1949406678076 62.98589659067903 8
    vertex 106.7990875792478 63.9611796373877 8
  endloop
endfacet
facet normal 0 0 1
  outer loop
    vertex 103.5917269524378 67.85790470568483 8
    vertex 105.1940733743061 68.83939444434341 8
    vertex 103.5917269524378 69.80626723983244 8
  endloop
endfacet
facet normal 0 0 1
  outer loop
    vertex 103.5917269524376 58.11609203494675 8
    vertex 105.1940715227262 59.08297095143223 8
    vertex 103.5917269524376 60.06445456909435 8
  endloop
endfacet
facet normal 0 0 1
  outer loop
    vertex 105.1945439966929 66.8879102012271 8
    vertex 105.1940733743061 68.83939444434341 8
    vertex 103.5917269524378 67.85790470568483 8
  endloop
endfacet
facet normal -0 0 1
  outer loop
    vertex 103.5917269524376 60.06445456909435 8
    vertex 105.1940715227262 59.08297095143223 8
    vertex 105.1945328872155 61.03448579953843 8
  endloop
endfacet
facet normal -0 0 1
  outer loop
    vertex 103.5917269524381 79.54807991057052 8
    vertex 105.1927999409768 78.59836461839575 8
    vertex 105.1829489834259 80.53007412870355 8
  endloop
endfacet
facet normal 0 -0 1
  outer loop
    vertex 105.1829489834248 47.39228514607434 8
    vertex 105.192799940738 49.32399465716886 8
    vertex 103.5917269524374 48.37427936420864 8
  endloop
endfacet
facet normal 0 0 1
  outer loop
    vertex 101.9043955020845 84.41898624593964 8
    vertex 103.4408485500908 84.71426611394898 8
    vertex 102.4468575885378 85.78850558883954 8
  endloop
endfacet
facet normal 0 -0 1
  outer loop
    vertex 102.4468575885373 42.13385368594005 8
    vertex 103.44084855009 43.20809316082887 8
    vertex 101.9043955020836 43.50337302883961 8
  endloop
endfacet
facet normal 0 0 1
  outer loop
    vertex 103.5917269524378 69.80626723983244 8
    vertex 105.1936048062423 70.79092153444556 8
    vertex 103.5917269524379 71.75462977398006 8
  endloop
endfacet
facet normal 0 0 1
  outer loop
    vertex 103.5917269524376 56.16772950079913 8
    vertex 105.1936044976453 57.13143876049843 8
    vertex 103.5917269524376 58.11609203494675 8
  endloop
endfacet
facet normal 0 0 1
  outer loop
    vertex 105.1940733743061 68.83939444434341 8
    vertex 105.1936048062423 70.79092153444556 8
    vertex 103.5917269524378 69.80626723983244 8
  endloop
endfacet
facet normal -0 0 1
  outer loop
    vertex 103.5917269524376 58.11609203494675 8
    vertex 105.1936044976453 57.13143876049843 8
    vertex 105.1940715227262 59.08297095143223 8
  endloop
endfacet
facet normal 0 0 1
  outer loop
    vertex 103.5917269524379 71.75462977398006 8
    vertex 105.1931398506234 72.74245576571202 8
    vertex 103.5917269524379 73.70299230812768 8
  endloop
endfacet
facet normal 0 0 1
  outer loop
    vertex 103.5917269524375 54.21936696665151 8
    vertex 105.1931397991901 55.17990367909335 8
    vertex 103.5917269524376 56.16772950079913 8
  endloop
endfacet
facet normal 0 0 1
  outer loop
    vertex 105.1936048062423 70.79092153444556 8
    vertex 105.1931398506234 72.74245576571202 8
    vertex 103.5917269524379 71.75462977398006 8
  endloop
endfacet
facet normal -0 0 1
  outer loop
    vertex 103.5917269524376 56.16772950079913 8
    vertex 105.1931397991901 55.17990367909335 8
    vertex 105.1936044976453 57.13143876049843 8
  endloop
endfacet
facet normal 0 -0 1
  outer loop
    vertex 103.5917269524381 79.54807991057052 8
    vertex 105.1829489834259 80.53007412870355 8
    vertex 103.5576225294054 81.42980350924284 8
  endloop
endfacet
facet normal 0 0 1
  outer loop
    vertex 103.5576225294043 46.49255576553576 8
    vertex 105.1829489834248 47.39228514607434 8
    vertex 103.5917269524374 48.37427936420864 8
  endloop
endfacet
facet normal 0 0 1
  outer loop
    vertex 103.5917269524379 73.70299230812768 8
    vertex 105.1926787671365 74.69399118717254 8
    vertex 103.591726952438 75.65135484227528 8
  endloop
endfacet
facet normal 0 0 1
  outer loop
    vertex 103.5917269524375 52.27100443250389 8
    vertex 105.1926787585638 53.22836811594307 8
    vertex 103.5917269524375 54.21936696665151 8
  endloop
endfacet
facet normal 0 0 1
  outer loop
    vertex 105.1931398506234 72.74245576571202 8
    vertex 105.1926787671365 74.69399118717254 8
    vertex 103.5917269524379 73.70299230812768 8
  endloop
endfacet
facet normal -0 0 1
  outer loop
    vertex 103.5917269524375 54.21936696665151 8
    vertex 105.1926787585638 53.22836811594307 8
    vertex 105.1931397991901 55.17990367909335 8
  endloop
endfacet
facet normal 0 -0 1
  outer loop
    vertex 103.591726952438 75.65135484227528 8
    vertex 105.1922215990628 76.64552680699873 8
    vertex 103.5917269524379 77.59971737642296 8
  endloop
endfacet
facet normal 0 0 1
  outer loop
    vertex 103.5917269524374 50.32264189835627 8
    vertex 105.1922215976334 51.27683247250191 8
    vertex 103.5917269524375 52.27100443250389 8
  endloop
endfacet
facet normal 0 0 1
  outer loop
    vertex 105.1926787671365 74.69399118717254 8
    vertex 105.1922215990628 76.64552680699873 8
    vertex 103.591726952438 75.65135484227528 8
  endloop
endfacet
facet normal -0 0 1
  outer loop
    vertex 103.5917269524375 52.27100443250389 8
    vertex 105.1922215976334 51.27683247250191 8
    vertex 105.1926787585638 53.22836811594307 8
  endloop
endfacet
facet normal 0 0 1
  outer loop
    vertex 103.5917269524379 77.59971737642296 8
    vertex 105.1927999409768 78.59836461839575 8
    vertex 103.5917269524381 79.54807991057052 8
  endloop
endfacet
facet normal 0 0 1
  outer loop
    vertex 103.5917269524374 48.37427936420864 8
    vertex 105.192799940738 49.32399465716886 8
    vertex 103.5917269524374 50.32264189835627 8
  endloop
endfacet
facet normal 0 -0 1
  outer loop
    vertex 105.1922215990628 76.64552680699873 8
    vertex 105.1927999409768 78.59836461839575 8
    vertex 103.5917269524379 77.59971737642296 8
  endloop
endfacet
facet normal -0 0 1
  outer loop
    vertex 103.5917269524374 50.32264189835627 8
    vertex 105.192799940738 49.32399465716886 8
    vertex 105.1922215976334 51.27683247250191 8
  endloop
endfacet
facet normal 0 0 1
  outer loop
    vertex 111.5446652835641 92.24311836174309 8
    vertex 110.9863110547413 92.5810280293462 8
    vertex 110.8285243127863 91.94671865321041 8
  endloop
endfacet
facet normal 0 0 1
  outer loop
    vertex 110.8285243127873 35.97564062157431 8
    vertex 110.9889543946473 35.33737891015025 8
    vertex 111.5446652835647 35.67924091304262 8
  endloop
endfacet
facet normal 0 -0 1
  outer loop
    vertex 103.5576225294054 81.42980350924284 8
    vertex 103.5656661522558 83.12386333158278 8
    vertex 101.9043955020845 82.47062371179202 8
  endloop
endfacet
facet normal -0 0 1
  outer loop
    vertex 101.9043955020837 45.45173556298724 8
    vertex 103.5663026571968 44.79698462408425 8
    vertex 103.5576225294043 46.49255576553576 8
  endloop
endfacet
facet normal 0 0 1
  outer loop
    vertex 110.3661423047511 92.78515888982608 8
    vertex 109.5207031061296 92.57109346093665 8
    vertex 109.6259098963415 91.87698886084553 8
  endloop
endfacet
facet normal 0 0 1
  outer loop
    vertex 106.7990875792474 42.44193081459187 8
    vertex 105.1288701588902 43.33081620776873 8
    vertex 105.405662310404 41.60035150621871 8
  endloop
endfacet
facet normal 0 0 1
  outer loop
    vertex 105.5284364780505 86.45857613394693 8
    vertex 105.1141989745718 84.55670776602712 8
    vertex 106.7990875792482 85.48042846018349 8
  endloop
endfacet
facet normal 0 0 1
  outer loop
    vertex 105.1141989745718 84.55670776602712 8
    vertex 104.2320146363017 85.76435346667134 8
    vertex 103.4408485500908 84.71426611394898 8
  endloop
endfacet
facet normal -0 0 1
  outer loop
    vertex 103.44084855009 43.20809316082887 8
    vertex 104.152477783735 42.18279454619575 8
    vertex 105.1288701588902 43.33081620776873 8
  endloop
endfacet
facet normal -0 0 1
  outer loop
    vertex 110.3661423047511 92.78515888982608 8
    vertex 110.9863110547413 92.5810280293462 8
    vertex 111.2719236110278 93.20495365386019 8
  endloop
endfacet
facet normal 0 0 1
  outer loop
    vertex 111.2719236110322 34.71740562092499 8
    vertex 110.9889543946473 35.33737891015025 8
    vertex 110.3951556035474 35.09381955283743 8
  endloop
endfacet
facet normal 0 0 1
  outer loop
    vertex 107.2457830599381 90.89585646716512 8
    vertex 107.1267092373268 89.29516037852184 8
    vertex 108.3300685869893 89.39979495436081 8
  endloop
endfacet
facet normal 0 0 1
  outer loop
    vertex 108.3300685869898 38.52256432041695 8
    vertex 107.1235186728757 38.62971550965622 8
    vertex 107.2457830599389 37.02650280761407 8
  endloop
endfacet
facet normal 0 0 1
  outer loop
    vertex 103.5576225294043 46.49255576553576 8
    vertex 103.5663026571968 44.79698462408425 8
    vertex 105.1859706698771 45.45272435017644 8
  endloop
endfacet
facet normal 0 0 1
  outer loop
    vertex 105.185970669878 82.4696349246004 8
    vertex 103.5656661522558 83.12386333158278 8
    vertex 103.5576225294054 81.42980350924284 8
  endloop
endfacet
facet normal -0 0 1
  outer loop
    vertex 106.0460516920882 89.61901874758355 8
    vertex 107.1267092373268 89.29516037852184 8
    vertex 107.2457830599381 90.89585646716512 8
  endloop
endfacet
facet normal 0 0 1
  outer loop
    vertex 107.2457830599389 37.02650280761407 8
    vertex 107.1235186728757 38.62971550965622 8
    vertex 106.0460516920885 38.30334052719556 8
  endloop
endfacet
facet normal 0 0 1
  outer loop
    vertex 105.1288701588902 43.33081620776873 8
    vertex 104.152477783735 42.18279454619575 8
    vertex 105.405662310404 41.60035150621871 8
  endloop
endfacet
facet normal 0 0 1
  outer loop
    vertex 105.5284364780505 86.45857613394693 8
    vertex 104.2320146363017 85.76435346667134 8
    vertex 105.1141989745718 84.55670776602712 8
  endloop
endfacet
facet normal -0 0 1
  outer loop
    vertex 104.8463203242383 88.34218102800197 8
    vertex 106.0941160672487 87.72312229231323 8
    vertex 106.35675145502 88.49161533849168 8
  endloop
endfacet
facet normal 0 0 1
  outer loop
    vertex 106.0460516920885 38.30334052719556 8
    vertex 107.1235186728757 38.62971550965622 8
    vertex 106.2954670930283 39.47908304651949 8
  endloop
endfacet
facet normal 0 -0 1
  outer loop
    vertex 106.35675145502 88.49161533849168 8
    vertex 107.1267092373268 89.29516037852184 8
    vertex 106.0460516920882 89.61901874758355 8
  endloop
endfacet
facet normal 0 0 1
  outer loop
    vertex 109.6452457956378 93.44953190632826 8
    vertex 109.5207031061296 92.57109346093665 8
    vertex 110.3661423047511 92.78515888982608 8
  endloop
endfacet
facet normal 0 0 1
  outer loop
    vertex 109.6259098963415 91.87698886084553 8
    vertex 109.5207031061296 92.57109346093665 8
    vertex 108.4455144277879 92.1726941867467 8
  endloop
endfacet
facet normal 0 0 1
  outer loop
    vertex 106.2954670930283 39.47908304651949 8
    vertex 105.7603270508276 40.4506318945945 8
    vertex 104.8463203242381 39.58017824677706 8
  endloop
endfacet
facet normal 0 0 1
  outer loop
    vertex 106.8721501886272 87.80923565486071 8
    vertex 106.0941160672487 87.72312229231323 8
    vertex 106.7990875792482 87.43672380771038 8
  endloop
endfacet
facet normal 0 0 1
  outer loop
    vertex 112.2603887844074 35.97991461951947 8
    vertex 111.5446652835647 35.67924091304262 8
    vertex 111.9588110898045 35.67833692490728 8
  endloop
endfacet
facet normal 0 0 1
  outer loop
    vertex 112.2603887844076 91.94244465526586 8
    vertex 111.9588110898013 92.244022349874 8
    vertex 111.5446652835641 92.24311836174309 8
  endloop
endfacet
facet normal 0 0 1
  outer loop
    vertex 108.4455144277879 92.1726941867467 8
    vertex 109.5207031061296 92.57109346093665 8
    vertex 109.6452457956378 93.44953190632826 8
  endloop
endfacet
facet normal 0 0 1
  outer loop
    vertex 111.9588110898045 35.67833692490728 8
    vertex 111.5446652835647 35.67924091304262 8
    vertex 111.2719236110322 34.71740562092499 8
  endloop
endfacet
facet normal 0 -0 1
  outer loop
    vertex 111.5446652835641 92.24311836174309 8
    vertex 111.9588110898013 92.244022349874 8
    vertex 111.2719236110278 93.20495365386019 8
  endloop
endfacet
facet normal 0 0 1
  outer loop
    vertex 110.3951556035474 35.09381955283743 8
    vertex 109.6656947311986 35.95760505742755 8
    vertex 109.6452457956397 34.47282736845107 8
  endloop
endfacet
facet normal 0 0 -1
  outer loop
    vertex 104.1589109827807 44.42786240363118 7.3
    vertex 104.4298850427009 46.12434852842886 7.3
    vertex 105.9785800917483 44.26438444388805 7.3
  endloop
endfacet
facet normal 0 0 -1
  outer loop
    vertex 105.9818878997308 83.65578002702692 7.3
    vertex 104.4298850427015 81.79801074635026 7.3
    vertex 104.1614554504598 83.49280856048343 7.3
  endloop
endfacet
facet normal -0 0 -1
  outer loop
    vertex 106.1972689236305 46.56758946956556 7.3
    vertex 104.4298850427009 46.12434852842886 7.3
    vertex 104.6916281512768 48.29158214997505 7.3
  endloop
endfacet
facet normal 0 0 -1
  outer loop
    vertex 104.6916281512772 79.63077712480302 7.3
    vertex 104.4298850427015 81.79801074635026 7.3
    vertex 106.1972689236307 81.35476980521206 7.3
  endloop
endfacet
facet normal 0 0 -1
  outer loop
    vertex 105.7086524454903 42.43818880437026 7.3
    vertex 104.8071831604618 43.22765743407433 7.3
    vertex 105.9785800917483 44.26438444388805 7.3
  endloop
endfacet
facet normal 0 0 -1
  outer loop
    vertex 105.9818878997308 83.65578002702692 7.3
    vertex 104.8099905564674 84.69283907127165 7.3
    vertex 105.7111969131688 85.48248215974414 7.3
  endloop
endfacet
facet normal 0 0 -1
  outer loop
    vertex 104.6916281512768 48.29158214997505 7.3
    vertex 106.4663823406619 48.26457518974576 7.3
    vertex 106.1972689236305 46.56758946956556 7.3
  endloop
endfacet
facet normal 0 -0 -1
  outer loop
    vertex 106.1972689236307 81.35476980521206 7.3
    vertex 106.4663823406622 79.65778408503159 7.3
    vertex 104.6916281512772 79.63077712480302 7.3
  endloop
endfacet
facet normal 0 0 -1
  outer loop
    vertex 105.7111969131688 85.48248215974414 7.3
    vertex 106.8811677148162 85.4764917354679 7.3
    vertex 105.9818878997308 83.65578002702692 7.3
  endloop
endfacet
facet normal 0 -0 -1
  outer loop
    vertex 105.9785800917483 44.26438444388805 7.3
    vertex 106.8808630357417 42.44566537799597 7.3
    vertex 105.7086524454903 42.43818880437026 7.3
  endloop
endfacet
facet normal 0 0 -1
  outer loop
    vertex 105.9785800917483 44.26438444388805 7.3
    vertex 104.4298850427009 46.12434852842886 7.3
    vertex 106.1972689236305 46.56758946956556 7.3
  endloop
endfacet
facet normal 0 0 -1
  outer loop
    vertex 106.1972689236307 81.35476980521206 7.3
    vertex 104.4298850427015 81.79801074635026 7.3
    vertex 105.9818878997308 83.65578002702692 7.3
  endloop
endfacet
facet normal 0 0 -1
  outer loop
    vertex 104.1589109827807 44.42786240363118 7.3
    vertex 103.8510088071888 43.41472147987582 7.3
    vertex 102.9043955020836 43.50337302883879 7.3
  endloop
endfacet
facet normal 0 0 -1
  outer loop
    vertex 102.904395502084 84.41898624593961 7.3
    vertex 103.8564030786679 84.50405857629546 7.3
    vertex 104.1614554504598 83.49280856048343 7.3
  endloop
endfacet
facet normal 0 0 -1
  outer loop
    vertex 102.904395502084 84.41898624593961 7.3
    vertex 104.1614554504598 83.49280856048343 7.3
    vertex 102.9043955020845 82.47062371179194 7.3
  endloop
endfacet
facet normal 0 -0 -1
  outer loop
    vertex 102.9043955020837 45.45173556298645 7.3
    vertex 104.1589109827807 44.42786240363118 7.3
    vertex 102.9043955020836 43.50337302883879 7.3
  endloop
endfacet
facet normal 0 0 -1
  outer loop
    vertex 106.0933940665763 50.17422311564903 7.3
    vertex 104.2371080348916 50.2764186989677 7.3
    vertex 104.5917269524375 52.2710044325032 7.3
  endloop
endfacet
facet normal 0 0 -1
  outer loop
    vertex 104.591726952438 75.65135484227511 7.3
    vertex 104.237108034892 77.64594057581037 7.3
    vertex 106.0933940665763 77.74813615912812 7.3
  endloop
endfacet
facet normal 0 0 -1
  outer loop
    vertex 104.5917269524375 52.2710044325032 7.3
    vertex 106.475338048817 52.16923155293295 7.3
    vertex 106.0933940665763 50.17422311564903 7.3
  endloop
endfacet
facet normal 0 -0 -1
  outer loop
    vertex 106.0933940665763 77.74813615912812 7.3
    vertex 106.4753380488171 75.75312772184442 7.3
    vertex 104.591726952438 75.65135484227511 7.3
  endloop
endfacet
facet normal 0 0 -1
  outer loop
    vertex 106.0933940665763 54.11335355043176 7.3
    vertex 104.2171277951238 54.19816428340707 7.3
    vertex 104.5917269524376 56.16772950079853 7.3
  endloop
endfacet
facet normal 0 0 -1
  outer loop
    vertex 104.5917269524379 71.7546297739798 7.3
    vertex 104.2171277951241 73.72419499137106 7.3
    vertex 106.0933940665763 73.80900572434538 7.3
  endloop
endfacet
facet normal 0 0 -1
  outer loop
    vertex 104.5917269524376 56.16772950079853 7.3
    vertex 106.475338048817 56.09988091441819 7.3
    vertex 106.0933940665763 54.11335355043176 7.3
  endloop
endfacet
facet normal 0 -0 -1
  outer loop
    vertex 106.0933940665763 73.80900572434538 7.3
    vertex 106.475338048817 71.82247836035918 7.3
    vertex 104.5917269524379 71.7546297739798 7.3
  endloop
endfacet
facet normal 0 0 -1
  outer loop
    vertex 104.2140446109981 85.20349974781726 7.3
    vertex 104.8111302600806 85.65718798501233 7.3
    vertex 104.8099905564674 84.69283907127165 7.3
  endloop
endfacet
facet normal 0 -0 -1
  outer loop
    vertex 104.8071831604618 43.22765743407433 7.3
    vertex 104.8094492151012 42.2640558791876 7.3
    vertex 104.2109912497837 42.71683355416504 7.3
  endloop
endfacet
facet normal 0 0 -1
  outer loop
    vertex 104.5917269524377 60.06445456909387 7.3
    vertex 106.475338048817 60.03053027590344 7.3
    vertex 106.0933940665763 58.05248398521447 7.3
  endloop
endfacet
facet normal 0 -0 -1
  outer loop
    vertex 106.0933940665763 69.86987528956267 7.3
    vertex 106.475338048817 67.89182899887393 7.3
    vertex 104.5917269524378 67.85790470568449 7.3
  endloop
endfacet
facet normal 0 0 -1
  outer loop
    vertex 106.0933940665763 58.05248398521447 7.3
    vertex 104.2171277951239 58.10337042499987 7.3
    vertex 104.5917269524377 60.06445456909387 7.3
  endloop
endfacet
facet normal 0 0 -1
  outer loop
    vertex 104.5917269524378 67.85790470568449 7.3
    vertex 104.2171277951241 69.81898884977826 7.3
    vertex 106.0933940665763 69.86987528956267 7.3
  endloop
endfacet
facet normal -0 0 -1
  outer loop
    vertex 105.7086524454903 42.43818880437026 7.3
    vertex 104.8094492151012 42.2640558791876 7.3
    vertex 104.8071831604618 43.22765743407433 7.3
  endloop
endfacet
facet normal 0 0 -1
  outer loop
    vertex 104.8099905564674 84.69283907127165 7.3
    vertex 104.8111302600806 85.65718798501233 7.3
    vertex 105.7111969131688 85.48248215974414 7.3
  endloop
endfacet
facet normal 0 0 -1
  outer loop
    vertex 104.5917269524378 63.96117963738917 7.3
    vertex 106.475338048817 63.96117963738869 7.3
    vertex 106.0933940665763 61.99161441999721 7.3
  endloop
endfacet
facet normal 0 -0 -1
  outer loop
    vertex 106.0933940665763 65.93074485477993 7.3
    vertex 106.475338048817 63.96117963738869 7.3
    vertex 104.5917269524378 63.96117963738917 7.3
  endloop
endfacet
facet normal 0 0 -1
  outer loop
    vertex 106.0933940665763 61.99161441999721 7.3
    vertex 104.217127795124 62.00857656659267 7.3
    vertex 104.5917269524378 63.96117963738917 7.3
  endloop
endfacet
facet normal 0 0 -1
  outer loop
    vertex 104.5917269524378 63.96117963738917 7.3
    vertex 104.217127795124 65.91378270818547 7.3
    vertex 106.0933940665763 65.93074485477993 7.3
  endloop
endfacet
facet normal 0 0 -1
  outer loop
    vertex 104.5917269524378 67.85790470568449 7.3
    vertex 106.475338048817 67.89182899887393 7.3
    vertex 106.0933940665763 65.93074485477993 7.3
  endloop
endfacet
facet normal 0 -0 -1
  outer loop
    vertex 106.0933940665763 61.99161441999721 7.3
    vertex 106.475338048817 60.03053027590344 7.3
    vertex 104.5917269524377 60.06445456909387 7.3
  endloop
endfacet
facet normal -0 0 -1
  outer loop
    vertex 106.0933940665763 65.93074485477993 7.3
    vertex 104.217127795124 65.91378270818547 7.3
    vertex 104.5917269524378 67.85790470568449 7.3
  endloop
endfacet
facet normal 0 0 -1
  outer loop
    vertex 104.5917269524377 60.06445456909387 7.3
    vertex 104.217127795124 62.00857656659267 7.3
    vertex 106.0933940665763 61.99161441999721 7.3
  endloop
endfacet
facet normal 0 0 -1
  outer loop
    vertex 104.5917269524379 71.7546297739798 7.3
    vertex 106.475338048817 71.82247836035918 7.3
    vertex 106.0933940665763 69.86987528956267 7.3
  endloop
endfacet
facet normal 0 -0 -1
  outer loop
    vertex 106.0933940665763 58.05248398521447 7.3
    vertex 106.475338048817 56.09988091441819 7.3
    vertex 104.5917269524376 56.16772950079853 7.3
  endloop
endfacet
facet normal -0 0 -1
  outer loop
    vertex 106.0933940665763 69.86987528956267 7.3
    vertex 104.2171277951241 69.81898884977826 7.3
    vertex 104.5917269524379 71.7546297739798 7.3
  endloop
endfacet
facet normal 0 0 -1
  outer loop
    vertex 104.5917269524376 56.16772950079853 7.3
    vertex 104.2171277951239 58.10337042499987 7.3
    vertex 106.0933940665763 58.05248398521447 7.3
  endloop
endfacet
facet normal 0 0 -1
  outer loop
    vertex 102.9043955020844 80.5222611776443 7.3
    vertex 104.4298850427015 81.79801074635026 7.3
    vertex 104.6916281512772 79.63077712480302 7.3
  endloop
endfacet
facet normal 0 0 -1
  outer loop
    vertex 104.6916281512768 48.29158214997505 7.3
    vertex 104.4298850427009 46.12434852842886 7.3
    vertex 102.9043955020837 47.40009809713411 7.3
  endloop
endfacet
facet normal 0 0 -1
  outer loop
    vertex 106.4118408337591 86.61117963738936 7.3
    vertex 105.7111969131688 85.48248215974414 7.3
    vertex 105.0245940882707 86.61117963738926 7.3
  endloop
endfacet
facet normal 0 0 -1
  outer loop
    vertex 105.0245940882713 41.31117963738924 7.3
    vertex 105.7086524454903 42.43818880437026 7.3
    vertex 106.4118408337594 41.31117963738936 7.3
  endloop
endfacet
facet normal 0 0 -1
  outer loop
    vertex 104.591726952438 75.65135484227511 7.3
    vertex 106.4753380488171 75.75312772184442 7.3
    vertex 106.0933940665763 73.80900572434538 7.3
  endloop
endfacet
facet normal 0 -0 -1
  outer loop
    vertex 106.0933940665763 54.11335355043176 7.3
    vertex 106.475338048817 52.16923155293295 7.3
    vertex 104.5917269524375 52.2710044325032 7.3
  endloop
endfacet
facet normal -0 0 -1
  outer loop
    vertex 106.0933940665763 73.80900572434538 7.3
    vertex 104.2171277951241 73.72419499137106 7.3
    vertex 104.591726952438 75.65135484227511 7.3
  endloop
endfacet
facet normal 0 0 -1
  outer loop
    vertex 104.5917269524375 52.2710044325032 7.3
    vertex 104.2171277951238 54.19816428340707 7.3
    vertex 106.0933940665763 54.11335355043176 7.3
  endloop
endfacet
facet normal 0 0 -1
  outer loop
    vertex 104.6916281512772 79.63077712480302 7.3
    vertex 106.4663823406622 79.65778408503159 7.3
    vertex 106.0933940665763 77.74813615912812 7.3
  endloop
endfacet
facet normal 0 -0 -1
  outer loop
    vertex 106.0933940665763 50.17422311564903 7.3
    vertex 106.4663823406619 48.26457518974576 7.3
    vertex 104.6916281512768 48.29158214997505 7.3
  endloop
endfacet
facet normal -0 0 -1
  outer loop
    vertex 106.0933940665763 77.74813615912812 7.3
    vertex 104.237108034892 77.64594057581037 7.3
    vertex 104.6916281512772 79.63077712480302 7.3
  endloop
endfacet
facet normal 0 0 -1
  outer loop
    vertex 104.6916281512768 48.29158214997505 7.3
    vertex 104.2371080348916 50.2764186989677 7.3
    vertex 106.0933940665763 50.17422311564903 7.3
  endloop
endfacet
facet normal 0 0 -1
  outer loop
    vertex 104.1614554504598 83.49280856048343 7.3
    vertex 104.8099905564674 84.69283907127165 7.3
    vertex 105.9818878997308 83.65578002702692 7.3
  endloop
endfacet
facet normal -0 0 -1
  outer loop
    vertex 105.9785800917483 44.26438444388805 7.3
    vertex 104.8071831604618 43.22765743407433 7.3
    vertex 104.1589109827807 44.42786240363118 7.3
  endloop
endfacet
facet normal 0 0 -1
  outer loop
    vertex 106.1972689236307 81.35476980521206 7.3
    vertex 105.9818878997308 83.65578002702692 7.3
    vertex 107.7990875792474 82.67204920260653 7.3
  endloop
endfacet
facet normal -0 0 -1
  outer loop
    vertex 107.7990875792474 45.25031007217061 7.3
    vertex 105.9785800917483 44.26438444388805 7.3
    vertex 106.1972689236305 46.56758946956556 7.3
  endloop
endfacet
facet normal 0 0 -1
  outer loop
    vertex 107.7990875792474 41.31117963738788 7.3
    vertex 106.8808630357417 42.44566537799597 7.3
    vertex 107.7990875792474 43.28074485477924 7.3
  endloop
endfacet
facet normal 0 0 -1
  outer loop
    vertex 107.7990875792474 84.64161441999789 7.3
    vertex 106.8811677148162 85.4764917354679 7.3
    vertex 107.7990875792474 86.61117963738926 7.3
  endloop
endfacet
facet normal 0 0 -1
  outer loop
    vertex 107.7990875792474 80.70248398521517 7.3
    vertex 106.1972689236307 81.35476980521206 7.3
    vertex 107.7990875792474 82.67204920260653 7.3
  endloop
endfacet
facet normal 0 0 -1
  outer loop
    vertex 107.7990875792474 45.25031007217061 7.3
    vertex 106.1972689236305 46.56758946956556 7.3
    vertex 107.7990875792474 47.21987528956197 7.3
  endloop
endfacet
facet normal 0 0 -1
  outer loop
    vertex 107.7990875792474 82.67204920260653 7.3
    vertex 105.9818878997308 83.65578002702692 7.3
    vertex 107.7990875792474 84.64161441999789 7.3
  endloop
endfacet
facet normal 0 0 -1
  outer loop
    vertex 107.7990875792474 43.28074485477924 7.3
    vertex 105.9785800917483 44.26438444388805 7.3
    vertex 107.7990875792474 45.25031007217061 7.3
  endloop
endfacet
facet normal 0 0 -1
  outer loop
    vertex 105.9818878997308 83.65578002702692 7.3
    vertex 106.8811677148162 85.4764917354679 7.3
    vertex 107.7990875792474 84.64161441999789 7.3
  endloop
endfacet
facet normal -0 0 -1
  outer loop
    vertex 107.7990875792474 43.28074485477924 7.3
    vertex 106.8808630357417 42.44566537799597 7.3
    vertex 105.9785800917483 44.26438444388805 7.3
  endloop
endfacet
facet normal 0 0 -1
  outer loop
    vertex 107.7990875792474 76.76335355043244 7.3
    vertex 106.0933940665763 77.74813615912812 7.3
    vertex 107.7990875792474 78.7329187678238 7.3
  endloop
endfacet
facet normal 0 0 -1
  outer loop
    vertex 107.7990875792474 64.94596224608425 7.3
    vertex 106.0933940665763 65.93074485477993 7.3
    vertex 107.7990875792474 66.91552746347561 7.3
  endloop
endfacet
facet normal 0 0 -1
  outer loop
    vertex 107.7990875792474 68.88509268086698 7.3
    vertex 106.0933940665763 69.86987528956267 7.3
    vertex 107.7990875792474 70.85465789825835 7.3
  endloop
endfacet
facet normal 0 0 -1
  outer loop
    vertex 107.7990875792474 72.82422311564972 7.3
    vertex 106.0933940665763 73.80900572434538 7.3
    vertex 107.7990875792474 74.79378833304108 7.3
  endloop
endfacet
facet normal 0 0 -1
  outer loop
    vertex 107.7990875792474 49.18944050695334 7.3
    vertex 106.0933940665763 50.17422311564903 7.3
    vertex 107.7990875792474 51.1590057243447 7.3
  endloop
endfacet
facet normal 0 0 -1
  outer loop
    vertex 107.7990875792474 53.12857094173606 7.3
    vertex 106.0933940665763 54.11335355043176 7.3
    vertex 107.7990875792474 55.09813615912743 7.3
  endloop
endfacet
facet normal 0 0 -1
  outer loop
    vertex 107.7990875792474 57.0677013765188 7.3
    vertex 106.0933940665763 58.05248398521447 7.3
    vertex 107.7990875792474 59.03726659391016 7.3
  endloop
endfacet
facet normal 0 0 -1
  outer loop
    vertex 107.7990875792474 61.00683181130152 7.3
    vertex 106.0933940665763 61.99161441999721 7.3
    vertex 107.7990875792474 62.97639702869289 7.3
  endloop
endfacet
facet normal 0 -0 -1
  outer loop
    vertex 102.9043955020842 68.83208597275835 7.3
    vertex 104.5917269524378 67.85790470568449 7.3
    vertex 102.9043955020841 66.88372343861069 7.3
  endloop
endfacet
facet normal 0 -0 -1
  outer loop
    vertex 102.9043955020841 64.93536090446304 7.3
    vertex 104.5917269524378 63.96117963738917 7.3
    vertex 102.904395502084 62.98699837031538 7.3
  endloop
endfacet
facet normal 0 -0 -1
  outer loop
    vertex 102.9043955020843 72.72881104105366 7.3
    vertex 104.5917269524379 71.7546297739798 7.3
    vertex 102.9043955020842 70.780448506906 7.3
  endloop
endfacet
facet normal 0 -0 -1
  outer loop
    vertex 102.9043955020844 80.5222611776443 7.3
    vertex 104.6916281512772 79.63077712480302 7.3
    vertex 102.9043955020844 78.57389864349663 7.3
  endloop
endfacet
facet normal 0 -0 -1
  outer loop
    vertex 102.9043955020843 76.62553610934899 7.3
    vertex 104.591726952438 75.65135484227511 7.3
    vertex 102.9043955020843 74.67717357520132 7.3
  endloop
endfacet
facet normal 0 -0 -1
  outer loop
    vertex 102.9043955020838 49.34846063128177 7.3
    vertex 104.6916281512768 48.29158214997505 7.3
    vertex 102.9043955020837 47.40009809713411 7.3
  endloop
endfacet
facet normal 0 -0 -1
  outer loop
    vertex 102.9043955020838 53.24518569957709 7.3
    vertex 104.5917269524375 52.2710044325032 7.3
    vertex 102.9043955020838 51.29682316542942 7.3
  endloop
endfacet
facet normal 0 -0 -1
  outer loop
    vertex 102.9043955020839 57.1419107678724 7.3
    vertex 104.5917269524376 56.16772950079853 7.3
    vertex 102.9043955020839 55.19354823372474 7.3
  endloop
endfacet
facet normal 0 -0 -1
  outer loop
    vertex 102.904395502084 61.03863583616771 7.3
    vertex 104.5917269524377 60.06445456909387 7.3
    vertex 102.904395502084 59.09027330202006 7.3
  endloop
endfacet
facet normal 0 0 -1
  outer loop
    vertex 106.1972689236305 46.56758946956556 7.3
    vertex 106.4663823406619 48.26457518974576 7.3
    vertex 107.7990875792474 47.21987528956197 7.3
  endloop
endfacet
facet normal -0 0 -1
  outer loop
    vertex 107.7990875792474 80.70248398521517 7.3
    vertex 106.4663823406622 79.65778408503159 7.3
    vertex 106.1972689236307 81.35476980521206 7.3
  endloop
endfacet
facet normal 0 -0 -1
  outer loop
    vertex 102.9043955020845 82.47062371179194 7.3
    vertex 104.4298850427015 81.79801074635026 7.3
    vertex 102.9043955020844 80.5222611776443 7.3
  endloop
endfacet
facet normal 0 -0 -1
  outer loop
    vertex 102.9043955020837 47.40009809713411 7.3
    vertex 104.4298850427009 46.12434852842886 7.3
    vertex 102.9043955020837 45.45173556298645 7.3
  endloop
endfacet
facet normal 0 0 -1
  outer loop
    vertex 104.2109912497837 42.71683355416504 7.3
    vertex 104.8094492151012 42.2640558791876 7.3
    vertex 104.2958251314985 41.62641996593916 7.3
  endloop
endfacet
facet normal 0 -0 -1
  outer loop
    vertex 104.2958251314981 86.29593930883935 7.3
    vertex 104.8111302600806 85.65718798501233 7.3
    vertex 104.2140446109981 85.20349974781726 7.3
  endloop
endfacet
facet normal -0 0 -1
  outer loop
    vertex 107.7990875792474 49.18944050695334 7.3
    vertex 106.4663823406619 48.26457518974576 7.3
    vertex 106.0933940665763 50.17422311564903 7.3
  endloop
endfacet
facet normal 0 0 -1
  outer loop
    vertex 106.0933940665763 77.74813615912812 7.3
    vertex 106.4663823406622 79.65778408503159 7.3
    vertex 107.7990875792474 78.7329187678238 7.3
  endloop
endfacet
facet normal -0 0 -1
  outer loop
    vertex 107.7990875792474 53.12857094173606 7.3
    vertex 106.475338048817 52.16923155293295 7.3
    vertex 106.0933940665763 54.11335355043176 7.3
  endloop
endfacet
facet normal 0 0 -1
  outer loop
    vertex 106.0933940665763 50.17422311564903 7.3
    vertex 106.475338048817 52.16923155293295 7.3
    vertex 107.7990875792474 51.1590057243447 7.3
  endloop
endfacet
facet normal -0 0 -1
  outer loop
    vertex 107.7990875792474 76.76335355043244 7.3
    vertex 106.4753380488171 75.75312772184442 7.3
    vertex 106.0933940665763 77.74813615912812 7.3
  endloop
endfacet
facet normal 0 0 -1
  outer loop
    vertex 106.0933940665763 73.80900572434538 7.3
    vertex 106.4753380488171 75.75312772184442 7.3
    vertex 107.7990875792474 74.79378833304108 7.3
  endloop
endfacet
facet normal 0 0 -1
  outer loop
    vertex 106.0933940665763 54.11335355043176 7.3
    vertex 106.475338048817 56.09988091441819 7.3
    vertex 107.7990875792474 55.09813615912743 7.3
  endloop
endfacet
facet normal -0 0 -1
  outer loop
    vertex 107.7990875792474 57.0677013765188 7.3
    vertex 106.475338048817 56.09988091441819 7.3
    vertex 106.0933940665763 58.05248398521447 7.3
  endloop
endfacet
facet normal -0 0 -1
  outer loop
    vertex 107.7990875792474 72.82422311564972 7.3
    vertex 106.475338048817 71.82247836035918 7.3
    vertex 106.0933940665763 73.80900572434538 7.3
  endloop
endfacet
facet normal 0 0 -1
  outer loop
    vertex 106.0933940665763 69.86987528956267 7.3
    vertex 106.475338048817 71.82247836035918 7.3
    vertex 107.7990875792474 70.85465789825835 7.3
  endloop
endfacet
facet normal -0 0 -1
  outer loop
    vertex 107.7990875792474 61.00683181130152 7.3
    vertex 106.475338048817 60.03053027590344 7.3
    vertex 106.0933940665763 61.99161441999721 7.3
  endloop
endfacet
facet normal 0 0 -1
  outer loop
    vertex 106.0933940665763 58.05248398521447 7.3
    vertex 106.475338048817 60.03053027590344 7.3
    vertex 107.7990875792474 59.03726659391016 7.3
  endloop
endfacet
facet normal -0 0 -1
  outer loop
    vertex 107.7990875792474 68.88509268086698 7.3
    vertex 106.475338048817 67.89182899887393 7.3
    vertex 106.0933940665763 69.86987528956267 7.3
  endloop
endfacet
facet normal 0 0 -1
  outer loop
    vertex 106.0933940665763 65.93074485477993 7.3
    vertex 106.475338048817 67.89182899887393 7.3
    vertex 107.7990875792474 66.91552746347561 7.3
  endloop
endfacet
facet normal -0 0 -1
  outer loop
    vertex 107.7990875792474 64.94596224608425 7.3
    vertex 106.475338048817 63.96117963738869 7.3
    vertex 106.0933940665763 65.93074485477993 7.3
  endloop
endfacet
facet normal 0 0 -1
  outer loop
    vertex 106.0933940665763 61.99161441999721 7.3
    vertex 106.475338048817 63.96117963738869 7.3
    vertex 107.7990875792474 62.97639702869289 7.3
  endloop
endfacet
facet normal 0 0 -1
  outer loop
    vertex 102.9043955020838 49.34846063128177 7.3
    vertex 104.2371080348916 50.2764186989677 7.3
    vertex 104.6916281512768 48.29158214997505 7.3
  endloop
endfacet
facet normal 0 0 -1
  outer loop
    vertex 104.5917269524375 52.2710044325032 7.3
    vertex 104.2371080348916 50.2764186989677 7.3
    vertex 102.9043955020838 51.29682316542942 7.3
  endloop
endfacet
facet normal 0 0 -1
  outer loop
    vertex 102.9043955020843 76.62553610934899 7.3
    vertex 104.237108034892 77.64594057581037 7.3
    vertex 104.591726952438 75.65135484227511 7.3
  endloop
endfacet
facet normal 0 0 -1
  outer loop
    vertex 104.6916281512772 79.63077712480302 7.3
    vertex 104.237108034892 77.64594057581037 7.3
    vertex 102.9043955020844 78.57389864349663 7.3
  endloop
endfacet
facet normal 0 0 -1
  outer loop
    vertex 102.9043955020838 53.24518569957709 7.3
    vertex 104.2171277951238 54.19816428340707 7.3
    vertex 104.5917269524375 52.2710044325032 7.3
  endloop
endfacet
facet normal 0 0 -1
  outer loop
    vertex 104.5917269524376 56.16772950079853 7.3
    vertex 104.2171277951238 54.19816428340707 7.3
    vertex 102.9043955020839 55.19354823372474 7.3
  endloop
endfacet
facet normal 0 0 -1
  outer loop
    vertex 104.591726952438 75.65135484227511 7.3
    vertex 104.2171277951241 73.72419499137106 7.3
    vertex 102.9043955020843 74.67717357520132 7.3
  endloop
endfacet
facet normal 0 0 -1
  outer loop
    vertex 102.9043955020843 72.72881104105366 7.3
    vertex 104.2171277951241 73.72419499137106 7.3
    vertex 104.5917269524379 71.7546297739798 7.3
  endloop
endfacet
facet normal 0 0 -1
  outer loop
    vertex 104.5917269524377 60.06445456909387 7.3
    vertex 104.2171277951239 58.10337042499987 7.3
    vertex 102.904395502084 59.09027330202006 7.3
  endloop
endfacet
facet normal 0 0 -1
  outer loop
    vertex 104.5917269524379 71.7546297739798 7.3
    vertex 104.2171277951241 69.81898884977826 7.3
    vertex 102.9043955020842 70.780448506906 7.3
  endloop
endfacet
facet normal 0 0 -1
  outer loop
    vertex 102.9043955020839 57.1419107678724 7.3
    vertex 104.2171277951239 58.10337042499987 7.3
    vertex 104.5917269524376 56.16772950079853 7.3
  endloop
endfacet
facet normal 0 0 -1
  outer loop
    vertex 102.9043955020842 68.83208597275835 7.3
    vertex 104.2171277951241 69.81898884977826 7.3
    vertex 104.5917269524378 67.85790470568449 7.3
  endloop
endfacet
facet normal 0 0 -1
  outer loop
    vertex 104.5917269524378 67.85790470568449 7.3
    vertex 104.217127795124 65.91378270818547 7.3
    vertex 102.9043955020841 66.88372343861069 7.3
  endloop
endfacet
facet normal 0 0 -1
  outer loop
    vertex 104.5917269524378 63.96117963738917 7.3
    vertex 104.217127795124 62.00857656659267 7.3
    vertex 102.904395502084 62.98699837031538 7.3
  endloop
endfacet
facet normal 0 0 -1
  outer loop
    vertex 102.904395502084 61.03863583616771 7.3
    vertex 104.217127795124 62.00857656659267 7.3
    vertex 104.5917269524377 60.06445456909387 7.3
  endloop
endfacet
facet normal 0 0 -1
  outer loop
    vertex 102.9043955020841 64.93536090446304 7.3
    vertex 104.217127795124 65.91378270818547 7.3
    vertex 104.5917269524378 63.96117963738917 7.3
  endloop
endfacet
facet normal 0 0 -1
  outer loop
    vertex 104.2140446109981 85.20349974781726 7.3
    vertex 103.8564030786679 84.50405857629546 7.3
    vertex 103.1756265453105 85.10374591738945 7.3
  endloop
endfacet
facet normal 0 0 -1
  outer loop
    vertex 103.17562654531 42.81861335739013 7.3
    vertex 103.8510088071888 43.41472147987582 7.3
    vertex 104.2109912497837 42.71683355416504 7.3
  endloop
endfacet
facet normal 0 0 -1
  outer loop
    vertex 105.7111969131688 85.48248215974414 7.3
    vertex 104.8111302600806 85.65718798501233 7.3
    vertex 105.0245940882707 86.61117963738926 7.3
  endloop
endfacet
facet normal 0 0 -1
  outer loop
    vertex 105.0245940882713 41.31117963738924 7.3
    vertex 104.8094492151012 42.2640558791876 7.3
    vertex 105.7086524454903 42.43818880437026 7.3
  endloop
endfacet
facet normal 0 0 -1
  outer loop
    vertex 107.7990875792474 47.21987528956197 7.3
    vertex 106.4663823406619 48.26457518974576 7.3
    vertex 107.7990875792474 49.18944050695334 7.3
  endloop
endfacet
facet normal 0 0 -1
  outer loop
    vertex 107.7990875792474 78.7329187678238 7.3
    vertex 106.4663823406622 79.65778408503159 7.3
    vertex 107.7990875792474 80.70248398521517 7.3
  endloop
endfacet
facet normal 0 -0 -1
  outer loop
    vertex 102.9043955020838 51.29682316542942 7.3
    vertex 104.2371080348916 50.2764186989677 7.3
    vertex 102.9043955020838 49.34846063128177 7.3
  endloop
endfacet
facet normal 0 -0 -1
  outer loop
    vertex 102.9043955020844 78.57389864349663 7.3
    vertex 104.237108034892 77.64594057581037 7.3
    vertex 102.9043955020843 76.62553610934899 7.3
  endloop
endfacet
facet normal 0 0 -1
  outer loop
    vertex 107.7990875792474 51.1590057243447 7.3
    vertex 106.475338048817 52.16923155293295 7.3
    vertex 107.7990875792474 53.12857094173606 7.3
  endloop
endfacet
facet normal 0 0 -1
  outer loop
    vertex 107.7990875792474 74.79378833304108 7.3
    vertex 106.4753380488171 75.75312772184442 7.3
    vertex 107.7990875792474 76.76335355043244 7.3
  endloop
endfacet
facet normal 0 -0 -1
  outer loop
    vertex 102.9043955020839 55.19354823372474 7.3
    vertex 104.2171277951238 54.19816428340707 7.3
    vertex 102.9043955020838 53.24518569957709 7.3
  endloop
endfacet
facet normal 0 -0 -1
  outer loop
    vertex 102.9043955020843 74.67717357520132 7.3
    vertex 104.2171277951241 73.72419499137106 7.3
    vertex 102.9043955020843 72.72881104105366 7.3
  endloop
endfacet
facet normal 0 -0 -1
  outer loop
    vertex 102.904395502084 59.09027330202006 7.3
    vertex 104.2171277951239 58.10337042499987 7.3
    vertex 102.9043955020839 57.1419107678724 7.3
  endloop
endfacet
facet normal 0 -0 -1
  outer loop
    vertex 102.9043955020842 70.780448506906 7.3
    vertex 104.2171277951241 69.81898884977826 7.3
    vertex 102.9043955020842 68.83208597275835 7.3
  endloop
endfacet
facet normal 0 0 -1
  outer loop
    vertex 107.7990875792474 55.09813615912743 7.3
    vertex 106.475338048817 56.09988091441819 7.3
    vertex 107.7990875792474 57.0677013765188 7.3
  endloop
endfacet
facet normal 0 0 -1
  outer loop
    vertex 107.7990875792474 70.85465789825835 7.3
    vertex 106.475338048817 71.82247836035918 7.3
    vertex 107.7990875792474 72.82422311564972 7.3
  endloop
endfacet
facet normal 0 -0 -1
  outer loop
    vertex 102.9043955020841 66.88372343861069 7.3
    vertex 104.217127795124 65.91378270818547 7.3
    vertex 102.9043955020841 64.93536090446304 7.3
  endloop
endfacet
facet normal 0 -0 -1
  outer loop
    vertex 102.904395502084 62.98699837031538 7.3
    vertex 104.217127795124 62.00857656659267 7.3
    vertex 102.904395502084 61.03863583616771 7.3
  endloop
endfacet
facet normal 0 0 -1
  outer loop
    vertex 107.7990875792474 59.03726659391016 7.3
    vertex 106.475338048817 60.03053027590344 7.3
    vertex 107.7990875792474 61.00683181130152 7.3
  endloop
endfacet
facet normal 0 0 -1
  outer loop
    vertex 107.7990875792474 66.91552746347561 7.3
    vertex 106.475338048817 67.89182899887393 7.3
    vertex 107.7990875792474 68.88509268086698 7.3
  endloop
endfacet
facet normal 0 0 -1
  outer loop
    vertex 107.7990875792474 62.97639702869289 7.3
    vertex 106.475338048817 63.96117963738869 7.3
    vertex 107.7990875792474 64.94596224608425 7.3
  endloop
endfacet
facet normal 0 0 -1
  outer loop
    vertex 106.4118408337594 41.31117963738936 7.3
    vertex 106.8808630357417 42.44566537799597 7.3
    vertex 107.7990875792474 41.31117963738788 7.3
  endloop
endfacet
facet normal -0 0 -1
  outer loop
    vertex 107.7990875792474 86.61117963738926 7.3
    vertex 106.8811677148162 85.4764917354679 7.3
    vertex 106.4118408337591 86.61117963738936 7.3
  endloop
endfacet
facet normal 0 0 -1
  outer loop
    vertex 102.9043955020837 45.45173556298645 7.3
    vertex 104.4298850427009 46.12434852842886 7.3
    vertex 104.1589109827807 44.42786240363118 7.3
  endloop
endfacet
facet normal 0 -0 -1
  outer loop
    vertex 104.1614554504598 83.49280856048343 7.3
    vertex 104.4298850427015 81.79801074635026 7.3
    vertex 102.9043955020845 82.47062371179194 7.3
  endloop
endfacet
facet normal 0 0 -1
  outer loop
    vertex 105.0245940882707 86.61117963738926 7.3
    vertex 104.8111302600806 85.65718798501233 7.3
    vertex 104.2958251314981 86.29593930883935 7.3
  endloop
endfacet
facet normal 0 0 -1
  outer loop
    vertex 104.2958251314985 41.62641996593916 7.3
    vertex 104.8094492151012 42.2640558791876 7.3
    vertex 105.0245940882713 41.31117963738924 7.3
  endloop
endfacet
facet normal 0 -0 -1
  outer loop
    vertex 104.2140446109981 85.20349974781726 7.3
    vertex 104.8099905564674 84.69283907127165 7.3
    vertex 103.8564030786679 84.50405857629546 7.3
  endloop
endfacet
facet normal 0 0 -1
  outer loop
    vertex 103.8510088071888 43.41472147987582 7.3
    vertex 104.8071831604618 43.22765743407433 7.3
    vertex 104.2109912497837 42.71683355416504 7.3
  endloop
endfacet
facet normal 0 -0 -1
  outer loop
    vertex 103.1756265453105 85.10374591738945 7.3
    vertex 103.8564030786679 84.50405857629546 7.3
    vertex 102.904395502084 84.41898624593961 7.3
  endloop
endfacet
facet normal 0 0 -1
  outer loop
    vertex 102.9043955020836 43.50337302883879 7.3
    vertex 103.8510088071888 43.41472147987582 7.3
    vertex 103.17562654531 42.81861335739013 7.3
  endloop
endfacet
facet normal 0 -0 -1
  outer loop
    vertex 106.4118408337591 86.61117963738936 7.3
    vertex 106.8811677148162 85.4764917354679 7.3
    vertex 105.7111969131688 85.48248215974414 7.3
  endloop
endfacet
facet normal 0 0 -1
  outer loop
    vertex 105.7086524454903 42.43818880437026 7.3
    vertex 106.8808630357417 42.44566537799597 7.3
    vertex 106.4118408337594 41.31117963738936 7.3
  endloop
endfacet
facet normal 0 0 -1
  outer loop
    vertex 103.8564030786679 84.50405857629546 7.3
    vertex 104.8099905564674 84.69283907127165 7.3
    vertex 104.1614554504598 83.49280856048343 7.3
  endloop
endfacet
facet normal 0 -0 -1
  outer loop
    vertex 104.1589109827807 44.42786240363118 7.3
    vertex 104.8071831604618 43.22765743407433 7.3
    vertex 103.8510088071888 43.41472147987582 7.3
  endloop
endfacet
facet normal 0 0 -1
  outer loop
    vertex 103.17562654531 42.81861335739013 7.3
    vertex 104.2109912497837 42.71683355416504 7.3
    vertex 104.2958251314985 41.62641996593916 7.3
  endloop
endfacet
facet normal 0 0 -1
  outer loop
    vertex 104.2958251314981 86.29593930883935 7.3
    vertex 104.2140446109981 85.20349974781726 7.3
    vertex 103.1756265453105 85.10374591738945 7.3
  endloop
endfacet
facet normal 1 -0 0
  outer loop
    vertex 107.7990875792474 86.61117963738926 7.3
    vertex 107.7990875792474 86.61117963738948 7.199999999999995
    vertex 107.7990875792474 87.41117963738948 8
  endloop
endfacet
facet normal 1 0 0
  outer loop
    vertex 107.7990875792474 41.31117963738788 7.3
    vertex 107.7990875792474 40.51117963738946 8
    vertex 107.7990875792474 41.31117963738948 7.199999999999995
  endloop
endfacet
facet normal 1 -0 0
  outer loop
    vertex 107.7990875792474 85.45701297072281 8
    vertex 107.7990875792474 86.61117963738926 7.3
    vertex 107.7990875792474 87.41117963738948 8
  endloop
endfacet
facet normal 1 0 0
  outer loop
    vertex 107.7990875792474 86.61117963738926 7.3
    vertex 107.7990875792474 85.45701297072281 8
    vertex 107.7990875792474 84.64161441999789 7.3
  endloop
endfacet
facet normal 1 0 -0
  outer loop
    vertex 107.7990875792474 41.31117963738788 7.3
    vertex 107.7990875792474 42.46534630405614 8
    vertex 107.7990875792474 40.51117963738946 8
  endloop
endfacet
facet normal 1 0 0
  outer loop
    vertex 107.7990875792474 43.28074485477924 7.3
    vertex 107.7990875792474 42.46534630405614 8
    vertex 107.7990875792474 41.31117963738788 7.3
  endloop
endfacet
facet normal 1 -0 0
  outer loop
    vertex 107.7990875792474 83.50284630405616 8
    vertex 107.7990875792474 84.64161441999789 7.3
    vertex 107.7990875792474 85.45701297072281 8
  endloop
endfacet
facet normal 1 0 0
  outer loop
    vertex 107.7990875792474 83.50284630405616 8
    vertex 107.7990875792474 81.5486796373895 8
    vertex 107.7990875792474 82.67204920260653 7.3
  endloop
endfacet
facet normal 1 0 0
  outer loop
    vertex 107.7990875792474 84.64161441999789 7.3
    vertex 107.7990875792474 83.50284630405616 8
    vertex 107.7990875792474 82.67204920260653 7.3
  endloop
endfacet
facet normal 1 0 0
  outer loop
    vertex 107.7990875792474 81.5486796373895 8
    vertex 107.7990875792474 79.59451297072283 8
    vertex 107.7990875792474 80.70248398521517 7.3
  endloop
endfacet
facet normal 1 0 0
  outer loop
    vertex 107.7990875792474 82.67204920260653 7.3
    vertex 107.7990875792474 81.5486796373895 8
    vertex 107.7990875792474 80.70248398521517 7.3
  endloop
endfacet
facet normal 1 0 0
  outer loop
    vertex 107.7990875792474 79.59451297072283 8
    vertex 107.7990875792474 77.64034630405617 8
    vertex 107.7990875792474 78.7329187678238 7.3
  endloop
endfacet
facet normal 1 0 0
  outer loop
    vertex 107.7990875792474 79.59451297072283 8
    vertex 107.7990875792474 78.7329187678238 7.3
    vertex 107.7990875792474 80.70248398521517 7.3
  endloop
endfacet
facet normal 1 0 0
  outer loop
    vertex 107.7990875792474 77.64034630405617 8
    vertex 107.7990875792474 75.6861796373895 8
    vertex 107.7990875792474 76.76335355043244 7.3
  endloop
endfacet
facet normal 1 0 0
  outer loop
    vertex 107.7990875792474 77.64034630405617 8
    vertex 107.7990875792474 76.76335355043244 7.3
    vertex 107.7990875792474 78.7329187678238 7.3
  endloop
endfacet
facet normal 1 0 -0
  outer loop
    vertex 107.7990875792474 74.79378833304108 7.3
    vertex 107.7990875792474 75.6861796373895 8
    vertex 107.7990875792474 73.73201297072285 8
  endloop
endfacet
facet normal 1 0 0
  outer loop
    vertex 107.7990875792474 75.6861796373895 8
    vertex 107.7990875792474 74.79378833304108 7.3
    vertex 107.7990875792474 76.76335355043244 7.3
  endloop
endfacet
facet normal 1 -0 0
  outer loop
    vertex 107.7990875792474 71.77784630405618 8
    vertex 107.7990875792474 72.82422311564972 7.3
    vertex 107.7990875792474 73.73201297072285 8
  endloop
endfacet
facet normal 1 0 0
  outer loop
    vertex 107.7990875792474 72.82422311564972 7.3
    vertex 107.7990875792474 74.79378833304108 7.3
    vertex 107.7990875792474 73.73201297072285 8
  endloop
endfacet
facet normal 1 0 0
  outer loop
    vertex 107.7990875792474 71.77784630405618 8
    vertex 107.7990875792474 69.82367963738952 8
    vertex 107.7990875792474 70.85465789825835 7.3
  endloop
endfacet
facet normal 1 0 0
  outer loop
    vertex 107.7990875792474 71.77784630405618 8
    vertex 107.7990875792474 70.85465789825835 7.3
    vertex 107.7990875792474 72.82422311564972 7.3
  endloop
endfacet
facet normal 1 0 0
  outer loop
    vertex 107.7990875792474 69.82367963738952 8
    vertex 107.7990875792474 67.86951297072287 8
    vertex 107.7990875792474 68.88509268086698 7.3
  endloop
endfacet
facet normal 1 0 0
  outer loop
    vertex 107.7990875792474 69.82367963738952 8
    vertex 107.7990875792474 68.88509268086698 7.3
    vertex 107.7990875792474 70.85465789825835 7.3
  endloop
endfacet
facet normal 1 -7.27208e-15 9.91065e-15
  outer loop
    vertex 107.7990875792474 67.86951297072287 8
    vertex 107.7990875792474 65.9153463040562 8
    vertex 107.7990875792474 66.91552746347561 7.3
  endloop
endfacet
facet normal 1 0 0
  outer loop
    vertex 107.7990875792474 67.86951297072287 8
    vertex 107.7990875792474 66.91552746347561 7.3
    vertex 107.7990875792474 68.88509268086698 7.3
  endloop
endfacet
facet normal 1 0 2.03012e-14
  outer loop
    vertex 107.7990875792474 65.9153463040562 8
    vertex 107.7990875792474 63.96117963738953 8
    vertex 107.7990875792474 64.94596224608425 7.3
  endloop
endfacet
facet normal 1 0 2.03012e-14
  outer loop
    vertex 107.7990875792474 65.9153463040562 8
    vertex 107.7990875792474 64.94596224608425 7.3
    vertex 107.7990875792474 66.91552746347561 7.3
  endloop
endfacet
facet normal 1 0 0
  outer loop
    vertex 107.7990875792474 63.96117963738953 8
    vertex 107.7990875792474 62.00701297072287 8
    vertex 107.7990875792474 62.97639702869289 7.3
  endloop
endfacet
facet normal 1 -7.21522e-15 1.01506e-14
  outer loop
    vertex 107.7990875792474 63.96117963738953 8
    vertex 107.7990875792474 62.97639702869289 7.3
    vertex 107.7990875792474 64.94596224608425 7.3
  endloop
endfacet
facet normal 1 0 0
  outer loop
    vertex 107.7990875792474 62.00701297072287 8
    vertex 107.7990875792474 60.05284630405621 8
    vertex 107.7990875792474 61.00683181130152 7.3
  endloop
endfacet
facet normal 1 0 0
  outer loop
    vertex 107.7990875792474 62.00701297072287 8
    vertex 107.7990875792474 61.00683181130152 7.3
    vertex 107.7990875792474 62.97639702869289 7.3
  endloop
endfacet
facet normal 1 0 0
  outer loop
    vertex 107.7990875792474 60.05284630405621 8
    vertex 107.7990875792474 58.09867963738955 8
    vertex 107.7990875792474 59.03726659391016 7.3
  endloop
endfacet
facet normal 1 0 0
  outer loop
    vertex 107.7990875792474 60.05284630405621 8
    vertex 107.7990875792474 59.03726659391016 7.3
    vertex 107.7990875792474 61.00683181130152 7.3
  endloop
endfacet
facet normal 1 0 0
  outer loop
    vertex 107.7990875792474 58.09867963738955 8
    vertex 107.7990875792474 56.14451297072289 8
    vertex 107.7990875792474 57.0677013765188 7.3
  endloop
endfacet
facet normal 1 0 0
  outer loop
    vertex 107.7990875792474 59.03726659391016 7.3
    vertex 107.7990875792474 58.09867963738955 8
    vertex 107.7990875792474 57.0677013765188 7.3
  endloop
endfacet
facet normal 1 0 0
  outer loop
    vertex 107.7990875792474 56.14451297072289 8
    vertex 107.7990875792474 54.19034630405621 8
    vertex 107.7990875792474 55.09813615912743 7.3
  endloop
endfacet
facet normal 1 0 0
  outer loop
    vertex 107.7990875792474 57.0677013765188 7.3
    vertex 107.7990875792474 56.14451297072289 8
    vertex 107.7990875792474 55.09813615912743 7.3
  endloop
endfacet
facet normal 1 0 0
  outer loop
    vertex 107.7990875792474 54.19034630405621 8
    vertex 107.7990875792474 52.23617963738953 8
    vertex 107.7990875792474 53.12857094173606 7.3
  endloop
endfacet
facet normal 1 0 0
  outer loop
    vertex 107.7990875792474 54.19034630405621 8
    vertex 107.7990875792474 53.12857094173606 7.3
    vertex 107.7990875792474 55.09813615912743 7.3
  endloop
endfacet
facet normal 1 0 0
  outer loop
    vertex 107.7990875792474 52.23617963738953 8
    vertex 107.7990875792474 50.28201297072285 8
    vertex 107.7990875792474 51.1590057243447 7.3
  endloop
endfacet
facet normal 1 0 0
  outer loop
    vertex 107.7990875792474 52.23617963738953 8
    vertex 107.7990875792474 51.1590057243447 7.3
    vertex 107.7990875792474 53.12857094173606 7.3
  endloop
endfacet
facet normal 1 0 0
  outer loop
    vertex 107.7990875792474 50.28201297072285 8
    vertex 107.7990875792474 48.32784630405617 8
    vertex 107.7990875792474 49.18944050695334 7.3
  endloop
endfacet
facet normal 1 0 0
  outer loop
    vertex 107.7990875792474 51.1590057243447 7.3
    vertex 107.7990875792474 50.28201297072285 8
    vertex 107.7990875792474 49.18944050695334 7.3
  endloop
endfacet
facet normal 1 0 0
  outer loop
    vertex 107.7990875792474 48.32784630405617 8
    vertex 107.7990875792474 46.37367963738949 8
    vertex 107.7990875792474 47.21987528956197 7.3
  endloop
endfacet
facet normal 1 0 0
  outer loop
    vertex 107.7990875792474 49.18944050695334 7.3
    vertex 107.7990875792474 48.32784630405617 8
    vertex 107.7990875792474 47.21987528956197 7.3
  endloop
endfacet
facet normal 1 0 0
  outer loop
    vertex 107.7990875792474 46.37367963738949 8
    vertex 107.7990875792474 44.41951297072282 8
    vertex 107.7990875792474 45.25031007217061 7.3
  endloop
endfacet
facet normal 1 0 0
  outer loop
    vertex 107.7990875792474 47.21987528956197 7.3
    vertex 107.7990875792474 46.37367963738949 8
    vertex 107.7990875792474 45.25031007217061 7.3
  endloop
endfacet
facet normal 1 0 0
  outer loop
    vertex 107.7990875792474 44.41951297072282 8
    vertex 107.7990875792474 42.46534630405614 8
    vertex 107.7990875792474 43.28074485477924 7.3
  endloop
endfacet
facet normal 1 0 0
  outer loop
    vertex 107.7990875792474 45.25031007217061 7.3
    vertex 107.7990875792474 44.41951297072282 8
    vertex 107.7990875792474 43.28074485477924 7.3
  endloop
endfacet
facet normal 6.85303e-14 -0.707107 0.707107
  outer loop
    vertex 109.5675235535249 86.61117963738964 7.199999999999995
    vertex 110.4517415406637 87.01117963738972 7.599999999999997
    vertex 109.5675235535249 87.41117963738962 8
  endloop
endfacet
facet normal 6.28703e-14 -0.707107 0.707107
  outer loop
    vertex 107.7990875792474 86.61117963738948 7.199999999999995
    vertex 108.6833055663862 87.01117963738956 7.599999999999997
    vertex 107.7990875792474 87.41117963738948 8
  endloop
endfacet
facet normal 5.64335e-14 -0.707107 0.707107
  outer loop
    vertex 111.3359595278024 87.41117963738978 8
    vertex 110.4517415406637 87.01117963738972 7.599999999999997
    vertex 111.3359595278025 86.6111796373898 7.199999999999995
  endloop
endfacet
facet normal 5.64335e-14 -0.707107 0.707107
  outer loop
    vertex 109.5675235535249 87.41117963738962 8
    vertex 108.6833055663862 87.01117963738956 7.599999999999997
    vertex 109.5675235535249 86.61117963738964 7.199999999999995
  endloop
endfacet
facet normal 5.92635e-14 -0.707107 0.707107
  outer loop
    vertex 111.3359595278025 86.6111796373898 7.199999999999995
    vertex 112.2201775149412 87.01117963738984 7.59999999999998
    vertex 111.3359595278024 87.41117963738978 8
  endloop
endfacet
facet normal -2.12694e-13 -0.707107 0.707107
  outer loop
    vertex 113.1043955020799 87.41117963738994 8
    vertex 112.2201775149412 87.01117963738984 7.59999999999998
    vertex 113.10439550208 86.61117963738926 7.199999999999995
  endloop
endfacet
facet normal -2.15923e-13 -0.707107 0.707107
  outer loop
    vertex 113.10439550208 86.61117963738926 7.199999999999995
    vertex 112.2201775149412 87.01117963738984 7.59999999999998
    vertex 111.3359595278025 86.6111796373898 7.199999999999995
  endloop
endfacet
facet normal 6.25041e-14 -0.707107 0.707107
  outer loop
    vertex 109.5675235535249 86.61117963738964 7.199999999999995
    vertex 108.6833055663862 87.01117963738956 7.599999999999997
    vertex 107.7990875792474 86.61117963738948 7.199999999999995
  endloop
endfacet
facet normal 6.25041e-14 -0.707107 0.707107
  outer loop
    vertex 111.3359595278024 87.41117963738978 8
    vertex 112.2201775149412 87.01117963738984 7.59999999999998
    vertex 113.1043955020799 87.41117963738994 8
  endloop
endfacet
facet normal 5.68219e-14 -0.707107 0.707107
  outer loop
    vertex 107.7990875792474 87.41117963738948 8
    vertex 108.6833055663862 87.01117963738956 7.599999999999997
    vertex 109.5675235535249 87.41117963738962 8
  endloop
endfacet
facet normal 6.25041e-14 -0.707107 0.707107
  outer loop
    vertex 111.3359595278025 86.6111796373898 7.199999999999995
    vertex 110.4517415406637 87.01117963738972 7.599999999999997
    vertex 109.5675235535249 86.61117963738964 7.199999999999995
  endloop
endfacet
facet normal 6.25041e-14 -0.707107 0.707107
  outer loop
    vertex 109.5675235535249 87.41117963738962 8
    vertex 110.4517415406637 87.01117963738972 7.599999999999997
    vertex 111.3359595278024 87.41117963738978 8
  endloop
endfacet
facet normal -6.35362e-14 0.707107 0.707107
  outer loop
    vertex 111.3359595278017 40.51117963738977 8
    vertex 112.2201775149408 40.91117963738985 7.599999999999999
    vertex 111.3359595278025 41.31117963738978 7.199999999999995
  endloop
endfacet
facet normal -6.35362e-14 0.707107 0.707107
  outer loop
    vertex 109.5675235535246 40.51117963738962 8
    vertex 110.4517415406634 40.9111796373897 7.599999999999999
    vertex 109.5675235535249 41.31117963738963 7.199999999999995
  endloop
endfacet
facet normal -6.07062e-14 0.707107 0.707107
  outer loop
    vertex 107.7990875792474 40.51117963738946 8
    vertex 108.6833055663861 40.91117963738954 7.599999999999999
    vertex 107.7990875792474 41.31117963738948 7.199999999999995
  endloop
endfacet
facet normal -6.14276e-14 0.707107 0.707107
  outer loop
    vertex 109.5675235535249 41.31117963738963 7.199999999999995
    vertex 108.6833055663861 40.91117963738954 7.599999999999999
    vertex 109.5675235535246 40.51117963738962 8
  endloop
endfacet
facet normal -5.57676e-14 0.707107 0.707107
  outer loop
    vertex 111.3359595278025 41.31117963738978 7.199999999999995
    vertex 110.4517415406634 40.9111796373897 7.599999999999999
    vertex 111.3359595278017 40.51117963738977 8
  endloop
endfacet
facet normal 6.64217e-14 0.707107 0.707107
  outer loop
    vertex 113.10439550208 41.31117963738961 7.199999999999995
    vertex 112.2201775149408 40.91117963738985 7.599999999999999
    vertex 113.1043955020789 40.51117963738992 8
  endloop
endfacet
facet normal -5.9663e-14 0.707107 0.707107
  outer loop
    vertex 107.7990875792474 41.31117963738948 7.199999999999995
    vertex 108.6833055663861 40.91117963738954 7.599999999999999
    vertex 109.5675235535249 41.31117963738963 7.199999999999995
  endloop
endfacet
facet normal 6.53452e-14 0.707107 0.707107
  outer loop
    vertex 111.3359595278025 41.31117963738978 7.199999999999995
    vertex 112.2201775149408 40.91117963738985 7.599999999999999
    vertex 113.10439550208 41.31117963738961 7.199999999999995
  endloop
endfacet
facet normal -6.25041e-14 0.707107 0.707107
  outer loop
    vertex 113.1043955020789 40.51117963738992 8
    vertex 112.2201775149408 40.91117963738985 7.599999999999999
    vertex 111.3359595278017 40.51117963738977 8
  endloop
endfacet
facet normal -6.25041e-14 0.707107 0.707107
  outer loop
    vertex 109.5675235535246 40.51117963738962 8
    vertex 108.6833055663861 40.91117963738954 7.599999999999999
    vertex 107.7990875792474 40.51117963738946 8
  endloop
endfacet
facet normal -5.9663e-14 0.707107 0.707107
  outer loop
    vertex 109.5675235535249 41.31117963738963 7.199999999999995
    vertex 110.4517415406634 40.9111796373897 7.599999999999999
    vertex 111.3359595278025 41.31117963738978 7.199999999999995
  endloop
endfacet
facet normal -5.9663e-14 0.707107 0.707107
  outer loop
    vertex 111.3359595278017 40.51117963738977 8
    vertex 110.4517415406634 40.9111796373897 7.599999999999999
    vertex 109.5675235535246 40.51117963738962 8
  endloop
endfacet
facet normal 0 0 -1
  outer loop
    vertex 108.6043955020844 89.46117963738841 2.2
    vertex 108.4285237063961 90.8402582968116 2.2
    vertex 109.2028542946506 90.25881282539353 2.2
  endloop
endfacet
facet normal -0 0 -1
  outer loop
    vertex 109.2028542946508 37.66354644938357 2.2
    vertex 108.4285237063968 37.08210097796612 2.2
    vertex 108.6043955020848 38.46117963738819 2.2
  endloop
endfacet
facet normal 1.92949e-16 -5.03327e-16 -1
  outer loop
    vertex 110.4089677377311 90.95215693412415 2.2
    vertex 111.4547932396627 91.35307097900295 2.2
    vertex 110.8543955020782 90.2406025007927 2.200000000000001
  endloop
endfacet
facet normal 1.92949e-16 5.03327e-16 -1
  outer loop
    vertex 110.8543955020782 37.68175677398446 2.200000000000001
    vertex 111.4547932396624 36.56928829578087 2.2
    vertex 110.4089677377313 36.97020234065414 2.2
  endloop
endfacet
facet normal -4.93432e-16 -1.32888e-16 -1
  outer loop
    vertex 110.8543955020782 90.2406025007927 2.200000000000001
    vertex 111.4547932396627 91.35307097900295 2.2
    vertex 111.7543955020762 90.24060250079242 2.2
  endloop
endfacet
facet normal -4.93432e-16 1.32888e-16 -1
  outer loop
    vertex 111.7543955020763 37.68175677398493 2.2
    vertex 111.4547932396624 36.56928829578087 2.2
    vertex 110.8543955020782 37.68175677398446 2.200000000000001
  endloop
endfacet
facet normal 0 0 -1
  outer loop
    vertex 107.4740595400774 89.55451526292541 2.2
    vertex 108.4285237063961 90.8402582968116 2.2
    vertex 108.6043955020844 89.46117963738841 2.2
  endloop
endfacet
facet normal 0 0 -1
  outer loop
    vertex 108.6043955020848 38.46117963738819 2.2
    vertex 108.4285237063968 37.08210097796612 2.2
    vertex 107.4740595400787 38.36784401185243 2.2
  endloop
endfacet
facet normal -5.14847e-29 5.84923e-16 -1
  outer loop
    vertex 112.1284352193181 86.61117963738985 2.2
    vertex 113.0442035588532 87.37040623289263 2.2
    vertex 113.90439550208 86.61117963739001 2.2
  endloop
endfacet
facet normal 4.91445e-29 -5.84923e-16 -1
  outer loop
    vertex 113.9043955020842 41.31117963739 2.2
    vertex 113.0442035588529 40.55195229528961 2.2
    vertex 112.1284352193216 41.31117963738986 2.2
  endloop
endfacet
facet normal 4.43255e-29 -5.03587e-16 -1
  outer loop
    vertex 106.8005543710339 41.31117963738939 2.2
    vertex 105.6243338742833 40.42932759071638 2.2
    vertex 105.0245940882713 41.31117963738924 2.2
  endloop
endfacet
facet normal -4.0296e-29 5.03587e-16 -1
  outer loop
    vertex 105.0245940882707 86.61117963738926 2.2
    vertex 105.6243338742806 87.49303168406288 2.2
    vertex 106.8005543710326 86.6111796373894 2.2
  endloop
endfacet
facet normal -8.88178e-16 1.94344e-29 -1
  outer loop
    vertex 101.9043955020838 49.34846063128246 2.200000000000001
    vertex 102.4043955020838 50.32264189835592 2.2
    vertex 102.9043955020838 49.34846063128174 2.2
  endloop
endfacet
facet normal -8.88178e-16 1.94344e-29 -1
  outer loop
    vertex 101.9043955020844 80.52226117764435 2.200000000000001
    vertex 102.4043955020844 81.49644244471813 2.2
    vertex 102.9043955020844 80.52226117764427 2.2
  endloop
endfacet
facet normal -8.88178e-16 1.29563e-29 -1
  outer loop
    vertex 101.9043955020838 51.29682316543008 2.200000000000001
    vertex 102.4043955020838 52.27100443250355 2.2
    vertex 102.9043955020838 51.29682316542939 2.2
  endloop
endfacet
facet normal -8.88178e-16 1.94344e-29 -1
  outer loop
    vertex 101.904395502084 61.03863583616818 2.200000000000001
    vertex 102.404395502084 62.01281710324174 2.2
    vertex 102.904395502084 61.03863583616766 2.2
  endloop
endfacet
facet normal -8.88178e-16 6.47814e-30 -1
  outer loop
    vertex 101.9043955020843 76.62553610934913 2.200000000000001
    vertex 102.4043955020843 77.59971737642284 2.2
    vertex 102.9043955020843 76.62553610934896 2.2
  endloop
endfacet
facet normal -8.88178e-16 6.47814e-30 -1
  outer loop
    vertex 101.9043955020842 70.78044850690627 2.200000000000001
    vertex 102.4043955020842 71.75462977397993 2.2
    vertex 102.9043955020842 70.78044850690597 2.2
  endloop
endfacet
facet normal -3.98557e-16 3.74488e-16 -1
  outer loop
    vertex 109.6452457956385 93.44953190632762 2.200000000000001
    vertex 109.6423542301534 92.26059886871415 2.2
    vertex 108.4455144277882 92.17269418674628 2.200000000000001
  endloop
endfacet
facet normal -3.98557e-16 -3.74488e-16 -1
  outer loop
    vertex 108.445514427789 35.74966508803227 2.200000000000001
    vertex 109.6423542301545 35.66176040606445 2.2
    vertex 109.6452457956391 34.47282736845044 2.200000000000001
  endloop
endfacet
facet normal 0 0 -1
  outer loop
    vertex 112.1702083328308 89.43065819373459 2.2
    vertex 112.5600830481456 90.22958589156777 2.2
    vertex 113.0357633083659 89.1424514729915 2.2
  endloop
endfacet
facet normal 0 0 -1
  outer loop
    vertex 113.0357633083655 38.77990780178787 2.2
    vertex 112.5600830481463 37.69277338321115 2.2
    vertex 112.1702083328308 38.49170108104398 2.2
  endloop
endfacet
facet normal 5.14178e-16 -3.67541e-16 -1
  outer loop
    vertex 111.2719236110322 34.71740562092499 2.200000000000001
    vertex 111.0604286731526 35.6298013009775 2.2
    vertex 111.9588110898045 35.67833692492151 2.200000000000001
  endloop
endfacet
facet normal 5.14178e-16 3.67541e-16 -1
  outer loop
    vertex 111.9588110898013 92.24402234986886 2.200000000000001
    vertex 111.0604286731503 92.29255797380625 2.2
    vertex 111.2719236110278 93.20495365386019 2.200000000000001
  endloop
endfacet
facet normal 5.77487e-16 -1.14869e-16 -1
  outer loop
    vertex 113.5999136321295 37.75004185721931 2.200000000000001
    vertex 113.0357633083655 38.77990780178787 2.2
    vertex 113.9043955020741 39.2807755866798 2.200000000000001
  endloop
endfacet
facet normal 5.77487e-16 1.14869e-16 -1
  outer loop
    vertex 113.9043955020751 88.64158368810058 2.200000000000001
    vertex 113.0357633083659 89.1424514729915 2.2
    vertex 113.5999136321272 90.17231741755957 2.200000000000001
  endloop
endfacet
facet normal -6.47277e-16 6.08189e-16 -1
  outer loop
    vertex 104.2958251314981 86.29593930883935 2.2
    vertex 103.3912245554329 86.0633835308723 2.2
    vertex 103.6465889563867 87.06534330842089 2.200000000000001
  endloop
endfacet
facet normal -6.47277e-16 -6.08189e-16 -1
  outer loop
    vertex 103.6465889563888 40.8570159663596 2.200000000000001
    vertex 103.3912245554336 41.85897574390724 2.2
    vertex 104.2958251314985 41.62641996593916 2.2
  endloop
endfacet
facet normal 0 0 -1
  outer loop
    vertex 110.4089677377311 90.95215693412415 2.2
    vertex 110.4108700242412 91.79760580495315 2.2
    vertex 111.4547932396627 91.35307097900295 2.2
  endloop
endfacet
facet normal -0 0 -1
  outer loop
    vertex 111.4547932396624 36.56928829578087 2.2
    vertex 110.4108700242422 36.12475346982725 2.2
    vertex 110.4089677377313 36.97020234065414 2.2
  endloop
endfacet
facet normal 4.43395e-16 -2.96267e-16 -1
  outer loop
    vertex 112.7328226268307 36.45234846193353 2.200000000000001
    vertex 112.5600830481463 37.69277338321115 2.2
    vertex 113.5999136321295 37.75004185721931 2.200000000000001
  endloop
endfacet
facet normal 4.43395e-16 2.96267e-16 -1
  outer loop
    vertex 113.5999136321272 90.17231741755957 2.200000000000001
    vertex 112.5600830481456 90.22958589156777 2.2
    vertex 112.7328226268296 91.47001081284478 2.200000000000001
  endloop
endfacet
facet normal 3.18351e-16 -3.18351e-16 -1
  outer loop
    vertex 111.9588110898045 35.67833692492151 2.200000000000001
    vertex 111.4547932396624 36.56928829578087 2.2
    vertex 112.7328226268307 36.45234846193353 2.200000000000001
  endloop
endfacet
facet normal 3.18351e-16 3.18351e-16 -1
  outer loop
    vertex 112.7328226268296 91.47001081284478 2.200000000000001
    vertex 111.4547932396627 91.35307097900295 2.2
    vertex 111.9588110898013 92.24402234986886 2.200000000000001
  endloop
endfacet
facet normal 3.09695e-16 -4.12943e-16 -1
  outer loop
    vertex 111.4547932396624 36.56928829578087 2.2
    vertex 112.0970523955928 37.05096463218856 2.2
    vertex 112.7328226268307 36.45234846193353 2.200000000000001
  endloop
endfacet
facet normal 3.09695e-16 4.12943e-16 -1
  outer loop
    vertex 112.7328226268296 91.47001081284478 2.200000000000001
    vertex 112.097052395591 90.87139464259093 2.2
    vertex 111.4547932396627 91.35307097900295 2.2
  endloop
endfacet
facet normal 0 0 -1
  outer loop
    vertex 111.4547932396627 91.35307097900295 2.2
    vertex 110.4108700242412 91.79760580495315 2.2
    vertex 111.0604286731503 92.29255797380625 2.2
  endloop
endfacet
facet normal 0 0 -1
  outer loop
    vertex 111.0604286731526 35.6298013009775 2.2
    vertex 110.4108700242422 36.12475346982725 2.2
    vertex 111.4547932396624 36.56928829578087 2.2
  endloop
endfacet
facet normal -8.88178e-16 -3.43342e-28 -1
  outer loop
    vertex 102.904395502084 84.41898624593959 2.2
    vertex 102.4043955020841 83.44480497886576 2.2
    vertex 101.9043955020834 84.41898624593959 2.200000000000001
  endloop
endfacet
facet normal -8.88178e-16 1.29563e-29 -1
  outer loop
    vertex 101.9043955020836 43.50337302883961 2.200000000000001
    vertex 102.4043955020837 44.47755429591302 2.2
    vertex 102.9043955020836 43.50337302883879 2.2
  endloop
endfacet
facet normal -8.88178e-16 -3.30385e-28 -1
  outer loop
    vertex 101.9043955020844 82.47062371179197 2.200000000000001
    vertex 102.4043955020841 83.44480497886576 2.2
    vertex 102.9043955020845 82.47062371179193 2.2
  endloop
endfacet
facet normal -6.47277e-16 6.08189e-16 -1
  outer loop
    vertex 102.4468575885364 85.78850558883954 2.200000000000001
    vertex 103.3912245554329 86.0633835308723 2.2
    vertex 103.1756265453105 85.10374591738945 2.2
  endloop
endfacet
facet normal -6.47277e-16 -6.08189e-16 -1
  outer loop
    vertex 103.17562654531 42.81861335739013 2.2
    vertex 103.3912245554336 41.85897574390724 2.2
    vertex 102.4468575885373 42.13385368594005 2.200000000000001
  endloop
endfacet
facet normal -3.62814e-16 2.69333e-16 -1
  outer loop
    vertex 107.2457830599378 90.89585646716493 2.200000000000001
    vertex 108.4285237063961 90.8402582968116 2.2
    vertex 107.4740595400774 89.55451526292541 2.2
  endloop
endfacet
facet normal -3.62814e-16 -2.69333e-16 -1
  outer loop
    vertex 107.4740595400787 38.36784401185243 2.2
    vertex 108.4285237063968 37.08210097796612 2.2
    vertex 107.245783059939 37.0265028076141 2.200000000000001
  endloop
endfacet
facet normal -8.88178e-16 0 -1
  outer loop
    vertex 102.9043955020839 57.14191076787235 2.2
    vertex 102.4043955020839 56.16772950079883 2.2
    vertex 101.9043955020839 57.14191076787294 2.200000000000001
  endloop
endfacet
facet normal -8.88178e-16 1.94344e-29 -1
  outer loop
    vertex 102.9043955020843 76.62553610934896 2.2
    vertex 102.4043955020843 75.65135484227521 2.2
    vertex 101.9043955020843 76.62553610934913 2.200000000000001
  endloop
endfacet
facet normal -8.88178e-16 -6.47814e-30 -1
  outer loop
    vertex 102.9043955020838 49.34846063128174 2.2
    vertex 102.4043955020838 48.3742793642083 2.2
    vertex 101.9043955020838 49.34846063128246 2.200000000000001
  endloop
endfacet
facet normal -8.88178e-16 2.59126e-29 -1
  outer loop
    vertex 102.9043955020837 45.45173556298644 2.2
    vertex 102.4043955020837 44.47755429591302 2.2
    vertex 101.9043955020837 45.45173556298723 2.200000000000001
  endloop
endfacet
facet normal -8.88178e-16 2.59126e-29 -1
  outer loop
    vertex 101.904395502084 62.98699837031579 2.200000000000001
    vertex 102.4043955020841 63.96117963738938 2.2
    vertex 102.904395502084 62.98699837031533 2.2
  endloop
endfacet
facet normal -8.88178e-16 2.59126e-29 -1
  outer loop
    vertex 102.9043955020839 55.19354823372469 2.2
    vertex 102.4043955020839 54.21936696665119 2.2
    vertex 101.9043955020839 55.19354823372532 2.200000000000001
  endloop
endfacet
facet normal -8.88178e-16 6.47814e-30 -1
  outer loop
    vertex 101.9043955020842 72.72881104105389 2.200000000000001
    vertex 102.4043955020843 73.70299230812756 2.2
    vertex 102.9043955020843 72.72881104105363 2.2
  endloop
endfacet
facet normal -8.88178e-16 1.94344e-29 -1
  outer loop
    vertex 102.904395502084 61.03863583616766 2.2
    vertex 102.404395502084 60.0644545690941 2.2
    vertex 101.904395502084 61.03863583616818 2.200000000000001
  endloop
endfacet
facet normal -8.88178e-16 1.94344e-29 -1
  outer loop
    vertex 102.904395502084 59.09027330202 2.2
    vertex 102.4043955020839 58.11609203494645 2.2
    vertex 101.904395502084 59.09027330202056 2.200000000000001
  endloop
endfacet
facet normal -8.88178e-16 1.94344e-29 -1
  outer loop
    vertex 102.9043955020842 70.78044850690597 2.2
    vertex 102.4043955020842 69.80626723983229 2.2
    vertex 101.9043955020842 70.78044850690627 2.200000000000001
  endloop
endfacet
facet normal -8.88178e-16 3.23907e-29 -1
  outer loop
    vertex 101.9043955020844 78.57389864349673 2.200000000000001
    vertex 102.4043955020844 79.54807991057051 2.2
    vertex 102.9043955020844 78.57389864349662 2.2
  endloop
endfacet
facet normal -8.88178e-16 1.94344e-29 -1
  outer loop
    vertex 102.9043955020842 68.83208597275831 2.2
    vertex 102.4043955020841 67.85790470568466 2.2
    vertex 101.9043955020842 68.83208597275865 2.200000000000001
  endloop
endfacet
facet normal -8.88178e-16 2.59126e-29 -1
  outer loop
    vertex 102.9043955020837 47.4000980971341 2.2
    vertex 102.4043955020837 46.42591683006065 2.2
    vertex 101.9043955020837 47.40009809713484 2.200000000000001
  endloop
endfacet
facet normal -8.88178e-16 1.94344e-29 -1
  outer loop
    vertex 102.9043955020841 66.88372343861064 2.2
    vertex 102.4043955020841 65.90954217153701 2.2
    vertex 101.9043955020841 66.88372343861103 2.200000000000001
  endloop
endfacet
facet normal -8.88178e-16 1.29563e-29 -1
  outer loop
    vertex 101.9043955020837 45.45173556298723 2.200000000000001
    vertex 102.4043955020837 46.42591683006065 2.2
    vertex 102.9043955020837 45.45173556298644 2.2
  endloop
endfacet
facet normal -8.88178e-16 1.29563e-29 -1
  outer loop
    vertex 101.9043955020841 64.93536090446341 2.200000000000001
    vertex 102.4043955020841 65.90954217153701 2.2
    vertex 102.9043955020841 64.93536090446298 2.2
  endloop
endfacet
facet normal -8.88178e-16 1.94344e-29 -1
  outer loop
    vertex 101.9043955020841 66.88372343861103 2.200000000000001
    vertex 102.4043955020841 67.85790470568466 2.2
    vertex 102.9043955020841 66.88372343861064 2.2
  endloop
endfacet
facet normal -8.88178e-16 1.29563e-29 -1
  outer loop
    vertex 101.9043955020839 57.14191076787294 2.200000000000001
    vertex 102.4043955020839 58.11609203494645 2.2
    vertex 102.9043955020839 57.14191076787235 2.2
  endloop
endfacet
facet normal -8.88178e-16 6.47814e-30 -1
  outer loop
    vertex 102.9043955020844 80.52226117764427 2.2
    vertex 102.4043955020844 79.54807991057051 2.2
    vertex 101.9043955020844 80.52226117764435 2.200000000000001
  endloop
endfacet
facet normal -8.88178e-16 1.94344e-29 -1
  outer loop
    vertex 101.9043955020842 68.83208597275865 2.200000000000001
    vertex 102.4043955020842 69.80626723983229 2.2
    vertex 102.9043955020842 68.83208597275831 2.2
  endloop
endfacet
facet normal -8.88178e-16 1.94344e-29 -1
  outer loop
    vertex 101.904395502084 59.09027330202056 2.200000000000001
    vertex 102.404395502084 60.0644545690941 2.2
    vertex 102.904395502084 59.09027330202 2.2
  endloop
endfacet
facet normal -8.88178e-16 2.59126e-29 -1
  outer loop
    vertex 102.9043955020843 74.67717357520129 2.2
    vertex 102.4043955020843 73.70299230812756 2.2
    vertex 101.9043955020843 74.67717357520149 2.200000000000001
  endloop
endfacet
facet normal -8.88178e-16 1.29563e-29 -1
  outer loop
    vertex 102.9043955020841 64.93536090446298 2.2
    vertex 102.4043955020841 63.96117963738938 2.2
    vertex 101.9043955020841 64.93536090446341 2.200000000000001
  endloop
endfacet
facet normal -8.88178e-16 1.29563e-29 -1
  outer loop
    vertex 101.9043955020838 53.2451856995777 2.200000000000001
    vertex 102.4043955020839 54.21936696665119 2.2
    vertex 102.9043955020838 53.24518569957704 2.2
  endloop
endfacet
facet normal -8.88178e-16 3.88689e-29 -1
  outer loop
    vertex 101.9043955020837 47.40009809713484 2.200000000000001
    vertex 102.4043955020838 48.3742793642083 2.2
    vertex 102.9043955020837 47.4000980971341 2.2
  endloop
endfacet
facet normal -8.88178e-16 1.29563e-29 -1
  outer loop
    vertex 101.9043955020843 74.67717357520149 2.200000000000001
    vertex 102.4043955020843 75.65135484227521 2.2
    vertex 102.9043955020843 74.67717357520129 2.2
  endloop
endfacet
facet normal -8.88178e-16 3.88689e-29 -1
  outer loop
    vertex 101.9043955020839 55.19354823372532 2.200000000000001
    vertex 102.4043955020839 56.16772950079883 2.2
    vertex 102.9043955020839 55.19354823372469 2.2
  endloop
endfacet
facet normal 3.13337e-16 4.14097e-16 -1
  outer loop
    vertex 111.0604286731503 92.29255797380625 2.2
    vertex 110.4047756200436 92.78867432945989 2.2
    vertex 111.2719236110278 93.20495365386019 2.200000000000001
  endloop
endfacet
facet normal 3.13337e-16 -4.14097e-16 -1
  outer loop
    vertex 111.2719236110322 34.71740562092499 2.200000000000001
    vertex 110.4047756200461 35.13368494532052 2.2
    vertex 111.0604286731526 35.6298013009775 2.2
  endloop
endfacet
facet normal -2.2577e-16 -6.57131e-16 -1
  outer loop
    vertex 105.0245940882713 41.31117963738924 2.2
    vertex 105.6243338742833 40.42932759071638 2.2
    vertex 104.6928480275781 40.74935779238174 2.2
  endloop
endfacet
facet normal -2.2577e-16 6.57131e-16 -1
  outer loop
    vertex 104.6928480275765 87.17300148239764 2.2
    vertex 105.6243338742806 87.49303168406288 2.2
    vertex 105.0245940882707 86.61117963738926 2.2
  endloop
endfacet
facet normal 2.55922e-16 -8.74878e-16 -1
  outer loop
    vertex 113.9043955020741 40.2959776120349 2.200000000000001
    vertex 113.0442035588529 40.55195229528961 2.2
    vertex 113.9043955020842 41.31117963739 2.2
  endloop
endfacet
facet normal 2.55922e-16 8.74878e-16 -1
  outer loop
    vertex 113.90439550208 86.61117963739001 2.2
    vertex 113.0442035588532 87.37040623289263 2.2
    vertex 113.9043955020751 87.6263816627453 2.200000000000001
  endloop
endfacet
facet normal 5.05791e-16 -2.12314e-16 -1
  outer loop
    vertex 111.0604286731526 35.6298013009775 2.2
    vertex 111.4547932396624 36.56928829578087 2.2
    vertex 111.9588110898045 35.67833692492151 2.200000000000001
  endloop
endfacet
facet normal 5.05791e-16 2.12314e-16 -1
  outer loop
    vertex 111.9588110898013 92.24402234986886 2.200000000000001
    vertex 111.4547932396627 91.35307097900295 2.2
    vertex 111.0604286731503 92.29255797380625 2.2
  endloop
endfacet
facet normal 2.45407e-29 -2.92085e-16 -1
  outer loop
    vertex 108.5765146537965 41.31117963738954 2.2
    vertex 108.0649929755859 39.79077131470894 2.2
    vertex 106.8005543710339 41.31117963738939 2.2
  endloop
endfacet
facet normal -2.57093e-29 2.92086e-16 -1
  outer loop
    vertex 106.8005543710326 86.6111796373894 2.2
    vertex 108.0649929755847 88.1315847603672 2.2
    vertex 108.5765146537944 86.61117963738955 2.2
  endloop
endfacet
facet normal 3.48508e-29 -3.95943e-16 -1
  outer loop
    vertex 112.1284352193216 41.31117963738986 2.2
    vertex 111.2733067230972 40.18958086248867 2.2
    vertex 110.3524749365591 41.3111796373897 2.2
  endloop
endfacet
facet normal -3.48515e-29 3.95951e-16 -1
  outer loop
    vertex 110.3524749365563 86.6111796373897 2.2
    vertex 111.2733067230962 87.73275601437645 2.2
    vertex 112.1284352193181 86.61117963738985 2.2
  endloop
endfacet
facet normal 0 0 -1
  outer loop
    vertex 109.380266030683 87.76313083893828 2.2
    vertex 108.0649929755847 88.1315847603672 2.2
    vertex 109.0935662663193 88.69223059618864 2.2
  endloop
endfacet
facet normal 0 0 -1
  outer loop
    vertex 109.0935662663194 39.23012867858804 2.2
    vertex 108.0649929755859 39.79077131470894 2.2
    vertex 109.380266030684 40.15920603792708 2.2
  endloop
endfacet
facet normal 5.14636e-16 -7.2039e-30 -1
  outer loop
    vertex 113.9043955020741 39.2807755866798 2.200000000000001
    vertex 113.0414765435505 39.76050013801098 2.2
    vertex 113.9043955020741 40.2959776120349 2.200000000000001
  endloop
endfacet
facet normal 5.14636e-16 -7.2039e-30 -1
  outer loop
    vertex 113.9043955020751 87.6263816627453 2.200000000000001
    vertex 113.0414765435521 88.16185913676803 2.2
    vertex 113.9043955020751 88.64158368810058 2.200000000000001
  endloop
endfacet
facet normal 0 0 -1
  outer loop
    vertex 108.0649929755847 88.1315847603672 2.2
    vertex 108.6043955020844 89.46117963738841 2.2
    vertex 109.0935662663193 88.69223059618864 2.2
  endloop
endfacet
facet normal -0 0 -1
  outer loop
    vertex 109.0935662663194 39.23012867858804 2.2
    vertex 108.6043955020848 38.46117963738819 2.2
    vertex 108.0649929755859 39.79077131470894 2.2
  endloop
endfacet
facet normal 3.0935e-16 4.22401e-16 -1
  outer loop
    vertex 111.2719236110278 93.20495365386019 2.200000000000001
    vertex 110.4047756200436 92.78867432945989 2.2
    vertex 110.5226979962349 93.75365710836175 2.200000000000001
  endloop
endfacet
facet normal 3.0935e-16 -4.22401e-16 -1
  outer loop
    vertex 110.5226979962396 34.16870216641667 2.200000000000001
    vertex 110.4047756200461 35.13368494532052 2.2
    vertex 111.2719236110322 34.71740562092499 2.200000000000001
  endloop
endfacet
facet normal -2.59147e-16 3.74149e-16 -1
  outer loop
    vertex 109.6452457956385 93.44953190632762 2.200000000000001
    vertex 110.4047756200436 92.78867432945989 2.2
    vertex 109.6423542301534 92.26059886871415 2.2
  endloop
endfacet
facet normal -2.59147e-16 -3.74149e-16 -1
  outer loop
    vertex 109.6423542301545 35.66176040606445 2.2
    vertex 110.4047756200461 35.13368494532052 2.2
    vertex 109.6452457956391 34.47282736845044 2.200000000000001
  endloop
endfacet
facet normal 0 0 -1
  outer loop
    vertex 111.4547932396627 91.35307097900295 2.2
    vertex 112.097052395591 90.87139464259093 2.2
    vertex 111.7543955020762 90.24060250079242 2.2
  endloop
endfacet
facet normal 0 -0 -1
  outer loop
    vertex 111.7543955020763 37.68175677398493 2.2
    vertex 112.0970523955928 37.05096463218856 2.2
    vertex 111.4547932396624 36.56928829578087 2.2
  endloop
endfacet
facet normal -8.88178e-16 1.94344e-29 -1
  outer loop
    vertex 102.9043955020845 82.47062371179193 2.2
    vertex 102.4043955020844 81.49644244471813 2.2
    vertex 101.9043955020844 82.47062371179197 2.200000000000001
  endloop
endfacet
facet normal -8.88178e-16 2.59126e-29 -1
  outer loop
    vertex 102.9043955020838 53.24518569957704 2.2
    vertex 102.4043955020838 52.27100443250355 2.2
    vertex 101.9043955020838 53.2451856995777 2.200000000000001
  endloop
endfacet
facet normal -8.88178e-16 3.23907e-29 -1
  outer loop
    vertex 102.9043955020843 72.72881104105363 2.2
    vertex 102.4043955020842 71.75462977397993 2.2
    vertex 101.9043955020842 72.72881104105389 2.200000000000001
  endloop
endfacet
facet normal -8.88178e-16 3.23907e-29 -1
  outer loop
    vertex 102.9043955020844 78.57389864349662 2.2
    vertex 102.4043955020843 77.59971737642284 2.2
    vertex 101.9043955020844 78.57389864349673 2.200000000000001
  endloop
endfacet
facet normal -8.88178e-16 1.29563e-29 -1
  outer loop
    vertex 102.9043955020838 51.29682316542939 2.2
    vertex 102.4043955020838 50.32264189835592 2.2
    vertex 101.9043955020838 51.29682316543008 2.200000000000001
  endloop
endfacet
facet normal -8.88178e-16 1.29563e-29 -1
  outer loop
    vertex 102.904395502084 62.98699837031533 2.2
    vertex 102.404395502084 62.01281710324174 2.2
    vertex 101.904395502084 62.98699837031579 2.200000000000001
  endloop
endfacet
facet normal 4.37624e-16 1.91484e-16 -1
  outer loop
    vertex 113.0357633083659 89.1424514729915 2.2
    vertex 112.5600830481456 90.22958589156777 2.2
    vertex 113.5999136321272 90.17231741755957 2.200000000000001
  endloop
endfacet
facet normal 4.37624e-16 -1.91484e-16 -1
  outer loop
    vertex 113.5999136321295 37.75004185721931 2.200000000000001
    vertex 112.5600830481463 37.69277338321115 2.2
    vertex 113.0357633083655 38.77990780178787 2.2
  endloop
endfacet
facet normal 9.03323e-17 -3.22477e-16 -1
  outer loop
    vertex 109.380266030684 40.15920603792708 2.2
    vertex 108.0649929755859 39.79077131470894 2.2
    vertex 108.5765146537965 41.31117963738954 2.2
  endloop
endfacet
facet normal 9.03377e-17 3.22479e-16 -1
  outer loop
    vertex 108.5765146537944 86.61117963738955 2.2
    vertex 108.0649929755847 88.1315847603672 2.2
    vertex 109.380266030683 87.76313083893828 2.2
  endloop
endfacet
facet normal -0 0 -1
  outer loop
    vertex 111.0604286731503 92.29255797380625 2.2
    vertex 110.4108700242412 91.79760580495315 2.2
    vertex 110.4047756200436 92.78867432945989 2.2
  endloop
endfacet
facet normal 0 0 -1
  outer loop
    vertex 110.4047756200461 35.13368494532052 2.2
    vertex 110.4108700242422 36.12475346982725 2.2
    vertex 111.0604286731526 35.6298013009775 2.2
  endloop
endfacet
facet normal 9.85462e-30 -6.24111e-16 -1
  outer loop
    vertex 109.9543955020804 90.24060250079269 2.200000000000001
    vertex 110.4089677377311 90.95215693412415 2.2
    vertex 110.8543955020782 90.2406025007927 2.200000000000001
  endloop
endfacet
facet normal 0 6.24111e-16 -1
  outer loop
    vertex 110.8543955020782 37.68175677398446 2.200000000000001
    vertex 110.4089677377313 36.97020234065414 2.2
    vertex 109.9543955020804 37.68175677398446 2.200000000000001
  endloop
endfacet
facet normal -2.98324e-16 2.80308e-16 -1
  outer loop
    vertex 107.2457830599378 90.89585646716493 2.200000000000001
    vertex 107.4740595400774 89.55451526292541 2.2
    vertex 106.0460516920874 89.61901874758358 2.200000000000001
  endloop
endfacet
facet normal -2.98324e-16 -2.80308e-16 -1
  outer loop
    vertex 106.0460516920889 38.30334052719594 2.200000000000001
    vertex 107.4740595400787 38.36784401185243 2.2
    vertex 107.245783059939 37.0265028076141 2.200000000000001
  endloop
endfacet
facet normal -5.09007e-16 -2.93875e-16 -1
  outer loop
    vertex 110.8543955020782 39.24060250079268 2.200000000000001
    vertex 111.7219123204656 39.24916878832892 2.2
    vertex 111.3043955020771 38.46117963738857 2.200000000000001
  endloop
endfacet
facet normal -5.09007e-16 2.93875e-16 -1
  outer loop
    vertex 111.3043955020772 89.46117963738855 2.200000000000001
    vertex 111.7219123204657 88.67319048644801 2.2
    vertex 110.8543955020782 88.68175677398442 2.200000000000001
  endloop
endfacet
facet normal -2.4853e-16 -2.33522e-16 -1
  outer loop
    vertex 104.8463203242388 39.58017824677777 2.200000000000001
    vertex 106.525594465104 39.69468156242789 2.2
    vertex 106.0460516920889 38.30334052719594 2.200000000000001
  endloop
endfacet
facet normal -2.4853e-16 2.33522e-16 -1
  outer loop
    vertex 106.0460516920874 89.61901874758358 2.200000000000001
    vertex 106.5255944651017 88.22767771235071 2.2
    vertex 104.8463203242371 88.34218102800224 2.200000000000001
  endloop
endfacet
facet normal -4.93432e-16 2.84883e-16 -1
  outer loop
    vertex 111.3043955020771 38.46117963738857 2.200000000000001
    vertex 111.7543955020763 37.68175677398493 2.2
    vertex 110.8543955020782 37.68175677398446 2.200000000000001
  endloop
endfacet
facet normal -4.93432e-16 -2.84883e-16 -1
  outer loop
    vertex 110.8543955020782 90.2406025007927 2.200000000000001
    vertex 111.7543955020762 90.24060250079242 2.2
    vertex 111.3043955020772 89.46117963738855 2.200000000000001
  endloop
endfacet
facet normal -3.74693e-16 4.95752e-17 -1
  outer loop
    vertex 109.6423542301534 92.26059886871415 2.2
    vertex 109.4939006447062 91.1385757446114 2.2
    vertex 108.4455144277882 92.17269418674628 2.200000000000001
  endloop
endfacet
facet normal -3.74693e-16 -4.95752e-17 -1
  outer loop
    vertex 108.445514427789 35.74966508803227 2.200000000000001
    vertex 109.4939006447064 36.78378353016608 2.2
    vertex 109.6423542301545 35.66176040606445 2.2
  endloop
endfacet
facet normal -1.66562e-16 4.80558e-16 -1
  outer loop
    vertex 110.5226979962349 93.75365710836175 2.200000000000001
    vertex 110.4047756200436 92.78867432945989 2.2
    vertex 109.6452457956385 93.44953190632762 2.200000000000001
  endloop
endfacet
facet normal -1.66562e-16 -4.80558e-16 -1
  outer loop
    vertex 109.6452457956391 34.47282736845044 2.200000000000001
    vertex 110.4047756200461 35.13368494532052 2.2
    vertex 110.5226979962396 34.16870216641667 2.200000000000001
  endloop
endfacet
facet normal -2.44039e-16 -2.99386e-16 -1
  outer loop
    vertex 104.8463203242388 39.58017824677777 2.200000000000001
    vertex 105.6243338742833 40.42932759071638 2.2
    vertex 106.525594465104 39.69468156242789 2.2
  endloop
endfacet
facet normal -2.44039e-16 2.99386e-16 -1
  outer loop
    vertex 106.5255944651017 88.22767771235071 2.2
    vertex 105.6243338742806 87.49303168406288 2.2
    vertex 104.8463203242371 88.34218102800224 2.200000000000001
  endloop
endfacet
facet normal 1.73323e-17 -2.77671e-16 -1
  outer loop
    vertex 106.8005543710339 41.31117963738939 2.2
    vertex 108.0649929755859 39.79077131470894 2.2
    vertex 106.525594465104 39.69468156242789 2.2
  endloop
endfacet
facet normal 1.73329e-17 2.77671e-16 -1
  outer loop
    vertex 106.5255944651017 88.22767771235071 2.2
    vertex 108.0649929755847 88.1315847603672 2.2
    vertex 106.8005543710326 86.6111796373894 2.2
  endloop
endfacet
facet normal 6.12618e-17 -3.45647e-16 -1
  outer loop
    vertex 111.2733067230972 40.18958086248867 2.2
    vertex 110.3629677388998 40.02823430787817 2.2
    vertex 110.3524749365591 41.3111796373897 2.2
  endloop
endfacet
facet normal 6.12673e-17 3.4565e-16 -1
  outer loop
    vertex 110.3524749365563 86.6111796373897 2.2
    vertex 110.3629677388988 87.89411600773465 2.2
    vertex 111.2733067230962 87.73275601437645 2.2
  endloop
endfacet
facet normal 3.39318e-29 -3.85503e-16 -1
  outer loop
    vertex 110.3524749365591 41.3111796373897 2.2
    vertex 109.380266030684 40.15920603792708 2.2
    vertex 108.5765146537965 41.31117963738954 2.2
  endloop
endfacet
facet normal -3.08477e-29 3.8551e-16 -1
  outer loop
    vertex 108.5765146537944 86.61117963738955 2.2
    vertex 109.380266030683 87.76313083893828 2.2
    vertex 110.3524749365563 86.6111796373897 2.2
  endloop
endfacet
facet normal 5.15739e-16 -1.77702e-18 -1
  outer loop
    vertex 113.0414765435505 39.76050013801098 2.2
    vertex 113.0442035588529 40.55195229528961 2.2
    vertex 113.9043955020741 40.2959776120349 2.200000000000001
  endloop
endfacet
facet normal 5.15739e-16 1.77702e-18 -1
  outer loop
    vertex 113.9043955020751 87.6263816627453 2.200000000000001
    vertex 113.0442035588532 87.37040623289263 2.2
    vertex 113.0414765435521 88.16185913676803 2.2
  endloop
endfacet
facet normal -4.0901e-17 -3.64759e-16 -1
  outer loop
    vertex 112.1284352193216 41.31117963738986 2.2
    vertex 112.2423150272443 40.08092445162232 2.2
    vertex 111.2733067230972 40.18958086248867 2.2
  endloop
endfacet
facet normal -4.09083e-17 3.64761e-16 -1
  outer loop
    vertex 111.2733067230962 87.73275601437645 2.2
    vertex 112.2423150272456 87.84143109017 2.2
    vertex 112.1284352193181 86.61117963738985 2.2
  endloop
endfacet
facet normal 5.12975e-16 -2.98875e-18 -1
  outer loop
    vertex 113.9043955020741 39.2807755866798 2.200000000000001
    vertex 113.0357633083655 38.77990780178787 2.2
    vertex 113.0414765435505 39.76050013801098 2.2
  endloop
endfacet
facet normal 5.12975e-16 2.98875e-18 -1
  outer loop
    vertex 113.0414765435521 88.16185913676803 2.2
    vertex 113.0357633083659 89.1424514729915 2.2
    vertex 113.9043955020751 88.64158368810058 2.200000000000001
  endloop
endfacet
facet normal -3.01258e-16 2.15349e-16 -1
  outer loop
    vertex 107.4740595400774 89.55451526292541 2.2
    vertex 106.5255944651017 88.22767771235071 2.2
    vertex 106.0460516920874 89.61901874758358 2.200000000000001
  endloop
endfacet
facet normal -3.01258e-16 -2.15349e-16 -1
  outer loop
    vertex 106.0460516920889 38.30334052719594 2.200000000000001
    vertex 106.525594465104 39.69468156242789 2.2
    vertex 107.4740595400787 38.36784401185243 2.2
  endloop
endfacet
facet normal 0 0 -1
  outer loop
    vertex 107.4740595400774 89.55451526292541 2.2
    vertex 108.6043955020844 89.46117963738841 2.2
    vertex 108.0649929755847 88.1315847603672 2.2
  endloop
endfacet
facet normal 0 -0 -1
  outer loop
    vertex 108.0649929755859 39.79077131470894 2.2
    vertex 108.6043955020848 38.46117963738819 2.2
    vertex 107.4740595400787 38.36784401185243 2.2
  endloop
endfacet
facet normal 0 -0 -1
  outer loop
    vertex 112.1702083328308 38.49170108104398 2.2
    vertex 112.5600830481463 37.69277338321115 2.2
    vertex 111.7543955020763 37.68175677398493 2.2
  endloop
endfacet
facet normal 0 0 -1
  outer loop
    vertex 111.7543955020762 90.24060250079242 2.2
    vertex 112.5600830481456 90.22958589156777 2.2
    vertex 112.1702083328308 89.43065819373459 2.2
  endloop
endfacet
facet normal -1.36661e-16 -3.97769e-16 -1
  outer loop
    vertex 104.6928480275781 40.74935779238174 2.2
    vertex 105.6243338742833 40.42932759071638 2.2
    vertex 104.8463203242388 39.58017824677777 2.200000000000001
  endloop
endfacet
facet normal -1.36661e-16 3.97769e-16 -1
  outer loop
    vertex 104.8463203242371 88.34218102800224 2.200000000000001
    vertex 105.6243338742806 87.49303168406288 2.2
    vertex 104.6928480275765 87.17300148239764 2.2
  endloop
endfacet
facet normal -9.36597e-17 3.34486e-16 -1
  outer loop
    vertex 109.4939006447062 91.1385757446114 2.2
    vertex 108.4285237063961 90.8402582968116 2.2
    vertex 108.4455144277882 92.17269418674628 2.200000000000001
  endloop
endfacet
facet normal -9.36597e-17 -3.34486e-16 -1
  outer loop
    vertex 108.445514427789 35.74966508803227 2.200000000000001
    vertex 108.4285237063968 37.08210097796612 2.2
    vertex 109.4939006447064 36.78378353016608 2.2
  endloop
endfacet
facet normal -3.59592e-16 -3.37877e-16 -1
  outer loop
    vertex 107.245783059939 37.0265028076141 2.200000000000001
    vertex 108.4285237063968 37.08210097796612 2.2
    vertex 108.445514427789 35.74966508803227 2.200000000000001
  endloop
endfacet
facet normal -3.59592e-16 3.37877e-16 -1
  outer loop
    vertex 108.4455144277882 92.17269418674628 2.200000000000001
    vertex 108.4285237063961 90.8402582968116 2.2
    vertex 107.2457830599378 90.89585646716493 2.200000000000001
  endloop
endfacet
facet normal -5.02434e-16 2.97358e-16 -1
  outer loop
    vertex 111.3043955020772 89.46117963738855 2.200000000000001
    vertex 112.1702083328308 89.43065819373459 2.2
    vertex 111.7219123204657 88.67319048644801 2.2
  endloop
endfacet
facet normal -5.02434e-16 -2.97358e-16 -1
  outer loop
    vertex 111.7219123204656 39.24916878832892 2.2
    vertex 112.1702083328308 38.49170108104398 2.2
    vertex 111.3043955020771 38.46117963738857 2.200000000000001
  endloop
endfacet
facet normal 5.82752e-16 -3.36452e-16 -1
  outer loop
    vertex 109.5043955020815 89.46117963738855 2.200000000000001
    vertex 109.2028542946506 90.25881282539353 2.2
    vertex 109.9543955020804 90.24060250079269 2.200000000000001
  endloop
endfacet
facet normal 5.82752e-16 3.36452e-16 -1
  outer loop
    vertex 109.9543955020804 37.68175677398446 2.200000000000001
    vertex 109.2028542946508 37.66354644938357 2.2
    vertex 109.5043955020815 38.46117963738857 2.200000000000001
  endloop
endfacet
facet normal -4.99838e-16 7.32601e-16 -1
  outer loop
    vertex 103.6465889563867 87.06534330842089 2.200000000000001
    vertex 104.6928480275765 87.17300148239764 2.2
    vertex 104.2958251314981 86.29593930883935 2.2
  endloop
endfacet
facet normal -4.99838e-16 -7.32601e-16 -1
  outer loop
    vertex 104.2958251314985 41.62641996593916 2.2
    vertex 104.6928480275781 40.74935779238174 2.2
    vertex 103.6465889563888 40.8570159663596 2.200000000000001
  endloop
endfacet
facet normal -5.2237e-16 2.68176e-16 -1
  outer loop
    vertex 111.3043955020771 38.46117963738857 2.200000000000001
    vertex 112.1702083328308 38.49170108104398 2.2
    vertex 111.7543955020763 37.68175677398493 2.2
  endloop
endfacet
facet normal -5.2237e-16 -2.68176e-16 -1
  outer loop
    vertex 111.7543955020762 90.24060250079242 2.2
    vertex 112.1702083328308 89.43065819373459 2.2
    vertex 111.3043955020772 89.46117963738855 2.200000000000001
  endloop
endfacet
facet normal 0 0 -1
  outer loop
    vertex 109.4939006447062 91.1385757446114 2.2
    vertex 110.4108700242412 91.79760580495315 2.2
    vertex 110.4089677377311 90.95215693412415 2.2
  endloop
endfacet
facet normal 0 -0 -1
  outer loop
    vertex 110.4089677377313 36.97020234065414 2.2
    vertex 110.4108700242422 36.12475346982725 2.2
    vertex 109.4939006447064 36.78378353016608 2.2
  endloop
endfacet
facet normal -1.12503e-16 -5.52239e-16 -1
  outer loop
    vertex 109.9543955020804 90.24060250079269 2.200000000000001
    vertex 109.4939006447062 91.1385757446114 2.2
    vertex 110.4089677377311 90.95215693412415 2.2
  endloop
endfacet
facet normal -1.12503e-16 5.52239e-16 -1
  outer loop
    vertex 110.4089677377313 36.97020234065414 2.2
    vertex 109.4939006447064 36.78378353016608 2.2
    vertex 109.9543955020804 37.68175677398446 2.200000000000001
  endloop
endfacet
facet normal 5.19535e-16 2.99954e-16 -1
  outer loop
    vertex 109.9543955020804 88.68175677398442 2.200000000000001
    vertex 109.0935662663193 88.69223059618864 2.2
    vertex 109.5043955020815 89.46117963738855 2.200000000000001
  endloop
endfacet
facet normal 5.19535e-16 -2.99954e-16 -1
  outer loop
    vertex 109.5043955020815 38.46117963738857 2.200000000000001
    vertex 109.0935662663194 39.23012867858804 2.2
    vertex 109.9543955020804 39.24060250079268 2.200000000000001
  endloop
endfacet
facet normal 0 -0 -1
  outer loop
    vertex 109.6423542301534 92.26059886871415 2.2
    vertex 110.4108700242412 91.79760580495315 2.2
    vertex 109.4939006447062 91.1385757446114 2.2
  endloop
endfacet
facet normal 0 0 -1
  outer loop
    vertex 109.4939006447064 36.78378353016608 2.2
    vertex 110.4108700242422 36.12475346982725 2.2
    vertex 109.6423542301545 35.66176040606445 2.2
  endloop
endfacet
facet normal 0 -0 -1
  outer loop
    vertex 107.4740595400774 89.55451526292541 2.2
    vertex 108.0649929755847 88.1315847603672 2.2
    vertex 106.5255944651017 88.22767771235071 2.2
  endloop
endfacet
facet normal 0 0 -1
  outer loop
    vertex 106.525594465104 39.69468156242789 2.2
    vertex 108.0649929755859 39.79077131470894 2.2
    vertex 107.4740595400787 38.36784401185243 2.2
  endloop
endfacet
facet normal -5.09508e-16 -2.43051e-16 -1
  outer loop
    vertex 110.8543955020782 39.24060250079268 2.200000000000001
    vertex 111.2733067230972 40.18958086248867 2.2
    vertex 111.7219123204656 39.24916878832892 2.2
  endloop
endfacet
facet normal -5.09509e-16 2.43046e-16 -1
  outer loop
    vertex 111.7219123204657 88.67319048644801 2.2
    vertex 111.2733067230962 87.73275601437645 2.2
    vertex 110.8543955020782 88.68175677398442 2.200000000000001
  endloop
endfacet
facet normal 0 -0 -1
  outer loop
    vertex 110.4047756200436 92.78867432945989 2.2
    vertex 110.4108700242412 91.79760580495315 2.2
    vertex 109.6423542301534 92.26059886871415 2.2
  endloop
endfacet
facet normal 0 0 -1
  outer loop
    vertex 109.6423542301545 35.66176040606445 2.2
    vertex 110.4108700242422 36.12475346982725 2.2
    vertex 110.4047756200461 35.13368494532052 2.2
  endloop
endfacet
facet normal -1.96667e-16 2.41271e-16 -1
  outer loop
    vertex 106.8005543710326 86.6111796373894 2.2
    vertex 105.6243338742806 87.49303168406288 2.2
    vertex 106.5255944651017 88.22767771235071 2.2
  endloop
endfacet
facet normal -1.96667e-16 -2.41271e-16 -1
  outer loop
    vertex 106.525594465104 39.69468156242789 2.2
    vertex 105.6243338742833 40.42932759071638 2.2
    vertex 106.8005543710339 41.31117963738939 2.2
  endloop
endfacet
facet normal 0 5.63822e-16 -1
  outer loop
    vertex 110.8543955020782 88.68175677398442 2.200000000000001
    vertex 110.3629677388988 87.89411600773465 2.2
    vertex 109.9543955020804 88.68175677398442 2.200000000000001
  endloop
endfacet
facet normal 0 -5.63828e-16 -1
  outer loop
    vertex 109.9543955020804 39.24060250079268 2.200000000000001
    vertex 110.3629677388998 40.02823430787817 2.2
    vertex 110.8543955020782 39.24060250079268 2.200000000000001
  endloop
endfacet
facet normal -4.6184e-17 -3.46526e-16 -1
  outer loop
    vertex 110.3524749365591 41.3111796373897 2.2
    vertex 110.3629677388998 40.02823430787817 2.2
    vertex 109.380266030684 40.15920603792708 2.2
  endloop
endfacet
facet normal -4.61891e-17 3.46528e-16 -1
  outer loop
    vertex 109.380266030683 87.76313083893828 2.2
    vertex 110.3629677388988 87.89411600773465 2.2
    vertex 110.3524749365563 86.6111796373897 2.2
  endloop
endfacet
facet normal 0 0 -1
  outer loop
    vertex 111.7219123204656 39.24916878832892 2.2
    vertex 112.4743859149255 39.2869732754781 2.2
    vertex 112.1702083328308 38.49170108104398 2.2
  endloop
endfacet
facet normal 0 -0 -1
  outer loop
    vertex 112.1702083328308 89.43065819373459 2.2
    vertex 112.4743859149265 88.635385804956 2.2
    vertex 111.7219123204657 88.67319048644801 2.2
  endloop
endfacet
facet normal 5.86206e-16 -1.93931e-16 -1
  outer loop
    vertex 109.2028542946506 90.25881282539353 2.2
    vertex 109.4939006447062 91.1385757446114 2.2
    vertex 109.9543955020804 90.24060250079269 2.200000000000001
  endloop
endfacet
facet normal 5.86206e-16 1.93931e-16 -1
  outer loop
    vertex 109.9543955020804 37.68175677398446 2.200000000000001
    vertex 109.4939006447064 36.78378353016608 2.2
    vertex 109.2028542946508 37.66354644938357 2.2
  endloop
endfacet
facet normal -2.72354e-16 6.29625e-16 -1
  outer loop
    vertex 104.2958251314981 86.29593930883935 2.2
    vertex 104.6928480275765 87.17300148239764 2.2
    vertex 105.0245940882707 86.61117963738926 2.2
  endloop
endfacet
facet normal -2.72354e-16 -6.29625e-16 -1
  outer loop
    vertex 105.0245940882713 41.31117963738924 2.2
    vertex 104.6928480275781 40.74935779238174 2.2
    vertex 104.2958251314985 41.62641996593916 2.2
  endloop
endfacet
facet normal 5.1783e-16 -1.59795e-16 -1
  outer loop
    vertex 109.0935662663194 39.23012867858804 2.2
    vertex 109.380266030684 40.15920603792708 2.2
    vertex 109.9543955020804 39.24060250079268 2.200000000000001
  endloop
endfacet
facet normal 5.1783e-16 1.59791e-16 -1
  outer loop
    vertex 109.9543955020804 88.68175677398442 2.200000000000001
    vertex 109.380266030683 87.76313083893828 2.2
    vertex 109.0935662663193 88.69223059618864 2.2
  endloop
endfacet
facet normal 0 0 -1
  outer loop
    vertex 112.1702083328308 38.49170108104398 2.2
    vertex 112.4743859149255 39.2869732754781 2.2
    vertex 113.0357633083655 38.77990780178787 2.2
  endloop
endfacet
facet normal -0 0 -1
  outer loop
    vertex 113.0357633083659 89.1424514729915 2.2
    vertex 112.4743859149265 88.635385804956 2.2
    vertex 112.1702083328308 89.43065819373459 2.2
  endloop
endfacet
facet normal 0 0 -1
  outer loop
    vertex 113.0357633083655 38.77990780178787 2.2
    vertex 112.4743859149255 39.2869732754781 2.2
    vertex 113.0414765435505 39.76050013801098 2.2
  endloop
endfacet
facet normal 0 0 -1
  outer loop
    vertex 113.0414765435521 88.16185913676803 2.2
    vertex 112.4743859149265 88.635385804956 2.2
    vertex 113.0357633083659 89.1424514729915 2.2
  endloop
endfacet
facet normal 4.93432e-16 -3.70219e-16 -1
  outer loop
    vertex 109.5043955020815 89.46117963738855 2.200000000000001
    vertex 108.6043955020844 89.46117963738841 2.2
    vertex 109.2028542946506 90.25881282539353 2.2
  endloop
endfacet
facet normal 4.93432e-16 3.70219e-16 -1
  outer loop
    vertex 109.2028542946508 37.66354644938357 2.2
    vertex 108.6043955020848 38.46117963738819 2.2
    vertex 109.5043955020815 38.46117963738857 2.200000000000001
  endloop
endfacet
facet normal 4.93432e-16 3.139e-16 -1
  outer loop
    vertex 109.0935662663193 88.69223059618864 2.2
    vertex 108.6043955020844 89.46117963738841 2.2
    vertex 109.5043955020815 89.46117963738855 2.200000000000001
  endloop
endfacet
facet normal 4.93432e-16 -3.139e-16 -1
  outer loop
    vertex 109.5043955020815 38.46117963738857 2.200000000000001
    vertex 108.6043955020848 38.46117963738819 2.2
    vertex 109.0935662663194 39.23012867858804 2.2
  endloop
endfacet
facet normal 0 -0 -1
  outer loop
    vertex 111.7219123204657 88.67319048644801 2.2
    vertex 112.2423150272456 87.84143109017 2.2
    vertex 111.2733067230962 87.73275601437645 2.2
  endloop
endfacet
facet normal 0 0 -1
  outer loop
    vertex 111.2733067230972 40.18958086248867 2.2
    vertex 112.2423150272443 40.08092445162232 2.2
    vertex 111.7219123204656 39.24916878832892 2.2
  endloop
endfacet
facet normal 2.01101e-16 -3.42358e-16 -1
  outer loop
    vertex 112.1284352193216 41.31117963738986 2.2
    vertex 113.0442035588529 40.55195229528961 2.2
    vertex 112.2423150272443 40.08092445162232 2.2
  endloop
endfacet
facet normal 2.011e-16 3.42359e-16 -1
  outer loop
    vertex 112.2423150272456 87.84143109017 2.2
    vertex 113.0442035588532 87.37040623289263 2.2
    vertex 112.1284352193181 86.61117963738985 2.2
  endloop
endfacet
facet normal 0 0 -1
  outer loop
    vertex 109.2028542946506 90.25881282539353 2.2
    vertex 108.4285237063961 90.8402582968116 2.2
    vertex 109.4939006447062 91.1385757446114 2.2
  endloop
endfacet
facet normal 0 0 -1
  outer loop
    vertex 109.4939006447064 36.78378353016608 2.2
    vertex 108.4285237063968 37.08210097796612 2.2
    vertex 109.2028542946508 37.66354644938357 2.2
  endloop
endfacet
facet normal 8.99871e-17 5.07677e-16 -1
  outer loop
    vertex 111.2733067230962 87.73275601437645 2.2
    vertex 110.3629677388988 87.89411600773465 2.2
    vertex 110.8543955020782 88.68175677398442 2.200000000000001
  endloop
endfacet
facet normal 8.99813e-17 -5.07686e-16 -1
  outer loop
    vertex 110.8543955020782 39.24060250079268 2.200000000000001
    vertex 110.3629677388998 40.02823430787817 2.2
    vertex 111.2733067230972 40.18958086248867 2.2
  endloop
endfacet
facet normal 0 -0 -1
  outer loop
    vertex 113.0414765435521 88.16185913676803 2.2
    vertex 113.0442035588532 87.37040623289263 2.2
    vertex 112.2423150272456 87.84143109017 2.2
  endloop
endfacet
facet normal 0 0 -1
  outer loop
    vertex 112.2423150272443 40.08092445162232 2.2
    vertex 113.0442035588529 40.55195229528961 2.2
    vertex 113.0414765435505 39.76050013801098 2.2
  endloop
endfacet
facet normal 0 0 -1
  outer loop
    vertex 111.7219123204657 88.67319048644801 2.2
    vertex 112.4743859149265 88.635385804956 2.2
    vertex 112.2423150272456 87.84143109017 2.2
  endloop
endfacet
facet normal 0 -0 -1
  outer loop
    vertex 112.2423150272443 40.08092445162232 2.2
    vertex 112.4743859149255 39.2869732754781 2.2
    vertex 111.7219123204656 39.24916878832892 2.2
  endloop
endfacet
facet normal -7.02922e-17 5.27359e-16 -1
  outer loop
    vertex 109.9543955020804 88.68175677398442 2.200000000000001
    vertex 110.3629677388988 87.89411600773465 2.2
    vertex 109.380266030683 87.76313083893828 2.2
  endloop
endfacet
facet normal -7.02862e-17 -5.27369e-16 -1
  outer loop
    vertex 109.380266030684 40.15920603792708 2.2
    vertex 110.3629677388998 40.02823430787817 2.2
    vertex 109.9543955020804 39.24060250079268 2.200000000000001
  endloop
endfacet
facet normal 0 0 -1
  outer loop
    vertex 112.5600830481463 37.69277338321115 2.2
    vertex 112.0970523955928 37.05096463218856 2.2
    vertex 111.7543955020763 37.68175677398493 2.2
  endloop
endfacet
facet normal 0 0 -1
  outer loop
    vertex 111.7543955020762 90.24060250079242 2.2
    vertex 112.097052395591 90.87139464259093 2.2
    vertex 112.5600830481456 90.22958589156777 2.2
  endloop
endfacet
facet normal 0 0 -1
  outer loop
    vertex 112.2423150272456 87.84143109017 2.2
    vertex 112.4743859149265 88.635385804956 2.2
    vertex 113.0414765435521 88.16185913676803 2.2
  endloop
endfacet
facet normal -0 0 -1
  outer loop
    vertex 113.0414765435505 39.76050013801098 2.2
    vertex 112.4743859149255 39.2869732754781 2.2
    vertex 112.2423150272443 40.08092445162232 2.2
  endloop
endfacet
facet normal 4.15954e-16 -3.00089e-16 -1
  outer loop
    vertex 112.7328226268307 36.45234846193353 2.200000000000001
    vertex 112.0970523955928 37.05096463218856 2.2
    vertex 112.5600830481463 37.69277338321115 2.2
  endloop
endfacet
facet normal 4.15954e-16 3.00089e-16 -1
  outer loop
    vertex 112.5600830481456 90.22958589156777 2.2
    vertex 112.097052395591 90.87139464259093 2.2
    vertex 112.7328226268296 91.47001081284478 2.200000000000001
  endloop
endfacet
facet normal -6.47277e-16 6.08189e-16 -1
  outer loop
    vertex 103.6465889563867 87.06534330842089 2.200000000000001
    vertex 103.3912245554329 86.0633835308723 2.2
    vertex 102.4468575885364 85.78850558883954 2.200000000000001
  endloop
endfacet
facet normal -8.88178e-16 -4.5347e-28 -1
  outer loop
    vertex 101.9043955020834 84.41898624593959 2.200000000000001
    vertex 102.4043955020841 83.44480497886576 2.2
    vertex 101.9043955020844 82.47062371179197 2.200000000000001
  endloop
endfacet
facet normal -8.88178e-16 1.94344e-29 -1
  outer loop
    vertex 101.9043955020837 45.45173556298723 2.200000000000001
    vertex 102.4043955020837 44.47755429591302 2.2
    vertex 101.9043955020836 43.50337302883961 2.200000000000001
  endloop
endfacet
facet normal -6.47277e-16 -6.08189e-16 -1
  outer loop
    vertex 102.4468575885373 42.13385368594005 2.200000000000001
    vertex 103.3912245554336 41.85897574390724 2.2
    vertex 103.6465889563888 40.8570159663596 2.200000000000001
  endloop
endfacet
facet normal -6.47277e-16 6.08189e-16 -1
  outer loop
    vertex 103.1756265453105 85.10374591738945 2.2
    vertex 103.3912245554329 86.0633835308723 2.2
    vertex 104.2958251314981 86.29593930883935 2.2
  endloop
endfacet
facet normal -8.88178e-16 -2.20257e-28 -1
  outer loop
    vertex 102.9043955020845 82.47062371179193 2.2
    vertex 102.4043955020841 83.44480497886576 2.2
    vertex 102.904395502084 84.41898624593959 2.2
  endloop
endfacet
facet normal -8.88178e-16 1.94344e-29 -1
  outer loop
    vertex 102.9043955020836 43.50337302883879 2.2
    vertex 102.4043955020837 44.47755429591302 2.2
    vertex 102.9043955020837 45.45173556298644 2.2
  endloop
endfacet
facet normal -6.47277e-16 -6.08189e-16 -1
  outer loop
    vertex 104.2958251314985 41.62641996593916 2.2
    vertex 103.3912245554336 41.85897574390724 2.2
    vertex 103.17562654531 42.81861335739013 2.2
  endloop
endfacet
facet normal -4.69885e-16 4.41509e-16 -1
  outer loop
    vertex 104.8463203242371 88.34218102800224 2.200000000000001
    vertex 104.6928480275765 87.17300148239764 2.2
    vertex 103.6465889563867 87.06534330842089 2.200000000000001
  endloop
endfacet
facet normal -8.88178e-16 1.94344e-29 -1
  outer loop
    vertex 101.9043955020837 47.40009809713484 2.200000000000001
    vertex 102.4043955020837 46.42591683006065 2.2
    vertex 101.9043955020837 45.45173556298723 2.200000000000001
  endloop
endfacet
facet normal -8.88178e-16 1.29563e-29 -1
  outer loop
    vertex 101.9043955020838 49.34846063128246 2.200000000000001
    vertex 102.4043955020838 48.3742793642083 2.2
    vertex 101.9043955020837 47.40009809713484 2.200000000000001
  endloop
endfacet
facet normal -8.88178e-16 1.94344e-29 -1
  outer loop
    vertex 101.9043955020838 51.29682316543008 2.200000000000001
    vertex 102.4043955020838 50.32264189835592 2.2
    vertex 101.9043955020838 49.34846063128246 2.200000000000001
  endloop
endfacet
facet normal -8.88178e-16 1.94344e-29 -1
  outer loop
    vertex 101.9043955020838 53.2451856995777 2.200000000000001
    vertex 102.4043955020838 52.27100443250355 2.2
    vertex 101.9043955020838 51.29682316543008 2.200000000000001
  endloop
endfacet
facet normal -8.88178e-16 1.94344e-29 -1
  outer loop
    vertex 101.9043955020839 55.19354823372532 2.200000000000001
    vertex 102.4043955020839 54.21936696665119 2.2
    vertex 101.9043955020838 53.2451856995777 2.200000000000001
  endloop
endfacet
facet normal -8.88178e-16 1.94344e-29 -1
  outer loop
    vertex 101.9043955020839 57.14191076787294 2.200000000000001
    vertex 102.4043955020839 56.16772950079883 2.2
    vertex 101.9043955020839 55.19354823372532 2.200000000000001
  endloop
endfacet
facet normal -8.88178e-16 1.29563e-29 -1
  outer loop
    vertex 101.904395502084 59.09027330202056 2.200000000000001
    vertex 102.4043955020839 58.11609203494645 2.2
    vertex 101.9043955020839 57.14191076787294 2.200000000000001
  endloop
endfacet
facet normal -8.88178e-16 1.94344e-29 -1
  outer loop
    vertex 101.904395502084 61.03863583616818 2.200000000000001
    vertex 102.404395502084 60.0644545690941 2.2
    vertex 101.904395502084 59.09027330202056 2.200000000000001
  endloop
endfacet
facet normal -8.88178e-16 1.94344e-29 -1
  outer loop
    vertex 101.904395502084 62.98699837031579 2.200000000000001
    vertex 102.404395502084 62.01281710324174 2.2
    vertex 101.904395502084 61.03863583616818 2.200000000000001
  endloop
endfacet
facet normal -8.88178e-16 1.94344e-29 -1
  outer loop
    vertex 101.9043955020841 64.93536090446341 2.200000000000001
    vertex 102.4043955020841 63.96117963738938 2.2
    vertex 101.904395502084 62.98699837031579 2.200000000000001
  endloop
endfacet
facet normal -8.88178e-16 1.29563e-29 -1
  outer loop
    vertex 101.9043955020841 66.88372343861103 2.200000000000001
    vertex 102.4043955020841 65.90954217153701 2.2
    vertex 101.9043955020841 64.93536090446341 2.200000000000001
  endloop
endfacet
facet normal -8.88178e-16 1.94344e-29 -1
  outer loop
    vertex 101.9043955020842 68.83208597275865 2.200000000000001
    vertex 102.4043955020841 67.85790470568466 2.2
    vertex 101.9043955020841 66.88372343861103 2.200000000000001
  endloop
endfacet
facet normal -8.88178e-16 1.94344e-29 -1
  outer loop
    vertex 101.9043955020842 70.78044850690627 2.200000000000001
    vertex 102.4043955020842 69.80626723983229 2.2
    vertex 101.9043955020842 68.83208597275865 2.200000000000001
  endloop
endfacet
facet normal -8.88178e-16 1.94344e-29 -1
  outer loop
    vertex 101.9043955020842 72.72881104105389 2.200000000000001
    vertex 102.4043955020842 71.75462977397993 2.2
    vertex 101.9043955020842 70.78044850690627 2.200000000000001
  endloop
endfacet
facet normal -8.88178e-16 1.94344e-29 -1
  outer loop
    vertex 101.9043955020843 74.67717357520149 2.200000000000001
    vertex 102.4043955020843 73.70299230812756 2.2
    vertex 101.9043955020842 72.72881104105389 2.200000000000001
  endloop
endfacet
facet normal -8.88178e-16 1.29563e-29 -1
  outer loop
    vertex 101.9043955020843 76.62553610934913 2.200000000000001
    vertex 102.4043955020843 75.65135484227521 2.2
    vertex 101.9043955020843 74.67717357520149 2.200000000000001
  endloop
endfacet
facet normal -8.88178e-16 1.94344e-29 -1
  outer loop
    vertex 101.9043955020844 78.57389864349673 2.200000000000001
    vertex 102.4043955020843 77.59971737642284 2.2
    vertex 101.9043955020843 76.62553610934913 2.200000000000001
  endloop
endfacet
facet normal -8.88178e-16 1.94344e-29 -1
  outer loop
    vertex 101.9043955020844 80.52226117764435 2.200000000000001
    vertex 102.4043955020844 79.54807991057051 2.2
    vertex 101.9043955020844 78.57389864349673 2.200000000000001
  endloop
endfacet
facet normal -8.88178e-16 1.94344e-29 -1
  outer loop
    vertex 101.9043955020844 82.47062371179197 2.200000000000001
    vertex 102.4043955020844 81.49644244471813 2.2
    vertex 101.9043955020844 80.52226117764435 2.200000000000001
  endloop
endfacet
facet normal -4.69885e-16 -4.41509e-16 -1
  outer loop
    vertex 103.6465889563888 40.8570159663596 2.200000000000001
    vertex 104.6928480275781 40.74935779238174 2.2
    vertex 104.8463203242388 39.58017824677777 2.200000000000001
  endloop
endfacet
facet normal -8.88178e-16 1.94344e-29 -1
  outer loop
    vertex 102.9043955020844 80.52226117764427 2.2
    vertex 102.4043955020844 81.49644244471813 2.2
    vertex 102.9043955020845 82.47062371179193 2.2
  endloop
endfacet
facet normal -8.88178e-16 1.94344e-29 -1
  outer loop
    vertex 102.9043955020844 78.57389864349662 2.2
    vertex 102.4043955020844 79.54807991057051 2.2
    vertex 102.9043955020844 80.52226117764427 2.2
  endloop
endfacet
facet normal -8.88178e-16 1.94344e-29 -1
  outer loop
    vertex 102.9043955020843 76.62553610934896 2.2
    vertex 102.4043955020843 77.59971737642284 2.2
    vertex 102.9043955020844 78.57389864349662 2.2
  endloop
endfacet
facet normal -8.88178e-16 1.94344e-29 -1
  outer loop
    vertex 102.9043955020843 74.67717357520129 2.2
    vertex 102.4043955020843 75.65135484227521 2.2
    vertex 102.9043955020843 76.62553610934896 2.2
  endloop
endfacet
facet normal -8.88178e-16 1.29563e-29 -1
  outer loop
    vertex 102.9043955020843 72.72881104105363 2.2
    vertex 102.4043955020843 73.70299230812756 2.2
    vertex 102.9043955020843 74.67717357520129 2.2
  endloop
endfacet
facet normal -8.88178e-16 1.94344e-29 -1
  outer loop
    vertex 102.9043955020842 70.78044850690597 2.2
    vertex 102.4043955020842 71.75462977397993 2.2
    vertex 102.9043955020843 72.72881104105363 2.2
  endloop
endfacet
facet normal -8.88178e-16 1.94344e-29 -1
  outer loop
    vertex 102.9043955020842 68.83208597275831 2.2
    vertex 102.4043955020842 69.80626723983229 2.2
    vertex 102.9043955020842 70.78044850690597 2.2
  endloop
endfacet
facet normal -8.88178e-16 1.94344e-29 -1
  outer loop
    vertex 102.9043955020841 66.88372343861064 2.2
    vertex 102.4043955020841 67.85790470568466 2.2
    vertex 102.9043955020842 68.83208597275831 2.2
  endloop
endfacet
facet normal -8.88178e-16 1.94344e-29 -1
  outer loop
    vertex 102.9043955020841 64.93536090446298 2.2
    vertex 102.4043955020841 65.90954217153701 2.2
    vertex 102.9043955020841 66.88372343861064 2.2
  endloop
endfacet
facet normal -8.88178e-16 1.94344e-29 -1
  outer loop
    vertex 102.904395502084 62.98699837031533 2.2
    vertex 102.4043955020841 63.96117963738938 2.2
    vertex 102.9043955020841 64.93536090446298 2.2
  endloop
endfacet
facet normal -8.88178e-16 1.29563e-29 -1
  outer loop
    vertex 102.904395502084 61.03863583616766 2.2
    vertex 102.404395502084 62.01281710324174 2.2
    vertex 102.904395502084 62.98699837031533 2.2
  endloop
endfacet
facet normal -8.88178e-16 1.94344e-29 -1
  outer loop
    vertex 102.904395502084 59.09027330202 2.2
    vertex 102.404395502084 60.0644545690941 2.2
    vertex 102.904395502084 61.03863583616766 2.2
  endloop
endfacet
facet normal -8.88178e-16 1.94344e-29 -1
  outer loop
    vertex 102.9043955020839 57.14191076787235 2.2
    vertex 102.4043955020839 58.11609203494645 2.2
    vertex 102.904395502084 59.09027330202 2.2
  endloop
endfacet
facet normal -8.88178e-16 1.94344e-29 -1
  outer loop
    vertex 102.9043955020839 55.19354823372469 2.2
    vertex 102.4043955020839 56.16772950079883 2.2
    vertex 102.9043955020839 57.14191076787235 2.2
  endloop
endfacet
facet normal -8.88178e-16 1.94344e-29 -1
  outer loop
    vertex 102.9043955020838 53.24518569957704 2.2
    vertex 102.4043955020839 54.21936696665119 2.2
    vertex 102.9043955020839 55.19354823372469 2.2
  endloop
endfacet
facet normal -8.88178e-16 1.94344e-29 -1
  outer loop
    vertex 102.9043955020838 51.29682316542939 2.2
    vertex 102.4043955020838 52.27100443250355 2.2
    vertex 102.9043955020838 53.24518569957704 2.2
  endloop
endfacet
facet normal -8.88178e-16 1.29563e-29 -1
  outer loop
    vertex 102.9043955020838 49.34846063128174 2.2
    vertex 102.4043955020838 50.32264189835592 2.2
    vertex 102.9043955020838 51.29682316542939 2.2
  endloop
endfacet
facet normal -8.88178e-16 1.94344e-29 -1
  outer loop
    vertex 102.9043955020837 47.4000980971341 2.2
    vertex 102.4043955020838 48.3742793642083 2.2
    vertex 102.9043955020838 49.34846063128174 2.2
  endloop
endfacet
facet normal -8.88178e-16 1.94344e-29 -1
  outer loop
    vertex 102.9043955020837 45.45173556298644 2.2
    vertex 102.4043955020837 46.42591683006065 2.2
    vertex 102.9043955020837 47.4000980971341 2.2
  endloop
endfacet
facet normal -8.88178e-16 3.51805e-16 -1
  outer loop
    vertex 101.9043955020834 84.41898624593959 2.200000000000001
    vertex 102.4468575885364 85.78850558883954 2.200000000000001
    vertex 103.1756265453105 85.10374591738945 2.2
  endloop
endfacet
facet normal -8.88178e-16 3.51805e-16 -1
  outer loop
    vertex 101.9043955020834 84.41898624593959 2.200000000000001
    vertex 103.1756265453105 85.10374591738945 2.2
    vertex 102.904395502084 84.41898624593959 2.2
  endloop
endfacet
facet normal -8.88178e-16 -3.51805e-16 -1
  outer loop
    vertex 102.4468575885373 42.13385368594005 2.200000000000001
    vertex 101.9043955020836 43.50337302883961 2.200000000000001
    vertex 103.17562654531 42.81861335739013 2.2
  endloop
endfacet
facet normal -8.88178e-16 -3.51805e-16 -1
  outer loop
    vertex 101.9043955020836 43.50337302883961 2.200000000000001
    vertex 102.9043955020836 43.50337302883879 2.2
    vertex 103.17562654531 42.81861335739013 2.2
  endloop
endfacet
endsolid Created by Gmsh
